0,9.4073,37.382,9.414,8.4382,9.3248,8.7224,8.1554,8.3513,9.3366,8.8288,8.976,9.1445,11.585,9.1492,9.3376,11.219,7.9954,26.778,9.0087,9.4692,12.535,8.6598,24.678,8.8108,8.0541,8.3053,8.1929,16.394,8.2871,9.1777,14,15.199,11.801,12.399,9.2593,7.6194,10.185,9.0625,8.9788,10.967,11.69,12.829,11.839,9.8356,10.865,9.4434,12.927,10.128,11.409,12.088,14.469,10.927,9.6249,10.666,9.0077,10.346,13.517,9.9901,14.512,12.924,9.4161,14.068,9.2504,10.757,8.9651
9.4073,0,35.948,7.3483,6.4849,6.4355,6.2665,6.5303,6.8175,6.3551,6.2734,5.6613,8.5859,9.3737,6.3817,6.5568,10.272,6.2121,30.858,6.6249,6.924,11.512,7.3078,24.102,5.2201,6.1727,6.5768,7.1845,13.133,6.2056,7.1802,12.409,13.458,9.0447,11.365,6.4719,5.7802,10.43,7.0856,8.4743,7.1357,13.94,12.456,13.143,8.7507,6.9992,7.5931,16.114,7.3275,8.9792,10.797,11.564,11.252,8.9656,8.2072,7.5019,8.1116,13.83,8.4417,14.619,13.553,7.5653,13.384,8.4544,10.499,7.3862
37.382,35.948,0,30.928,31.575,32.098,32.336,31.963,31.903,32.136,32.391,31.359,33.877,29.723,32,31.636,31.106,30.236,50.192,32.109,30.487,28.32,33.109,30.911,32.636,31.525,32.111,32.649,27.346,31.809,31.293,27.129,26.967,32.706,33.178,30.768,31.361,32.233,31.921,31.373,31.226,30.603,32.574,33.184,30.831,31.571,30.659,31.094,30.889,31.256,31.666,30.252,33.147,32.158,30.748,30.568,30.968,31.84,31.842,31.845,31.905,30.303,33.763,31.677,33.223,31.64
9.414,7.3483,30.928,0,8.3274,7.0162,5.898,7.4415,10.658,6.89,8.8538,7.0202,9.086,11.614,6.613,5.594,7.3269,4.8986,30.423,6.8928,6.3372,12.67,8.0093,24.044,7.5827,6.1154,6.9792,7.7759,13.109,6.0292,8.0466,13.184,15.085,10.55,11.713,9.1248,8.8778,11.335,7.6367,8.8387,9.8853,11.765,12.526,12.196,10.443,10.876,6.6989,11.964,11.464,12.857,9.7717,9.6263,12.191,12.536,10.207,7.9996,8.4715,14.455,9.0826,14.722,14.432,8.4337,13.46,9.9178,9.2043,9.2894
8.4382,6.4849,31.575,8.3274,0,6.8106,5.623,6.469,7.0667,7.3749,7.9038,5.8907,7.5111,12.039,5.7992,6.9618,10.765,6.5383,30.546,8.1676,6.1347,12.623,7.5401,23.313,7.4764,6.105,6.6481,6.96,17.3,6.5814,8.3127,14.579,16.29,10.219,11.815,6.6825,6.3797,11.162,6.7067,8.9192,9.2772,10.392,12.205,11.716,9.7666,7.4713,8.5638,13.127,8.3032,9.9613,10.654,10.609,11.998,10.364,7.909,8.6632,9.2171,13.303,8.2717,13.576,13.382,7.1547,13.061,8.5512,9.8516,9.8167
9.3248,6.4355,32.098,7.0162,6.8106,0,6.5542,7.5715,8.9576,7.1443,9.438,6.4163,9.4915,9.8141,5.4998,5.8287,8.6095,5.9372,27.752,7.7549,5.8469,10.506,7.8952,24.178,7.311,6.3124,7.0633,7.5106,15.091,6.2141,7.7536,11.949,13.545,11.428,12.313,7.2793,7.1723,11.381,6.5099,8.3229,8.9694,15.971,13.591,13.168,10.182,8.0232,6.2447,18.934,9.1434,11.31,10.527,13.259,13.018,10.364,8.1426,8.6241,7.3263,14.686,9.9079,15.109,13.822,7.2807,14.861,9.782,11.188,10.031
8.7224,6.2665,32.336,5.898,5.623,6.5542,0,7.0508,8.3375,6.3929,8.2136,5.3383,7.0928,9.0606,5.5236,6.0253,9.4213,5.8114,26.223,6.8761,5.6099,10.219,6.6999,30.414,6.8285,4.5846,6.4329,7.6924,14.535,6.2573,8.6495,13.087,14.305,10.762,11.912,6.4087,7.1996,10.379,6.4655,8.7145,11.244,11.895,12.282,12.117,12.788,7.8594,7.2534,13.989,10.866,9.0205,10.308,9.2567,12.247,10.778,6.9533,8.0224,8.8591,13.984,9.3352,14.358,14.982,9.1913,13.264,8.9477,10.057,9.7843
8.1554,6.5303,31.963,7.4415,6.469,7.5715,7.0508,0,8.576,6.7491,6.6573,6.7215,7.1213,12.528,8.0256,7.854,11.066,6.8629,26.647,6.6937,9.2078,12.496,6.2217,25.189,7.2936,6.7358,5.0296,5.837,15.12,7.0348,9.0242,13.856,16.127,8.8249,8.518,7.124,7.247,7.733,10.212,7.1705,6.5042,11.092,10.998,10.75,7.6282,9.3749,9.0477,12.298,12.223,12.564,11.832,12.181,9.0002,11.711,11.638,7.6043,9.1375,12.023,6.399,11.613,12.156,9.2038,11.518,6.5264,11.244,6.803
8.3513,6.8175,31.903,10.658,7.0667,8.9576,8.3375,8.576,0,9.2408,6.9981,8.1354,8.018,11.875,8.1428,9.0366,13.349,9.3759,27.002,8.7195,9.5866,12.506,8.194,23.667,8.5603,8.0045,7.6204,7.5814,18.089,9.2757,9.3059,14.83,14.866,9.0422,10.749,8.4435,7.7213,7.9896,9.3617,9.8261,6.806,10.154,11.783,11.029,9.0101,6.8437,9.8574,12.44,9.6604,10.015,10.618,11.285,9.2438,9.1152,9.119,7.8991,10.752,12.793,8.4511,13.368,12.326,9.7531,11.882,8.4715,11.478,7.6237
9.3366,6.3551,32.136,6.89,7.3749,7.1443,6.3929,6.7491,9.2408,0,10.177,5.6918,7.7404,10.551,7.0845,6.8717,10.472,6.8309,30.619,6.5903,7.4909,12.677,6.3103,27.502,6.9797,6.7543,5.8395,6.9424,17.39,5.0922,9.6064,14.59,16.539,9.4502,9.2696,11.991,8.2173,10.5,10.036,10.547,11.289,12.845,11.657,11.207,10.674,13.754,10.473,11.822,15.394,15.155,11.26,13.012,10.235,13.409,13.939,12.193,9.847,12.245,8.3538,12.731,13.354,11.179,11.26,9.3126,10.695,10.192
8.8288,6.2734,32.391,8.8538,7.9038,9.438,8.2136,6.6573,6.9981,10.177,0,9.0256,7.4627,11.499,8.2337,8.5888,11.043,8.3276,26.656,7.9289,11.216,12.333,7.3166,26.271,6.3258,7.9469,8.1295,7.334,19.27,8.3,9.3645,13.422,13.814,7.6809,9.5781,7.3169,8.049,8.6389,9.1776,10.636,7.6646,11.116,11.499,11.728,9.7431,8.0648,10.023,9.9571,8.7545,9.2968,12.149,12.242,11.374,9.3755,10.695,8.2964,10.071,13.645,9.2072,13.352,15.363,9.2124,12.459,8.7737,10.496,6.9927
8.976,5.6613,31.359,7.0202,5.8907,6.4163,5.3383,6.7215,8.1354,5.6918,9.0256,0,7.5574,9.5648,5.3186,6.5166,9.0393,5.2889,27.429,6.8875,5.475,10.358,6.7208,26.61,6.023,4.7449,5.9093,6.8661,13.515,6.2423,8.0443,11.175,13.156,8.9076,10.581,5.9485,5.4829,9.7195,7.6215,8.0272,8.7476,12.85,12.858,12.921,11.41,7.4802,7.3805,14.884,11.718,9.4993,11.004,9.9849,11.642,11.568,7.6566,7.3979,7.3384,13.675,8.5688,13.875,15.353,7.8023,13.281,8.5099,10.116,9.4122
9.1445,8.5859,33.877,9.086,7.5111,9.4915,7.0928,7.1213,8.018,7.7404,7.4627,7.5574,0,13.754,11.146,9.3854,12.187,9.45,24.498,8.7227,11.097,16.44,5.7964,27.676,8.7234,9.7125,6.3992,6.5667,16.818,8.3743,11.855,17.182,17.997,9.0854,8.9628,12.676,9.8064,8.648,11.924,12.375,11.385,14.542,11.131,11.388,10.867,14.201,11.668,12.266,14.649,15.927,11.459,17.324,10.667,16.256,14.405,12.528,12.465,12.599,11.678,12.46,14.082,13.48,11.559,11.633,11.553,11.385
11.585,9.3737,29.723,11.614,12.039,9.8141,9.0606,12.528,11.875,10.551,11.499,9.5648,13.754,0,10.526,11.343,10.4,10.901,29.981,11.554,10.583,8.1867,12.352,25.124,11.559,10.805,11.975,12.067,13.247,11.568,10.642,8.8264,10.292,13.907,15.645,11.094,10.693,14.74,11.154,11.816,12.504,16.259,17.628,16.216,13.003,11.428,11.943,18.226,11.019,12.778,12.932,14.27,16.217,12.616,10.656,12.116,12.61,18.965,13.325,19.25,16.249,12.309,17.536,13.207,13.963,12.939
9.1492,6.3817,32,6.613,5.7992,5.4998,5.5236,8.0256,8.1428,7.0845,8.2337,5.3186,11.146,10.526,0,5.6383,9.0372,5.0896,27.629,7.4988,4.7644,9.5791,7.6083,27.474,6.7887,4.2914,6.7104,7.3837,12.052,6.0208,7.2607,11.281,12.378,10.222,12.222,4.9374,5.5008,10.826,5.3887,8.298,8.4778,10.798,13.653,13.321,9.4087,6.5529,6.0971,13.963,6.9445,8.21,10.192,8.9618,12.415,10.491,6.5588,7.1598,7.2802,14.194,9.3456,14.895,14.847,6.3156,14.149,9.2062,10.676,8.9359
9.3376,6.5568,31.636,5.594,6.9618,5.8287,6.0253,7.854,9.0366,6.8717,8.5888,6.5166,9.3854,11.343,5.6383,0,8.1384,5.2085,31.612,7.2496,7.5388,11.841,7.111,23.536,7.1007,5.4304,6.3549,6.3,15.218,5.6616,7.9786,13.579,15.53,9.8428,11.327,9.8417,7.2612,9.8002,5.9175,9.3315,9.5375,13.281,12.324,11.592,9.0091,9.0172,6.4007,11.532,10.428,12.34,9.9975,13.308,10.895,11.014,9.9321,8.8496,8.5042,13.07,9.8547,13.884,13.153,7.652,12.404,10.048,10.134,8.5181
11.219,10.272,31.106,7.3269,10.765,8.6095,9.4213,11.066,13.349,10.472,11.043,9.0393,12.187,10.4,9.0372,8.1384,0,9.3758,30.107,10.732,11.643,12.347,11.164,27.629,12.444,11.535,10.66,11.142,15.42,9.9905,10.465,10.817,12.927,12.41,13.288,13.205,14.298,13.362,11.193,14.244,13.599,13.64,14.768,13.66,13.432,14.97,11.354,14.437,16.516,16.117,11.525,16.17,14.848,15.566,15.306,13.123,11.601,15.721,15.233,14.984,15.947,12.863,15.084,13.948,11.589,14.534
7.9954,6.2121,30.236,4.8986,6.5383,5.9372,5.8114,6.8629,9.3759,6.8309,8.3276,5.2889,9.45,10.901,5.0896,5.2085,9.3758,0,32.511,6.3444,6.1089,12.748,7.1476,23.037,6.3486,4.5583,5.8143,6.8989,15.347,5.4272,7.9385,13.672,15.151,9.923,11.598,7.17,6.8339,10.052,7.8384,8.0158,8.3193,13.289,12.497,11.243,8.9076,9.4576,6.3194,12.041,9.1414,12.402,10.089,9.3812,11.186,10.886,7.8135,7.5605,6.5997,13.575,8.544,13.973,13.158,6.7595,13.097,9.0209,9.549,7.2042
26.778,30.858,50.192,30.423,30.546,27.752,26.223,26.647,27.002,30.619,26.656,27.429,24.498,29.981,27.629,31.612,30.107,32.511,0,27.903,30.425,30.371,26.905,41.453,27.864,29.032,28.019,27.785,30.517,28.349,29.98,30.423,30.456,27.579,28.532,29.287,29.117,28.651,29.932,30.398,29.455,30.18,28.68,29.447,29.481,29.138,30.306,29.568,31.46,30.115,29.214,30.93,28.013,29.489,30.691,29.883,30.528,28.805,29.16,29.958,30.491,30.578,28.106,29.361,27.237,28.968
9.0087,6.6249,32.109,6.8928,8.1676,7.7549,6.8761,6.6937,8.7195,6.5903,7.9289,6.8875,8.7227,11.554,7.4988,7.2496,10.732,6.3444,27.903,0,7.9166,12.162,6.1641,25.945,6.4867,6.4539,5.5606,6.5562,17.513,6.5097,8.1371,16.976,17.345,8.65,10.189,7.4069,6.7555,9.4094,8.8986,7.2396,7.9869,10.423,12.025,12.453,10.284,8.0912,7.6337,10.497,9.1609,10.02,11.536,10.933,12.838,10.529,8.8794,8.0096,8.0941,13.879,7.8043,13.572,15.412,7.9849,12.651,7.9858,11.355,7.4436
9.4692,6.924,30.487,6.3372,6.1347,5.8469,5.6099,9.2078,9.5866,7.4909,11.216,5.475,11.097,10.583,4.7644,7.5388,11.643,6.1089,30.425,7.9166,0,9.6385,8.6069,27.798,7.7577,4.8002,7.5806,8.389,10.962,6.4465,8.5226,11.028,12.258,11.384,12.728,6.8735,6.6515,11.386,7.0534,8.3346,10.38,11.008,13.769,13.527,12.627,7.8466,7.3278,12.458,12.889,9.215,10.396,8.8737,13.289,10.819,7.476,8.5092,8.2416,15.155,10.539,15.047,15.416,10.191,14.701,10.087,11.664,9.4693
12.535,11.512,28.32,12.67,12.623,10.506,10.219,12.496,12.506,12.677,12.333,10.358,16.44,8.1867,9.5791,11.841,12.347,12.748,30.371,12.162,9.6385,0,13.688,24.912,12.313,11.526,12.863,13.34,11.858,11.744,10.748,6.7892,8.8062,14.861,15.74,10.78,11.275,16.049,11.043,13.142,12.912,12.138,18.057,16.449,14.789,12.86,11.659,17.618,13.778,13.248,13.267,12.732,16.516,13.682,11.258,12.743,12.377,18.495,13.771,18.481,17.358,11.631,18.14,14.491,14.087,14.039
8.6598,7.3078,33.109,8.0093,7.5401,7.8952,6.6999,6.2217,8.194,6.3103,7.3166,6.7208,5.7964,12.352,7.6083,7.111,11.164,7.1476,26.905,6.1641,8.6069,13.688,0,26.895,6.6194,7.0896,4.7018,5.2003,19.593,6.7681,10.518,16.532,18.506,8.5259,8.2229,11.17,10.063,7.261,10.345,11.024,11.304,13.399,10.027,10.232,9.79,13.004,11.067,12.271,15.12,15.398,11.473,13.419,9.4887,14.99,12.64,10.475,10.698,11.007,10.125,10.744,12.693,10.596,9.973,10.78,11.508,10.09
24.678,24.102,30.911,24.044,23.313,24.178,30.414,25.189,23.667,27.502,26.271,26.61,27.676,25.124,27.474,23.536,27.629,23.037,41.453,25.945,27.798,24.912,26.895,0,25.377,23.734,24.924,25.372,30.397,24.346,23.292,23.838,23.019,25.017,24.523,24.579,23.328,23.834,24.483,21.687,22.26,24.089,25.073,23.146,23.054,23.052,21.932,23.699,22.783,22.924,26.293,23.643,24.237,22.754,23.106,22.165,23.515,25.658,22.515,26.154,20.659,22.895,25.221,22.71,23.389,23.157
8.8108,5.2201,32.636,7.5827,7.4764,7.311,6.8285,7.2936,8.5603,6.9797,6.3258,6.023,8.7234,11.559,6.7887,7.1007,12.444,6.3486,27.864,6.4867,7.7577,12.313,6.6194,25.377,0,5.9721,5.5719,4.8415,17.906,6.6186,9.5158,17.428,18.275,8.9826,11.207,5.8048,6.2745,10.037,6.863,8.8285,7.5424,10.684,12.5,10.529,9.1946,8.3144,9.1178,11.091,9.5637,10.549,11.613,11.884,10.772,11.109,8.9046,9.8145,9.1403,13.516,8.7247,12.999,14.251,7.7897,12.177,8.4595,11.616,8.7286
8.0541,6.1727,31.525,6.1154,6.105,6.3124,4.5846,6.7358,8.0045,6.7543,7.9469,4.7449,9.7125,10.805,4.2914,5.4304,11.535,4.5583,29.032,6.4539,4.8002,11.526,7.0896,23.734,5.9721,0,6.0851,6.395,15.254,5.4649,8.134,13.316,15.534,9.7308,11.179,9.6571,5.8585,8.9976,6.8479,7.2699,6.9781,10.511,11.398,11.078,8.7714,7.6799,7.3726,11.112,10.817,12.222,10.701,8.3164,10.777,10.732,8.0438,6.8156,8.3758,13.747,8.128,13.468,13.259,6.9092,12.729,7.7424,9.9364,7.1062
8.3053,6.5768,32.111,6.9792,6.6481,7.0633,6.4329,5.0296,7.6204,5.8395,8.1295,5.9093,6.3992,11.975,6.7104,6.3549,10.66,5.8143,28.019,5.5606,7.5806,12.863,4.7018,24.924,5.5719,6.0851,0,4.9832,17.078,5.8044,9.1549,15.494,16.993,8.2779,8.3854,11.167,8.3824,7.4581,9.7406,8.8128,8.4819,13.232,10.291,11.271,7.8399,10.442,8.9093,12.395,11.082,14.087,10.75,17.813,8.9783,11.594,12.491,9.2738,9.6535,11.584,8.1742,11.334,12.445,9.43,11.067,9.2396,10.861,7.7216
8.1929,7.1845,32.649,7.7759,6.96,7.5106,7.6924,5.837,7.5814,6.9424,7.334,6.8661,6.5667,12.067,7.3837,6.3,11.142,6.8989,27.785,6.5562,8.389,13.34,5.2003,25.372,4.8415,6.395,4.9832,0,16.081,6.5919,8.9464,14.063,17.232,8.9741,9.5911,10.687,7.8905,7.8021,8.5974,9.6586,8.4761,14.169,11.043,10.584,8.5571,9.3993,9.6403,12.479,11.235,13.629,10.36,15.542,8.8035,10.999,11.892,9.0598,10.145,11.659,9.5826,12.098,12.443,9.3176,11.074,8.6391,10.396,8.3282
16.394,13.133,27.346,13.109,17.3,15.091,14.535,15.12,18.089,17.39,19.27,13.515,16.818,13.247,12.052,15.218,15.42,15.347,30.517,17.513,10.962,11.858,19.593,30.397,17.906,15.254,17.078,16.081,0,13.291,14.064,11.677,11.403,14.291,14.939,12.732,12.797,14.306,13.522,13.477,13.561,16.038,16.606,15.072,13.687,13.816,13.462,18.695,14.32,15.447,15.472,15.789,15.224,15.053,14.7,13.954,14.239,16.546,13.845,16.971,16.342,13.668,16.339,13.814,15.332,13.811
8.2871,6.2056,31.809,6.0292,6.5814,6.2141,6.2573,7.0348,9.2757,5.0922,8.3,6.2423,8.3743,11.568,6.0208,5.6616,9.9905,5.4272,28.349,6.5097,6.4465,11.744,6.7681,24.346,6.6186,5.4649,5.8044,6.5919,13.291,0,9.8396,14.426,16.567,9.4357,10.345,11.271,9.1844,10.088,8.9302,10.526,11.398,12.572,11.75,10.5,11.043,13.517,8.7929,11.932,13.272,15.42,11.864,12.396,10.043,15.048,12.646,11.028,9.8863,12.623,11.264,12.461,12.946,9.9729,12.157,9.5383,9.9099,10.016
9.1777,7.1802,31.293,8.0466,8.3127,7.7536,8.6495,9.0242,9.3059,9.6064,9.3645,8.0443,11.855,10.642,7.2607,7.9786,10.465,7.9385,29.98,8.1371,8.5226,10.748,10.518,23.292,9.5158,8.134,9.1549,8.9464,14.064,9.8396,0,11.475,11.48,10.57,12.972,8.4169,7.3628,11.591,8.0333,9.0792,9.1951,10.521,13.595,11.341,9.6527,7.8792,8.0931,11.885,8.0291,8.6437,10.67,9.3275,12.228,8.3159,8.7782,9.5049,9.1706,13.809,9.2035,14.799,12.391,8.6791,14.061,9.9232,10.941,9.476
14,12.409,27.129,13.184,14.579,11.949,13.087,13.856,14.83,14.59,13.422,11.175,17.182,8.8264,11.281,13.579,10.817,13.672,30.423,16.976,11.028,6.7892,16.532,23.838,17.428,13.316,15.494,14.063,11.677,14.426,11.475,0,5.9272,15.011,15.592,11.65,12.53,15.954,12.127,13.036,12.908,13.71,17.696,16.776,15.224,12.983,12.45,17.116,13.244,13.593,14.693,13.854,16.351,13.462,13.14,12.842,12.648,18.775,13.735,18.477,17.561,13.243,18.219,13.962,14.614,13.482
15.199,13.458,26.967,15.085,16.29,13.545,14.305,16.127,14.866,16.539,13.814,13.156,17.997,10.292,12.378,15.53,12.927,15.151,30.456,17.345,12.258,8.8062,18.506,23.019,18.275,15.534,16.993,17.232,11.403,16.567,11.48,5.9272,0,15.333,16.385,12.016,13.293,16.482,12.676,13.682,12.923,14.058,18.062,16.854,14.835,12.35,12.92,17.822,12.696,12.504,15.029,14.077,16.689,13.568,12.299,12.855,13.255,19.042,14.086,18.937,17.664,13.101,18.36,14.222,14.812,13.961
11.801,9.0447,32.706,10.55,10.219,11.428,10.762,8.8249,9.0422,9.4502,7.6809,8.9076,9.0854,13.907,10.222,9.8428,12.41,9.923,27.579,8.65,11.384,14.861,8.5259,25.017,8.9826,9.7308,8.2779,8.9741,14.291,9.4357,10.57,15.011,15.333,0,7.5972,11.072,10.461,10.028,11.794,11.433,8.9489,16.076,8.6981,14.89,14.826,11.062,11.316,11.183,16.605,13.575,12.987,16.96,8.6782,11.686,12.66,9.4208,11.503,10.905,9.7235,11.235,16.267,12.046,9.404,9.4363,11.506,10.756
12.399,11.365,33.178,11.713,11.815,12.313,11.912,8.518,10.749,9.2696,9.5781,10.581,8.9628,15.645,12.222,11.327,13.288,11.598,28.532,10.189,12.728,15.74,8.2229,24.523,11.207,11.179,8.3854,9.5911,14.939,10.345,12.972,15.592,16.385,7.5972,0,11.574,11.902,7.4544,14.12,11.158,9.9542,15.539,10.011,12.279,12.702,11.468,12.8,13.115,13.491,14.227,14.403,18.504,9.7661,12.348,13.825,11.724,12.915,9.9327,11.432,9.9977,13.931,13.071,10.343,10.985,13.084,11.34
9.2593,6.4719,30.768,9.1248,6.6825,7.2793,6.4087,7.124,8.4435,11.991,7.3169,5.9485,12.676,11.094,4.9374,9.8417,13.205,7.17,29.287,7.4069,6.8735,10.78,11.17,24.579,5.8048,9.6571,11.167,10.687,12.732,11.271,8.4169,11.65,12.016,11.072,11.574,0,6.3748,11.09,6.5368,8.5721,6.9901,9.7421,13.719,12.611,9.8243,6.448,6.7926,13.064,7.7971,8.6029,11.105,9.4521,12.177,8.9551,7.464,7.1889,7.6034,14.851,8.7336,15.341,14.171,6.5584,13.536,8.3259,9.8843,8.6525
7.6194,5.7802,31.361,8.8778,6.3797,7.1723,7.1996,7.247,7.7213,8.2173,8.049,5.4829,9.8064,10.693,5.5008,7.2612,14.298,6.8339,29.117,6.7555,6.6515,11.275,10.063,23.328,6.2745,5.8585,8.3824,7.8905,12.797,9.1844,7.3628,12.53,13.293,10.461,11.902,6.3748,0,9.5952,7.2562,6.799,6.4173,9.6858,12.228,11.125,9.1866,6.8502,7.4254,11.551,7.7053,9.6486,11.23,9.1891,9.0395,8.0208,8.1705,6.3882,9.0284,13.582,7.1243,14.026,12.733,7.172,13.178,6.9429,10.106,6.4104
10.185,10.43,32.233,11.335,11.162,11.381,10.379,7.733,7.9896,10.5,8.6389,9.7195,8.648,14.74,10.826,9.8002,13.362,10.052,28.651,9.4094,11.386,16.049,7.261,23.834,10.037,8.9976,7.4581,7.8021,14.306,10.088,11.591,15.954,16.482,10.028,7.4544,11.09,9.5952,0,12.497,10.19,8.7205,12.754,9.6784,10.795,8.2801,9.4889,10.967,10.734,11.294,12.309,12.679,13.804,7.9025,10.68,11.63,9.7324,12.213,9.9635,8.738,10.741,13.501,11.954,10.63,8.7657,12.235,8.6549
9.0625,7.0856,31.921,7.6367,6.7067,6.5099,6.4655,10.212,9.3617,10.036,9.1776,7.6215,11.924,11.154,5.3887,5.9175,11.193,7.8384,29.932,8.8986,7.0534,11.043,10.345,24.483,6.863,6.8479,9.7406,8.5974,13.522,8.9302,8.0333,12.127,12.676,11.794,14.12,6.5368,7.2562,12.497,0,9.6483,9.505,9.0828,14.548,13.19,10.227,7.1751,6.9564,13.342,9.0321,10.074,10.392,8.0835,12.591,9.7221,7.5502,8.7072,8.5817,15.118,10.541,15.887,14.726,7.7399,14.643,10.574,10.803,9.3832
8.9788,8.4743,31.373,8.8387,8.9192,8.3229,8.7145,7.1705,9.8261,10.547,10.636,8.0272,12.375,11.816,8.298,9.3315,14.244,8.0158,30.398,7.2396,8.3346,13.142,11.024,21.687,8.8285,7.2699,8.8128,9.6586,13.477,10.526,9.0792,13.036,13.682,11.433,11.158,8.5721,6.799,10.19,9.6483,0,7.4626,10.332,13.133,11.575,8.3095,8.9044,7.7188,12.411,11.799,12.132,11.885,11.695,11.199,11.16,10.709,7.1884,9.6507,14.413,6.5818,14.295,11.466,9.5797,13.825,6.478,11.271,7.7081
10.967,7.1357,31.226,9.8853,9.2772,8.9694,11.244,6.5042,6.806,11.289,7.6646,8.7476,11.385,12.504,8.4778,9.5375,13.599,8.3193,29.455,7.9869,10.38,12.912,11.304,22.26,7.5424,6.9781,8.4819,8.4761,13.561,11.398,9.1951,12.908,12.923,8.9489,9.9542,6.9901,6.4173,8.7205,9.505,7.4626,0,14.799,12.043,12.584,6.1273,6.596,8.1135,13.13,8.6257,10.8,10.923,13.78,9.1975,7.0347,8.7842,5.9194,10.008,12.674,6.3963,13.837,11.822,8.8177,12.776,5.7828,11.112,6.2937
11.69,13.94,30.603,11.765,10.392,15.971,11.895,11.092,10.154,12.845,11.116,12.85,14.542,16.259,10.798,13.281,13.64,13.289,30.18,10.423,11.008,12.138,13.399,24.089,10.684,10.511,13.232,14.169,16.038,12.572,10.521,13.71,14.058,16.076,15.539,9.7421,9.6858,12.754,9.0828,10.332,14.799,0,14.532,14.842,12.793,10.172,9.9824,13.176,10.26,9.7219,12.542,11.621,13.486,10.358,9.755,10.082,11.64,16.206,10.494,17.435,15.069,10.556,15.61,10.739,12.56,10.714
12.829,12.456,32.574,12.526,12.205,13.591,12.282,10.998,11.783,11.657,11.499,12.858,11.131,17.628,13.653,12.324,14.768,12.497,28.68,12.025,13.769,18.057,10.027,25.073,12.5,11.398,10.291,11.043,16.606,11.75,13.595,17.696,18.062,8.6981,10.011,13.719,12.228,9.6784,14.548,13.133,12.043,14.532,0,11.484,16.193,20.411,17.938,12.708,21.932,21.74,13.969,20.912,10.65,20.305,22.161,18.431,17.861,8.6148,17.674,9.5135,16.267,19.702,7.5542,16.984,13.781,16.95
11.839,13.143,33.184,12.196,11.716,13.168,12.117,10.75,11.029,11.207,11.728,12.921,11.388,16.216,13.321,11.592,13.66,11.243,29.447,12.453,13.527,16.449,10.232,23.146,10.529,11.078,11.271,10.584,15.072,10.5,11.341,16.776,16.854,14.89,12.279,12.611,11.125,10.795,13.19,11.575,12.584,14.842,11.484,0,13.862,17.772,15.67,11.769,19.578,18.375,17.52,20.222,12.018,19.362,18.566,16.719,16.504,12.663,16.047,11.813,14.244,16.744,11.047,14.241,10.435,13.025
9.8356,8.7507,30.831,10.443,9.7666,10.182,12.788,7.6282,9.0101,10.674,9.7431,11.41,10.867,13.003,9.4087,9.0091,13.432,8.9076,29.481,10.284,12.627,14.789,9.79,23.054,9.1946,8.7714,7.8399,8.5571,13.687,11.043,9.6527,15.224,14.835,14.826,12.702,9.8243,9.1866,8.2801,10.227,8.3095,6.1273,12.793,16.193,13.862,0,9.9821,10.641,13.307,12.319,14.018,11.059,13.851,9.568,10.731,11.646,9.0859,11.661,12.76,9.6106,13.675,10.735,11.301,13.384,8.4554,11.918,9.47
10.865,6.9992,31.571,10.876,7.4713,8.0232,7.8594,9.3749,6.8437,13.754,8.0648,7.4802,14.201,11.428,6.5529,9.0172,14.97,9.4576,29.138,8.0912,7.8466,12.86,13.004,23.052,8.3144,7.6799,10.442,9.3993,13.816,13.517,7.8792,12.983,12.35,11.062,11.468,6.448,6.8502,9.4889,7.1751,8.9044,6.596,10.172,20.411,17.772,9.9821,0,8.2658,11.803,7.6918,8.4755,11.784,9.9953,10.643,7.7681,7.4059,6.9573,9.8125,13.217,6.9163,14.019,12.626,8.0748,13.523,6.8957,10.422,7.5827
9.4434,7.5931,30.659,6.6989,8.5638,6.2447,7.2534,9.0477,9.8574,10.473,10.023,7.3805,11.668,11.943,6.0971,6.4007,11.354,6.3194,30.306,7.6337,7.3278,11.659,11.067,21.932,9.1178,7.3726,8.9093,9.6403,13.462,8.7929,8.0931,12.45,12.92,11.316,12.8,6.7926,7.4254,10.967,6.9564,7.7188,8.1135,9.9824,17.938,15.67,10.641,8.2658,0,9.7502,6.4327,8.008,11.287,8.5949,11.746,8.7103,5.8092,7.1974,6.8019,14.763,8.5054,14.323,15.27,5.204,14.435,8.3112,9.3393,8.3165
12.927,16.114,31.094,11.964,13.127,18.934,13.989,12.298,12.44,11.822,9.9571,14.884,12.266,18.226,13.963,11.532,14.437,12.041,29.568,10.497,12.458,17.618,12.271,23.699,11.091,11.112,12.395,12.479,18.695,11.932,11.885,17.116,17.822,11.183,13.115,13.064,11.551,10.734,13.342,12.411,13.13,13.176,12.708,11.769,13.307,11.803,9.7502,0,18.449,17.414,19.44,21.91,12.155,15.785,17.703,14.991,14.735,13.777,13.164,14.074,15.781,15.098,13.605,14.302,18.505,12.512
10.128,7.3275,30.889,11.464,8.3032,9.1434,10.866,12.223,9.6604,15.394,8.7545,11.718,14.649,11.019,6.9445,10.428,16.516,9.1414,31.46,9.1609,12.889,13.778,15.12,22.783,9.5637,10.817,11.082,11.235,14.32,13.272,8.0291,13.244,12.696,16.605,13.491,7.7971,7.7053,11.294,9.0321,11.799,8.6257,10.26,21.932,19.578,12.319,7.6918,6.4327,18.449,0,7.66,12.441,8.8786,12.528,8.5472,6.0638,7.8788,8.1356,15.005,9.8143,16.817,13.675,8.0272,15.434,9.4819,12.762,8.6093
11.409,8.9792,31.256,12.857,9.9613,11.31,9.0205,12.564,10.015,15.155,9.2968,9.4993,15.927,12.778,8.21,12.34,16.117,12.402,30.115,10.02,9.215,13.248,15.398,22.924,10.549,12.222,14.087,13.629,15.447,15.42,8.6437,13.593,12.504,13.575,14.227,8.6029,9.6486,12.309,10.074,12.132,10.8,9.7219,21.74,18.375,14.018,8.4755,8.008,17.414,7.66,0,12.618,12.69,15.173,8.4768,8.5514,10.556,10.189,16.834,9.3932,17.316,16.925,9.042,16.63,8.5023,11.159,10.269
12.088,10.797,31.666,9.7717,10.654,10.527,10.308,11.832,10.618,11.26,12.149,11.004,11.459,12.932,10.192,9.9975,11.525,10.089,29.214,11.536,10.396,13.267,11.473,26.293,11.613,10.701,10.75,10.36,15.472,11.864,10.67,14.693,15.029,12.987,14.403,11.105,11.23,12.679,10.392,11.885,10.923,12.542,13.969,17.52,11.059,11.784,11.287,19.44,12.441,12.618,0,14.535,13.948,14.092,12.693,12.646,11.43,14.876,12.084,16.229,13.66,12.518,15.596,12.187,12.791,12.872
14.469,11.564,30.252,9.6263,10.609,13.259,9.2567,12.181,11.285,13.012,12.242,9.9849,17.324,14.27,8.9618,13.308,16.17,9.3812,30.93,10.933,8.8737,12.732,13.419,23.643,11.884,8.3164,17.813,15.542,15.789,12.396,9.3275,13.854,14.077,16.96,18.504,9.4521,9.1891,13.804,8.0835,11.695,13.78,11.621,20.912,20.222,13.851,9.9953,8.5949,21.91,8.8786,12.69,14.535,0,15.634,12.21,8.7705,10.434,10.926,18.551,12.544,19.143,15.478,10.626,19.193,12.518,13.311,12.068
10.927,11.252,33.147,12.191,11.998,13.018,12.247,9.0002,9.2438,10.235,11.374,11.642,10.667,16.217,12.415,10.895,14.848,11.186,28.013,12.838,13.289,16.516,9.4887,24.237,10.772,10.777,8.9783,8.8035,15.224,10.043,12.228,16.351,16.689,8.6782,9.7661,12.177,9.0395,7.9025,12.591,11.199,9.1975,13.486,10.65,12.018,9.568,10.643,11.746,12.155,12.528,15.173,13.948,15.634,0,10.53,13.441,11.11,14.645,9.1515,10.296,11.125,14.442,13.481,10.49,9.9567,14.259,9.7208
9.6249,8.9656,32.158,12.536,10.364,10.364,10.778,11.711,9.1152,13.409,9.3755,11.568,16.256,12.616,10.491,11.014,15.566,10.886,29.489,10.529,10.819,13.682,14.99,22.754,11.109,10.732,11.594,10.999,15.053,15.048,8.3159,13.462,13.568,11.686,12.348,8.9551,8.0208,10.68,9.7221,11.16,7.0347,10.358,20.305,19.362,10.731,7.7681,8.7103,15.785,8.5472,8.4768,14.092,12.21,10.53,0,10.064,9.4037,10.568,14.22,9.6172,15.159,14.222,10.298,15.17,9.6113,11.887,8.5276
10.666,8.2072,30.748,10.207,7.909,8.1426,6.9533,11.638,9.119,13.939,10.695,7.6566,14.405,10.656,6.5588,9.9321,15.306,7.8135,30.691,8.8794,7.476,11.258,12.64,23.106,8.9046,8.0438,12.491,11.892,14.7,12.646,8.7782,13.14,12.299,12.66,13.825,7.464,8.1705,11.63,7.5502,10.709,8.7842,9.755,22.161,18.566,11.646,7.4059,5.8092,17.703,6.0638,8.5514,12.693,8.7705,13.441,10.064,0,7.2758,9.456,15.771,9.2218,16.871,13.688,7.2873,15.296,9.3277,11.77,11.914
9.0077,7.5019,30.568,7.9996,8.6632,8.6241,8.0224,7.6043,7.8991,12.193,8.2964,7.3979,12.528,12.116,7.1598,8.8496,13.123,7.5605,29.883,8.0096,8.5092,12.743,10.475,22.165,9.8145,6.8156,9.2738,9.0598,13.954,11.028,9.5049,12.842,12.855,9.4208,11.724,7.1889,6.3882,9.7324,8.7072,7.1884,5.9194,10.082,18.431,16.719,9.0859,6.9573,7.1974,14.991,7.8788,10.556,12.646,10.434,11.11,9.4037,7.2758,0,9.9544,14.717,7.6218,15.595,12.53,8.0358,13.992,7.0618,9.9317,8.164
10.346,8.1116,30.968,8.4715,9.2171,7.3263,8.8591,9.1375,10.752,9.847,10.071,7.3384,12.465,12.61,7.2802,8.5042,11.601,6.5997,30.528,8.0941,8.2416,12.377,10.698,23.515,9.1403,8.3758,9.6535,10.145,14.239,9.8863,9.1706,12.648,13.255,11.503,12.915,7.6034,9.0284,12.213,8.5817,9.6507,10.008,11.64,17.861,16.504,11.661,9.8125,6.8019,14.735,8.1356,10.189,11.43,10.926,14.645,10.568,9.456,9.9544,0,15.088,11.728,16.351,14.218,8.6088,15.845,12.124,13.189,12.093
13.517,13.83,31.84,14.455,13.303,14.686,13.984,12.023,12.793,12.245,13.645,13.675,12.599,18.965,14.194,13.07,15.721,13.575,28.805,13.879,15.155,18.495,11.007,25.658,13.516,13.747,11.584,11.659,16.546,12.623,13.809,18.775,19.042,10.905,9.9327,14.851,13.582,9.9635,15.118,14.413,12.674,16.206,8.6148,12.663,12.76,13.217,14.763,13.777,15.005,16.834,14.876,18.551,9.1515,14.22,15.771,14.717,15.088,0,13.448,8.5461,16.456,17.517,9.0258,13.112,17.57,13.398
9.9901,8.4417,31.842,9.0826,8.2717,9.9079,9.3352,6.399,8.4511,8.3538,9.2072,8.5688,11.678,13.325,9.3456,9.8547,15.233,8.544,29.16,7.8043,10.539,13.771,10.125,22.515,8.7247,8.128,8.1742,9.5826,13.845,11.264,9.2035,13.735,14.086,9.7235,11.432,8.7336,7.1243,8.738,10.541,6.5818,6.3963,10.494,17.674,16.047,9.6106,6.9163,8.5054,13.164,9.8143,9.3932,12.084,12.544,10.296,9.6172,9.2218,7.6218,11.728,13.448,0,13.359,11.947,9.7795,12.76,3.6467,11.571,7.4426
14.512,14.619,31.845,14.722,13.576,15.109,14.358,11.613,13.368,12.731,13.352,13.875,12.46,19.25,14.895,13.884,14.984,13.973,29.958,13.572,15.047,18.481,10.744,26.154,12.999,13.468,11.334,12.098,16.971,12.461,14.799,18.477,18.937,11.235,9.9977,15.341,14.026,10.741,15.887,14.295,13.837,17.435,9.5135,11.813,13.675,14.019,14.323,14.074,16.817,17.316,16.229,19.143,11.125,15.159,16.871,15.595,16.351,8.5461,13.359,0,14.143,15.785,9.2552,15.031,15.258,13.518
12.924,13.553,31.905,14.432,13.382,13.822,14.982,12.156,12.326,13.354,15.363,15.353,14.082,16.249,14.847,13.153,15.947,13.158,30.491,15.412,15.416,17.358,12.693,20.659,14.251,13.259,12.445,12.443,16.342,12.946,12.391,17.561,17.664,16.267,13.931,14.171,12.733,13.501,14.726,11.466,11.822,15.069,16.267,14.244,10.735,12.626,15.27,15.781,13.675,16.925,13.66,15.478,14.442,14.222,13.688,12.53,14.218,16.456,11.947,14.143,0,15.297,14.364,13.638,15.679,16.652
9.4161,7.5653,30.303,8.4337,7.1547,7.2807,9.1913,9.2038,9.7531,11.179,9.2124,7.8023,13.48,12.309,6.3156,7.652,12.863,6.7595,30.578,7.9849,10.191,11.631,10.596,22.895,7.7897,6.9092,9.43,9.3176,13.668,9.9729,8.6791,13.243,13.101,12.046,13.071,6.5584,7.172,11.954,7.7399,9.5797,8.8177,10.556,19.702,16.744,11.301,8.0748,5.204,15.098,8.0272,9.042,12.518,10.626,13.481,10.298,7.2873,8.0358,8.6088,17.517,9.7795,15.785,15.297,0,14.96,9.2031,9.6751,8.969
14.068,13.384,33.763,13.46,13.061,14.861,13.264,11.518,11.882,11.26,12.459,13.281,11.559,17.536,14.149,12.404,15.084,13.097,28.106,12.651,14.701,18.14,9.973,25.221,12.177,12.729,11.067,11.074,16.339,12.157,14.061,18.219,18.36,9.404,10.343,13.536,13.178,10.63,14.643,13.825,12.776,15.61,7.5542,11.047,13.384,13.523,14.435,13.605,15.434,16.63,15.596,19.193,10.49,15.17,15.296,13.992,15.845,9.0258,12.76,9.2552,14.364,14.96,0,15.992,14.049,12.754
9.2504,8.4544,31.677,9.9178,8.5512,9.782,8.9477,6.5264,8.4715,9.3126,8.7737,8.5099,11.633,13.207,9.2062,10.048,13.948,9.0209,29.361,7.9858,10.087,14.491,10.78,22.71,8.4595,7.7424,9.2396,8.6391,13.814,9.5383,9.9232,13.962,14.222,9.4363,10.985,8.3259,6.9429,8.7657,10.574,6.478,5.7828,10.739,16.984,14.241,8.4554,6.8957,8.3112,14.302,9.4819,8.5023,12.187,12.518,9.9567,9.6113,9.3277,7.0618,12.124,13.112,3.6467,15.031,13.638,9.2031,15.992,0,11.911,7.1189
10.757,10.499,33.223,9.2043,9.8516,11.188,10.057,11.244,11.478,10.695,10.496,10.116,11.553,13.963,10.676,10.134,11.589,9.549,27.237,11.355,11.664,14.087,11.508,23.389,11.616,9.9364,10.861,10.396,15.332,9.9099,10.941,14.614,14.812,11.506,13.084,9.8843,10.106,12.235,10.803,11.271,11.112,12.56,13.781,10.435,11.918,10.422,9.3393,18.505,12.762,11.159,12.791,13.311,14.259,11.887,11.77,9.9317,13.189,17.57,11.571,15.258,15.679,9.6751,14.049,11.911,0,12.042
8.9651,7.3862,31.64,9.2894,9.8167,10.031,9.7843,6.803,7.6237,10.192,6.9927,9.4122,11.385,12.939,8.9359,8.5181,14.534,7.2042,28.968,7.4436,9.4693,14.039,10.09,23.157,8.7286,7.1062,7.7216,8.3282,13.811,10.016,9.476,13.482,13.961,10.756,11.34,8.6525,6.4104,8.6549,9.3832,7.7081,6.2937,10.714,16.95,13.025,9.47,7.5827,8.3165,12.512,8.6093,10.269,12.872,12.068,9.7208,8.5276,11.914,8.164,12.093,13.398,7.4426,13.518,16.652,8.969,12.754,7.1189,12.042,0
