-0.26119,-0.13941,0.0056082,0.023903,0.059302,0.090994,0.072558,0.037883,0.047094,0.084227,0.084298,0.082159,0.028601,-0.054217,-0.089675,-0.097955,-0.084123,-0.11548,-0.13282,0.0072676,0.20995,0.28826,0.24073,0.12818,0.0085992,-0.050747,-0.070697,-0.012741,0.020418,-0.0026974,-0.026071,-0.10358,-0.14321,-0.1624,-0.15355,-0.12457,-0.11622,-0.059311,-0.056477,-0.11678,-0.15066,-0.029845,0.11217,0.14456,0.15543,0.12736,0.0035661,-0.048492,-0.04157,-0.039952,-0.0089048,0.0022691,0.028947,0.041435,0.010592,0.10273,0.28589,0.15375,-0.10644,-0.05253,-0.19185,-0.28668,-0.15323,0.063076,0.12118,0.076128,0.047138,0.081256,0.12947,0.095679,-0.0023007,-0.050756,-0.04229,-0.010056,-0.0029496,-0.059856,-0.096253,-0.076419,-0.069915,-0.079522,-0.076404,-0.044164,0.0030648,0.026879,0.035456,0.0026862,-0.0093209,0.02919,0.039682,0.03148,0.039066,-0.0011733,-0.088265,-0.10655,-0.10327,-0.00011481,0.1353,0.30106,0.14301,-0.021648,-0.040008,-0.085318,0.037018,0.25495,0.21892,0.10602,-0.017262,-0.064429,-0.0046561,0.051508,0.039255,0.010722,0.0046739,-0.00088206,-0.044308,-0.069155,-0.055808,-0.067347,-0.057262,0.018495,0.060125,0.064535,0.094739,0.033564,-0.025807,0.035206,0.066317,-0.033481,-0.10215,-0.086637,-0.026445,-0.50852,-0.51497,0.075485,0.07969,0.055139,-0.0034737,-0.094301,-0.1415,-0.055599,0.073063,0.18787,0.26344,0.28223,0.27631,0.26214,0.17019,0.15595,0.22323,0.19525,0.098191,0.056723,0.018863,-0.066311,-0.32227,-0.27605,0.2018,0.2911,0.021544,0.028398,-0.073736,-0.047316,-0.0057184,-0.029697,-0.020817,0.029396,0.063843,0.033144,-0.01921,-0.031899,3.2738e-05,0.0011548,0.00087999,-0.007197,-0.020494,-0.0031585,0.015176,-0.010922,-0.020833,0.00072402,0.024254,0.070342,0.1096,0.10928,0.096172,0.14108,0.12846,0.080705,0.089862,0.13646,0.20851,0.074938,-0.09004,-0.092228,-0.18892,-0.3076,-0.10145,-0.35626,-0.46744,-0.40024
0.20512,0.18168,0.085269,-0.039162,-0.10279,-0.11502,-0.070558,0.010662,0.018251,-0.0042186,0.0043602,0.049543,0.10906,0.083379,0.023908,0.0054189,0.034022,0.045506,0.0094011,-0.027652,-0.075553,-0.10079,-0.13547,-0.13251,-0.028366,0.094801,0.13775,0.13657,0.10468,0.075528,0.06939,0.090447,0.10954,0.06486,0.020239,0.0040385,0.00094118,0.059,0.074332,0.022474,0.028826,0.043834,0.025065,-0.019178,-0.052315,-0.053726,-0.031198,-0.018627,-0.0039708,0.019953,0.014097,-0.0055895,-0.017601,-0.006639,0.0099901,0.048201,0.019103,-0.037055,-0.02613,-0.056856,-0.011414,0.092972,0.0032281,-0.22182,-0.34836,-0.33264,-0.14779,0.03548,0.025944,-0.04306,-0.10724,-0.11259,-0.058816,-0.014463,-0.026569,-0.064632,-0.08365,-0.062471,-0.033044,-0.020631,-0.016074,-0.01325,-0.010592,-0.018713,-0.021626,-0.046481,-0.040249,0.028738,0.083344,0.165,0.29157,0.24251,0.016342,-0.060153,0.0084834,0.069026,-0.023091,0.15248,0.25044,0.28355,-0.19289,-0.15114,-0.078812,-0.0054386,0.047271,0.011785,-0.077101,-0.1188,-0.12561,-0.11175,-0.063397,-0.0061446,0.011907,0.0734,0.093889,0.056039,0.050285,0.037609,0.026335,0.032126,-0.066747,-0.164,-0.11913,-0.076797,-0.074389,-0.086582,-0.077612,-0.10275,-0.090874,-0.017382,0.093304,0.20871,0.19998,0.099917,0.079226,0.061652,0.038886,0.01881,0.045159,0.08731,0.09708,0.094885,0.070146,-0.013912,-0.071276,0.023597,0.1001,-0.056255,-0.22735,-0.28314,-0.23985,-0.22949,-0.23951,-0.1759,-0.083324,-0.01319,0.035802,0.031943,-0.0081081,-0.044017,-0.014723,-0.051054,-0.047514,0.064698,0.09532,0.064577,0.093248,0.14162,0.089187,0.044473,0.036655,0.032445,0.030881,0.032291,0.036401,0.052531,0.062569,0.065642,0.06511,0.03202,-0.020403,-0.053387,-0.078239,-0.10256,-0.10188,0.015786,0.069831,-0.0045634,-0.017754,0.080447,0.22389,0.28856,0.20152,0.15996,0.13313,0.12102,-0.11719,-0.22601,-0.15917,-0.13712
0.21926,-0.19826,-0.23519,0.082986,0.30222,0.16777,0.041283,0.0099587,-0.02097,-0.091073,-0.12848,-0.12053,-0.090936,-0.065694,-0.053823,-0.0281,0.042472,0.089757,0.083472,0.04135,-0.042093,-0.05,0.049747,0.17491,0.23512,0.23372,0.19656,0.15625,0.11364,0.03321,-0.034376,-0.030277,-0.07967,-0.094363,-0.054779,-0.0577,-0.071407,-0.097537,0.015741,0.073317,-0.028775,-0.10414,-0.10367,-0.0454,0.064347,0.2422,0.31104,0.27001,0.26853,0.27482,0.26685,0.12011,-0.025348,-0.0066665,-0.0067853,0.00061923,-0.0077699,-0.022366,0.035042,0.046474,0.041082,0.13415,0.19648,0.16101,0.10839,0.098812,0.097198,0.094974,0.12791,0.16349,0.14142,0.061352,-0.037741,-0.10722,-0.17318,-0.23113,-0.21548,-0.15066,-0.14898,-0.18001,-0.1668,-0.13496,-0.33879,-0.5012,-0.2293,0.10373,0.081536,0.027821,-0.0047157,0.020267,-0.25162,0.051506,0.67789,0.51864,0.23229,-0.038144,-0.022596,-0.14523,-0.49149,-0.45692,2.9859,1.972,-0.31189,-0.50564,-0.49029,-0.18448,0.0066552,0.20984,0.22434,0.058755,-0.048578,-0.036757,-0.02531,-0.026339,-0.046377,-0.043154,0.0069066,0.037699,0.038048,0.088371,0.14456,0.17354,0.15117,0.10261,0.1213,0.16634,0.2037,0.23191,0.17381,0.18881,0.33937,0.40157,0.38053,0.08347,-0.11728,-0.18597,-0.20976,-0.15447,-0.13752,-0.17026,-0.215,-0.21599,-0.15384,-0.067759,-0.01167,0.069147,0.14194,0.071134,-0.036368,-0.044034,0.0013837,0.054066,0.068305,0.037841,-0.019394,-0.072292,-0.1135,-0.15112,-0.12128,-0.17648,-0.19831,-0.13506,-0.090796,-0.036321,-0.0035922,-0.049771,-0.11216,-0.085539,-0.07417,-0.12612,-0.14822,-0.15085,-0.13571,-0.10476,-0.053369,-0.00077319,-0.021268,-0.10571,-0.081491,0.057607,0.15457,0.18462,0.014186,-0.085249,0.065984,0.2587,0.23432,0.31931,0.44609,0.43684,-1.6428,-2.071,-0.32572,-0.34228,-0.2678,-0.2567,-0.11863,-0.046589,0.72594,1.5948
-0.023025,-0.018867,-0.036762,-0.042567,-0.053151,-0.078558,-0.11066,-0.045748,0.031648,0.011574,-0.0005732,0.0011975,0.016934,0.03413,0.026126,0.00068625,-0.0062104,-0.063234,-0.12252,-0.041265,0.18555,0.34034,0.35344,0.29993,0.26072,0.19456,0.088618,0.012089,0.01306,0.055965,-0.011407,-0.10429,-0.15762,-0.13495,-0.057043,-0.061656,-0.07713,-0.10346,-0.035705,0.0097382,0.003449,-0.023539,-0.091721,-0.092717,-0.026596,0.028208,0.031285,0.0041048,-0.016426,-0.020317,-0.013067,0.00011254,0.013442,0.031654,0.044246,-0.031468,-0.10972,-0.092393,-0.075825,-0.061793,-0.00079247,0.16933,0.26165,0.19704,0.089709,0.034833,0.012076,0.0069174,0.051779,0.10373,0.099456,0.072451,0.046189,-0.004039,-0.060455,-0.083921,-0.080254,-0.067604,-0.059584,-0.063873,-0.067053,-0.069657,-0.063388,-0.068231,-0.086702,-0.13125,-0.14762,-0.092689,-0.061141,-0.013294,0.10896,0.068502,-0.11263,-0.15544,-0.052333,0.17693,0.16005,0.12405,-0.012226,-0.14562,0.08315,0.1206,0.11345,0.072275,0.091299,0.10771,0.098939,0.065804,0.019399,-0.024742,-0.040964,-0.049532,-0.074289,-0.076207,-0.034503,-0.014948,-0.021072,-0.054307,-0.072277,-0.061675,-0.010411,0.021665,0.030514,0.067844,0.12067,0.14213,0.085775,0.04831,0.083158,0.1366,0.19979,0.26951,0.2468,0.029337,-0.095566,-0.1517,-0.16021,-0.1188,-0.068589,-0.016479,-0.02874,-0.099954,-0.15158,-0.14161,-0.10141,-0.048883,-0.031334,-0.052903,-0.024829,-0.0007688,-0.011614,-0.040865,-0.060712,-0.047025,-0.0072253,0.0421,0.013679,-0.087281,-0.1079,-0.088035,-0.081378,-0.10716,-0.10097,-0.038786,-0.0022201,0.0012787,0.031547,0.046161,-0.0075044,-0.061737,-0.041334,-0.0048274,0.00044514,0.017438,0.030582,0.02778,0.021041,0.0066228,-0.013582,-0.028872,-0.054199,-0.0784,-0.10226,-0.12904,-0.14756,-0.085425,-0.072082,-0.15125,-0.1763,-0.084693,0.070787,0.1193,0.031831,0.012963,0.064308,0.2538,0.41375,-0.051887,-0.013407,0.072969
-0.11226,-0.044138,0.089097,0.15375,0.18218,0.17009,0.11086,0.068132,0.049306,0.032201,-0.0084117,-0.026673,0.015956,0.10548,0.11186,0.065707,0.10226,0.11291,0.040008,-0.019776,0.040464,0.17031,0.2088,0.16962,0.13738,0.14545,0.15064,0.099234,0.054125,0.031503,0.023127,-0.035622,-0.060683,-0.12487,-0.11761,-0.10337,-0.1158,-0.073841,-0.066213,-0.12663,-0.17953,-0.11596,-0.051266,-0.093041,-0.10496,-0.070055,-0.051278,-0.048005,-0.01185,0.015278,0.0096396,-0.0065845,-0.0048624,0.0090599,0.019391,0.016042,-0.0046372,0.023556,0.076746,-0.019573,-0.2338,-0.17597,0.0059758,0.070852,0.040917,0.054573,0.094753,0.10388,0.05311,-0.066045,-0.12252,-0.12083,-0.069501,-0.002703,0.038694,0.040608,0.030913,0.019459,-0.010969,-0.026429,-0.018945,-0.010071,0.0089494,0.031777,0.043244,0.0066824,-0.017797,-0.029516,-0.037651,0.031767,0.11828,0.062778,-0.075475,-0.14445,-0.14094,0.016712,0.054161,-0.071975,-0.083756,-0.041497,-0.16153,-0.15951,-0.19469,-0.25909,-0.16362,0.020516,-0.016302,-0.023204,-0.0032018,-0.020967,-0.10362,-0.15536,-0.13456,-0.11015,-0.034283,0.02576,0.044219,0.048108,0.017201,0.0045753,0.033088,0.053268,0.072543,0.10873,0.1088,0.10024,0.0755,0.062128,0.11587,0.13279,0.032319,-0.088538,0.047689,0.098328,0.04227,0.010455,-0.010716,-0.019894,-0.024907,0.0032245,0.033124,-0.047938,-0.12252,-0.16279,-0.18557,-0.13004,-0.10719,-0.20913,-0.29027,-0.28553,-0.21766,-0.11468,-0.048898,-0.061183,-0.044236,0.055958,0.16459,0.21886,0.22306,0.095289,0.035572,0.089983,-0.026181,-0.11013,-0.084354,-0.081253,-0.094524,-0.12688,-0.063898,0.026753,0.022351,0.017943,0.0071069,-0.01388,-0.019937,-0.015582,-0.027698,-0.048468,-0.029525,0.00082175,-0.014981,-0.022745,0.017627,0.054328,0.049374,0.093903,0.072949,0.083056,0.15656,0.24887,0.37407,0.23695,0.038442,0.0098922,-0.018247,-0.031769,0.060524,0.24872,0.25373,0.21736
0.11161,0.10656,0.091375,0.084285,0.075468,0.054676,0.0073394,0.0074258,0.028393,0.012304,0.0028133,0.0029806,0.017999,0.013357,0.03763,0.10945,0.16672,0.15188,0.10862,0.12442,0.093408,0.011377,-0.038177,-0.044025,0.0028759,0.11737,0.22942,0.23882,0.14053,0.00076895,-0.01639,-0.036459,-0.03732,-0.061033,-0.058836,-0.056782,-0.06867,-0.096177,-0.029199,0.014844,-0.040541,-0.043764,-0.03289,-0.09338,-0.16702,-0.14077,-0.10375,-0.076866,-0.061479,-0.038745,-0.0052253,-0.0071916,-0.002518,0.012229,0.023973,-0.057784,-0.14599,-0.12336,-0.085941,-0.073567,-0.1381,-0.11157,-0.017135,-0.0057596,-0.032626,-0.05012,-0.057044,0.0034675,0.1457,0.28283,0.32882,0.27722,0.16587,0.055429,0.0080187,0.016463,0.022662,0.064424,0.0018753,-0.068143,-0.05375,-0.038039,-0.0236,-0.01804,-0.046241,-0.085617,-0.096094,-0.091938,-0.075926,0.003181,0.15636,0.1402,-0.048686,-0.12971,-0.11503,-0.0023559,-0.034251,-0.018397,0.06307,0.053935,-0.12753,-0.090068,-0.054951,-0.06759,-0.023723,0.0095211,-0.043611,-0.021943,-0.010636,-0.036709,-0.042318,-0.052238,-0.078735,-0.030306,0.027692,0.05076,0.079514,0.068038,0.054068,0.070558,0.082681,0.10459,0.084038,0.060274,0.051141,0.013385,-0.023605,-0.029766,0.070366,0.20568,0.064353,-0.13387,-0.16317,-0.21465,-0.15736,-0.1857,-0.17759,-0.13866,-0.08265,-0.035824,-0.0025472,-0.013486,-0.044402,-0.11355,-0.19931,-0.17758,-0.043639,0.17555,0.24455,0.15762,-0.010095,-0.12836,-0.1361,-0.089107,-0.034138,-0.026257,-0.10739,-0.18446,-0.14813,-0.092013,-0.082441,-0.1145,-0.13052,-0.081454,-0.059895,-0.065793,-0.086034,-0.0032234,0.084703,0.041757,0.016575,-0.0083445,-0.017899,0.06541,0.14872,0.13037,0.12155,0.062018,0.029924,0.055569,0.061266,0.038621,0.019685,0.0085379,0.037058,0.085718,0.021204,-0.10372,-0.13159,-0.017267,0.15572,0.17302,0.052485,0.016819,0.040276,0.18697,0.32102,-0.020133,-0.079767,-0.061754
0.34638,0.29499,0.13315,0.0031323,-0.002605,0.020532,0.041701,0.062158,0.042549,0.0077394,-0.030817,-0.0419,-0.032836,-0.04353,-0.039685,-0.024989,-0.0033165,-0.017387,-0.066168,-0.024615,0.10312,0.17933,0.14506,0.079222,0.027357,-0.038273,-0.10867,-0.15284,-0.13812,-0.021404,0.041662,0.067751,0.037101,-0.058435,-0.035235,0.001285,-0.011412,-0.028493,0.0035115,0.066985,0.064211,0.0082548,-0.039498,-0.06951,-0.06133,-0.0218,-0.012434,-0.034614,-0.037089,-0.032043,-0.038482,-0.032751,-0.0097341,0.014761,-0.010298,-0.025475,0.020901,0.02573,0.050633,0.10957,0.079654,-0.27981,-0.3582,-0.16743,0.012431,0.10846,0.14764,0.1626,0.096374,-0.039069,-0.10349,-0.097664,-0.072701,-0.031085,0.016921,0.013383,-0.025991,-0.034452,-0.037351,-0.044922,-0.039244,-0.023858,-0.01913,-0.024565,-0.02703,-0.048234,-0.038653,0.020506,0.052865,0.11309,0.23495,0.19013,-0.034146,-0.099469,-0.067642,-0.083434,-0.1433,0.0061984,0.12937,0.14325,-0.073391,-0.025239,0.07368,0.16377,0.16828,0.084829,0.033479,0.055989,0.030616,-0.044085,-0.11646,-0.14214,-0.087674,-0.022671,-0.01523,-0.023804,-0.0086918,-0.024476,-0.052188,-0.01988,0.027604,0.049969,0.034853,0.027719,0.081722,0.080033,0.055076,0.081967,0.1267,0.10344,0.15954,0.35984,0.32068,0.11701,0.013687,-0.020201,-0.02303,0.00011874,0.002196,0.015957,0.035332,0.0014577,-0.054404,-0.096992,-0.097427,-0.031695,0.01811,0.0023246,-0.0275,-0.037928,-0.010354,0.006888,-0.017122,-0.028743,0.041689,0.093969,0.047462,0.04462,0.11987,0.14831,0.14311,0.11339,0.067317,-0.018185,-0.047434,-0.033227,-0.04245,-0.073057,-0.073025,-0.014621,0.023758,0.018779,0.017146,0.0059298,-0.027076,-0.033446,-0.0067126,-0.0082076,-0.01483,-0.011772,0.01356,0.013665,-0.026528,-0.053515,-0.060417,0.030823,0.0635,-0.017822,-0.042599,0.046217,0.18972,0.14183,-0.026203,-0.12477,-0.080224,0.053239,-0.074323,-0.17682,-0.326,-0.45627
-0.038282,-0.063855,-0.10535,-0.051072,0.058514,0.10074,0.031267,0.011267,0.040909,0.040617,0.059504,0.087226,0.072783,0.0078975,-0.041207,-0.044149,0.021857,0.038183,-0.013086,-0.00070808,0.033771,0.029618,0.047248,0.050015,0.037151,0.0099931,-0.032717,-0.072794,-0.11523,-0.0068017,0.050582,-0.0047631,0.029987,0.057664,0.074811,0.12105,0.1489,0.12715,0.12942,0.11351,0.074023,0.020628,-0.016182,-0.024861,-0.049609,-0.10662,-0.10826,-0.046117,-0.019192,-3.6001e-05,-0.00011717,-0.012436,-0.020987,-0.0015352,0.027602,0.06867,0.047336,0.013848,0.07418,0.028869,-0.073131,-0.05353,-0.025856,-0.0029091,0.021424,-0.042647,-0.18216,-0.28571,-0.28701,-0.21809,-0.14817,-0.12286,-0.14859,-0.17108,-0.089268,0.01942,0.036761,0.015033,-0.018096,-0.050766,-0.018739,0.041669,0.053831,0.069657,0.092332,0.073555,0.062339,0.021524,-0.049567,-0.034755,0.047791,-0.0076458,-0.18887,-0.20699,-0.079125,0.11417,0.18092,0.055548,-0.046181,-0.046011,-0.030198,0.025727,0.095594,0.054342,-0.092118,-0.17138,-0.11791,-0.070599,-0.037404,-0.014372,0.022249,0.03843,0.049096,0.080538,0.060073,0.033528,0.07798,0.091722,0.071685,-0.040264,-0.15044,-0.12489,-0.091063,-0.057093,-0.072564,-0.081745,-0.03927,-0.020095,0.047813,0.0088582,-0.29798,-0.3538,-0.31446,-0.28473,-0.12539,0.081231,0.23495,0.29168,0.23092,0.11784,0.029543,-0.033851,-0.061529,-0.073552,-0.11581,-0.18912,-0.20728,-0.094662,-0.054066,-0.12642,-0.12711,-0.12417,-0.20578,-0.25915,-0.214,-0.13448,0.0013315,0.15354,0.16428,0.055876,0.0056161,0.062917,0.089372,0.090387,0.096924,0.13806,0.18016,0.16559,0.12483,0.070589,0.040004,-0.016396,-0.041701,-0.019733,-0.020324,-0.050152,-0.086249,-0.10349,-0.11144,-0.10948,-0.074872,-0.038727,-0.04925,0.013687,0.064603,0.12157,0.10895,0.11571,0.16369,0.22499,0.34834,0.2163,0.0089374,0.0058055,-0.10822,-0.26476,-0.091267,0.026002,0.047316,0.080579
0.13317,0.19447,0.23663,0.14606,0.064086,0.071146,0.067916,0.054977,0.076315,0.10894,0.11479,0.043063,-0.038092,-0.082461,-0.089019,-0.068489,-0.035975,-0.03241,-0.035119,-0.037306,-0.085694,-0.05,0.054324,0.13376,0.045046,-0.12192,-0.21046,-0.20982,-0.13416,0.043935,0.088283,0.06344,0.06218,0.060646,0.021871,-0.050759,-0.070327,-0.04605,-0.040223,0.070624,0.15598,0.13385,0.1164,0.10799,0.10632,0.076877,0.027791,0.095136,0.20321,0.22679,0.17766,0.10649,-0.027425,-0.16922,-0.16324,-0.14143,-0.084274,-0.013538,-0.054143,-0.14578,-0.074779,-0.2225,-0.26599,-0.12825,-0.057924,-0.095936,-0.16005,-0.19805,-0.18913,-0.12891,-0.079542,-0.075199,-0.073438,-0.057915,-0.037492,-0.031518,-0.03103,-0.032575,-0.048065,-0.04661,-0.033573,-0.03357,-0.039834,-0.024154,0.024528,0.037754,0.048555,0.032858,-0.028252,-0.054011,-0.029243,-0.060505,-0.18481,-0.15224,0.050102,0.23418,0.076342,0.17005,0.19769,0.21047,-0.16389,-0.15004,-0.13573,-0.12234,-0.047001,0.04204,0.056153,0.079673,0.13885,0.16989,0.14623,0.093891,0.01207,-0.050972,-0.066173,-0.064492,-0.037805,-0.026147,-0.11192,-0.19037,-0.16392,-0.12083,-0.089571,-0.075521,-0.08488,-0.079186,-0.035563,-0.029811,-0.0019915,-0.12219,-0.30236,-0.22219,-0.19147,-0.1103,0.090906,0.19732,0.23087,0.21269,0.18401,0.15198,0.14847,0.14482,0.16473,0.17316,0.14349,0.12196,0.09471,0.024223,-0.158,-0.36804,-0.25246,0.042918,0.14298,0.26544,0.49483,0.59986,0.48522,0.21367,-0.015011,-0.049464,0.058478,0.02602,-0.031562,-0.061321,-0.054627,-0.028526,-0.044464,-0.075417,-0.12208,-0.072395,0.01734,0.014182,0.020128,0.018386,0.015994,0.019866,0.019449,0.016651,0.04505,0.049052,-0.015753,-0.075611,-0.085385,-0.03973,0.020427,0.12301,0.13197,0.13381,0.17128,0.20723,0.29339,0.094345,-0.15066,-0.13444,-0.0061235,0.14464,-0.19728,-0.27484,-0.18459,-0.15243
0.15238,0.15247,0.13862,0.13498,0.108,0.055742,0.045754,0.056255,0.046421,0.053323,0.068174,0.091009,0.10783,0.11341,0.026559,-0.063045,0.00046319,0.039995,-0.018445,-0.05858,-0.051674,0.0023722,0.042626,0.024293,0.011332,-0.020636,-0.062955,-0.092445,-0.071503,-0.0015543,0.025604,0.027681,-0.031405,0.043415,0.11794,0.090777,0.12824,0.18122,0.11911,0.0065921,-0.051361,-0.067769,-0.086747,-0.13112,-0.13464,-0.10791,-0.052,-0.042983,-0.069441,-0.080482,-0.073765,-0.0096078,0.050226,0.063972,0.11626,0.18331,0.27371,0.16088,-0.092416,-0.1349,-0.056168,0.098441,0.063703,-0.10713,-0.22719,-0.19748,-0.10808,-0.11939,-0.15912,-0.11276,-0.048148,0.011354,0.069718,0.11817,0.12739,0.10572,0.070656,-0.026343,-0.087817,-0.079539,-0.063673,-0.048076,-0.019981,-0.024134,-0.075911,-0.1213,-0.10066,-0.024755,0.03031,0.090868,0.17225,0.037373,-0.24641,-0.37235,-0.39848,-0.34191,-0.24109,-0.17255,-0.11152,-0.061101,-0.01319,0.021976,0.057048,0.041814,0.026209,0.014091,-0.020507,-0.012136,0.022376,0.052225,0.065109,0.059691,0.076209,0.045183,-0.040155,-0.0767,-0.028107,0.0084667,-0.010165,-0.055583,-0.068304,-0.078119,-0.09614,-0.059815,-0.013865,0.042734,0.023399,-0.025033,-0.013887,-0.035552,0.0076825,0.17739,0.15788,0.21094,0.33221,0.32964,0.24518,0.099071,-0.027229,-0.063982,-0.030291,-0.054233,-0.11787,-0.16012,-0.17366,-0.14623,-0.038078,0.076352,0.10563,0.10357,0.098232,0.033825,-0.073639,-0.11639,-0.16686,-0.19529,0.037713,0.17646,-0.053892,-0.11331,-0.038495,0.048392,0.018698,0.0074721,0.043391,0.020631,-0.017059,0.037193,0.092429,0.041461,0.013706,-0.0043147,-0.016129,-0.0079991,-0.0078566,-0.029723,-0.038511,0.018757,0.101,0.10344,0.045522,0.0046526,0.017795,0.078131,0.069701,0.041489,0.009853,-0.047382,-0.049475,0.0436,0.16711,0.03336,-0.19104,-0.23424,-0.18531,-0.11371,-0.1559,-0.11125,-0.041739,-0.024756
-0.035822,-0.11907,-0.17379,-0.048806,0.087312,0.091331,0.058562,0.06713,0.06974,0.10154,0.13302,0.13272,0.041441,-0.051275,-0.051294,-0.018452,0.035303,0.015122,-0.062844,-0.14065,-0.23866,-0.24673,-0.1718,-0.082941,-0.02347,-0.0045269,0.013587,-0.017815,-0.021437,-0.049876,0.069772,0.20816,0.18841,0.090232,0.033529,-0.0050339,0.075028,0.17494,0.16651,0.11802,0.065302,0.044059,0.065899,0.071409,0.046352,0.038639,0.023885,-0.0092438,0.0023082,0.029024,0.027512,0.099554,0.17185,0.19554,0.17061,0.14679,0.19717,0.0977,-0.037001,0.014256,-0.31024,-0.51805,-0.51405,-0.43011,-0.28342,-0.17973,-0.20851,-0.25469,-0.27046,-0.24804,-0.21538,-0.17301,-0.11057,-0.041267,0.010026,-0.0055005,-0.046618,-0.044439,-0.035577,-0.035102,-0.02832,-0.020641,-0.011428,-0.00044892,0.053127,0.1175,0.19248,0.15959,0.050442,0.037823,0.074984,-0.041924,-0.22457,-0.15102,-0.020808,0.020709,0.029965,-0.001265,0.077693,0.1688,-0.11343,-0.023267,0.050583,-0.054097,-0.23321,-0.36708,-0.27935,-0.0047661,0.10217,0.14725,0.15229,0.10769,0.020132,-0.029185,-0.037939,-0.030301,0.0067721,-0.00045622,-0.14336,-0.27188,-0.24763,-0.17686,-0.098114,-0.10642,-0.13083,-0.085024,-0.065247,-0.03914,-0.072424,-0.042143,-0.0099215,0.044515,0.12446,0.082181,0.10207,0.13519,0.17837,0.16384,0.060182,-0.018801,-0.021461,0.043838,0.12077,0.10434,0.036829,0.047787,0.082176,-0.010157,-0.18194,-0.3086,-0.35183,-0.39853,-0.38144,-0.23662,-0.030175,0.091906,0.062425,0.036213,0.082828,0.13295,-0.011107,0.062901,0.18735,0.14339,0.13498,0.18371,0.16244,0.13753,0.1023,0.063865,0.056734,0.053219,0.038515,0.017183,-0.016488,-0.0047422,0.045321,0.043579,0.01069,-0.0099621,-0.033771,-0.062098,-0.063029,-0.045563,0.0027229,0.12777,0.16994,0.17987,0.20678,0.25421,0.35253,0.18509,-0.02232,0.0036416,-0.00073401,-0.07793,-0.081858,0.1397,0.15037,0.11409
-0.023561,0.0016752,0.020849,0.037143,0.052486,0.078724,0.052275,0.021446,0.022432,0.0024487,0.012567,0.056122,0.10369,0.11037,0.095301,0.063277,0.056036,0.065307,0.023952,-0.06948,-0.14628,-0.082267,0.042329,0.077236,0.10185,0.090916,0.029536,-0.026572,-0.045844,-0.019997,-0.020282,0.10224,0.15158,0.026666,-0.030794,-0.043435,0.032193,0.096245,0.063048,0.0085119,-0.046372,-0.05018,-0.070544,-0.11884,-0.11944,-0.10048,-0.070596,-0.060263,-0.04986,0.012436,0.054868,0.045682,0.046651,0.055976,0.054991,-0.035921,-0.12679,-0.086564,-0.017608,0.031757,0.0065532,-0.17553,-0.2165,-0.086975,0.012582,0.070979,0.12709,0.098043,0.020473,-0.061309,-0.15502,-0.18309,-0.15628,-0.10684,-0.04077,0.036583,0.065943,0.046876,0.011094,-0.019692,-0.014829,-0.0055947,0.001397,0.027836,0.065913,0.044389,0.022206,-0.030552,-0.073841,-0.0029304,0.10862,0.061928,-0.086623,-0.11802,-0.10969,-0.035129,0.0378,-0.026954,-0.034579,0.0057027,-0.041455,-0.017466,0.0062619,-0.015149,-0.079145,-0.15373,-0.1872,-0.13916,-0.082875,-0.083382,-0.050511,-0.0033708,0.00074474,0.056554,0.085024,0.038311,0.030924,0.036771,0.022446,0.0049365,0.02017,-0.033635,-0.1124,-0.087857,-0.052489,-0.00032193,0.0077678,-0.0091942,0.041496,0.023584,0.068562,0.21532,0.20757,0.15806,0.15392,0.13205,0.078329,0.04036,0.030227,0.030502,0.022791,-0.069217,-0.18424,-0.23012,-0.19735,-0.13446,-0.089248,-0.036204,-0.030793,-0.12106,-0.17897,-0.13586,-0.079931,-0.092121,-0.10558,-0.066901,-0.093855,-0.15444,-0.10213,-0.040912,0.0031714,0.0196,0.028357,0.016897,-0.0026663,-0.0043283,0.038564,0.051652,-0.01148,-0.0086184,0.046751,0.054742,0.054164,0.041392,-6.9835e-05,-0.036121,-0.043448,-0.046883,-0.029754,0.022797,0.020841,-0.031685,-0.055962,-0.027253,0.010182,0.072777,0.057127,0.056183,0.12136,0.21739,0.35707,0.22393,0.019796,0.0022933,-0.035859,-0.12751,-0.11699,0.16073,0.22067,0.20461
-0.093795,-0.090789,-0.11339,-0.10324,0.036546,0.14778,0.12018,0.080115,0.048597,0.055746,0.09587,0.14197,0.17762,0.11789,0.040268,0.010855,0.020231,-0.0099274,-0.10296,-0.14048,-0.082876,0.011881,-0.0016382,-0.02315,-0.033035,-0.042568,-0.04708,-0.049113,-0.024749,-0.025262,-0.12816,-0.20516,-0.031937,0.008406,-0.013755,0.06083,0.10812,0.11574,0.14818,0.11399,0.077794,0.072638,0.081798,0.094553,0.023447,-0.07044,-0.071854,-0.017192,-0.035433,-0.028821,0.025481,0.012963,-0.00071775,0.016874,0.061706,0.1243,0.18599,0.26127,0.22948,0.11192,0.16825,-0.42553,-0.76524,-0.71227,-0.42535,-0.15536,-0.051046,-0.016617,-0.069951,-0.14617,-0.20704,-0.20506,-0.13382,-0.049021,0.016163,0.074731,0.085446,0.083293,0.077215,0.05698,0.058295,0.026986,0.018158,0.032042,0.027487,-0.023605,-0.039117,0.010056,0.024003,0.059659,0.14947,0.065974,-0.15546,-0.23156,-0.20134,-0.053704,-0.066226,-0.11132,-0.12587,-0.10684,-0.048657,-0.010133,0.047138,0.048903,0.066918,0.090057,0.00087726,-0.037833,0.004065,0.065644,0.10172,0.11567,0.085277,0.12701,0.14702,0.10144,0.082515,0.044901,0.0054316,0.01462,-0.037287,-0.10371,-0.06429,-0.025045,0.020587,0.011868,-0.025154,-0.0073597,-0.013744,0.014028,-0.57945,-0.77358,-0.4761,-0.13738,-0.097814,0.1423,0.34047,0.34469,0.19414,-0.018643,-0.20464,-0.23411,-0.15845,-0.13291,-0.14868,-0.18,-0.20397,-0.14297,-0.10137,-0.12092,-0.1887,-0.2789,-0.27844,-0.17105,-0.01463,0.13424,0.25066,0.3036,0.28947,0.21385,0.22649,0.17562,0.26997,0.17226,0.059243,0.092948,0.10243,0.11379,0.069912,0.041317,0.047068,0.046581,0.053812,0.051674,0.011816,-0.042661,-0.013848,0.031686,0.013983,0.029047,-0.023663,-0.0097721,0.040252,0.038085,0.02093,0.087511,0.1081,0.018873,-0.017916,0.05663,0.1837,0.060126,-0.14654,-0.1697,-0.037599,0.12521,0.030997,-0.011193,0.058215,0.089689
0.25468,0.23136,0.16248,0.13909,0.076435,0.022948,-0.023816,-0.067357,-0.053818,-0.034209,-0.055434,-0.059071,-0.037689,0.021516,0.05334,0.068245,0.12336,0.089787,0.014371,0.038246,0.074519,0.011915,-0.075981,-0.17816,-0.32674,-0.46774,-0.46725,-0.20811,0.11471,0.16169,0.11169,0.12289,0.075574,0.0535,0.080184,0.050734,0.024954,0.011522,-0.010019,0.0059065,0.05895,0.040114,-0.050977,-0.09255,-0.05959,-0.015775,-0.00043749,-0.0018772,0.003464,0.0028075,-0.053589,-0.09662,-0.076893,-0.075675,-0.13309,-0.1731,-0.13796,-0.081518,0.013075,0.09785,0.04785,-0.27823,-0.50379,-0.36576,0.006525,0.22445,0.27265,0.27405,0.24571,0.20114,0.15774,0.084222,-0.0091262,-0.06672,-0.059413,-0.063427,-0.048407,-0.00085245,0.0041712,0.0053692,0.017659,0.0088984,0.0067407,0.0094052,0.0063675,-0.02476,-0.047626,-0.049385,-0.091293,-0.61367,-0.85689,-0.088296,0.77253,0.50451,0.20668,0.16228,0.20753,0.14457,0.20959,0.26408,-0.38629,-0.34941,-0.3095,-0.17626,0.021727,0.011424,-0.037606,-0.045434,-0.049336,-0.072897,-0.093864,-0.098506,-0.10569,-0.11902,-0.03025,0.067959,0.098235,0.079907,0.043877,0.0096571,-0.0084037,0.018658,0.013823,0.0054423,0.033611,0.054184,0.072413,0.083059,-0.04445,-0.073106,0.1391,0.3043,0.24799,0.076,0.052392,0.079448,0.11995,0.15019,0.14494,0.11133,0.082909,0.0099032,-0.11125,-0.16545,-0.14163,-0.08597,-0.053179,-0.05044,-0.032063,-0.0064076,0.019117,0.0056003,-0.07584,-0.15555,-0.14932,-0.14206,-0.19522,-0.21492,-0.12193,-0.042263,-0.065036,-0.012173,0.15827,0.09703,-0.040367,-0.04145,-0.040467,-0.073466,-0.017406,0.052576,0.024341,0.016442,0.061494,0.11474,0.10594,0.10413,0.098329,0.040464,0.04534,0.067731,0.017834,0.027141,0.037769,0.013545,-0.0016496,0.054903,0.041596,-0.087846,-0.17212,-0.56703,-0.51387,0.23758,0.36625,0.28837,0.029567,-0.1902,0.072383,0.21103,0.23755,0.21942
0.21892,0.21208,0.15742,0.081461,0.043509,0.024564,0.034888,0.055625,0.039938,0.025772,0.011815,0.020009,0.025058,-0.035269,-0.064067,-0.023194,0.029979,0.027495,-0.028456,-0.092456,-0.089871,0.015355,0.032622,0.0010335,0.033094,0.058872,0.063279,0.046543,0.031181,0.045165,0.049383,0.075769,0.046006,-0.045338,-0.017213,0.027105,0.016796,-0.0082569,0.007409,0.0048643,-0.072837,-0.13503,-0.10145,-0.071031,-0.094018,-0.063819,-0.022016,-0.030186,-0.028799,-0.018645,-0.0231,-0.02738,-0.058585,-0.13178,-0.16121,-0.13034,-0.095974,-0.051853,-0.048119,-0.08251,-0.014512,-0.074809,-0.086589,-0.015094,0.086857,0.12644,0.099545,0.11402,0.17591,0.16675,0.081932,0.018216,0.0091857,0.0002195,-0.010345,-0.019629,-0.0088007,0.027176,0.030162,0.034884,0.051298,0.026365,0.012899,0.029175,0.039604,0.016073,0.013894,0.011838,-0.020021,0.036606,0.18736,0.20543,-0.040411,-0.12849,-0.015607,0.029363,-0.05447,0.093398,0.16969,0.1543,-0.16373,-0.1279,-0.08151,-0.05939,0.021642,0.10473,0.053544,0.011904,-0.0032366,-0.015219,-0.033992,-0.041241,-0.014506,-0.013092,-0.039593,-0.025353,0.013604,0.0034605,-0.02844,-0.035085,-0.0042913,0.049909,0.051755,0.042067,0.079335,0.055008,0.0071076,0.024257,0.079112,0.091665,0.16571,0.32292,0.25269,0.046062,-0.068218,-0.14108,-0.18429,-0.16154,-0.098618,-0.044691,-0.06379,-0.076802,-0.063766,-0.090716,-0.12568,-0.070937,0.028578,0.014969,-0.059415,-0.093229,-0.066377,-0.01877,-0.0032797,0.028202,0.12003,0.14639,0.053697,-0.035886,-0.024096,0.020046,0.099064,-0.013876,-0.10443,-0.075224,-0.10402,-0.1368,-0.09958,-0.075861,-0.12661,-0.18565,-0.10304,0.013764,0.017928,0.0222,0.013015,0.051571,0.096399,0.047158,0.047018,0.060211,0.013352,0.045768,0.077408,0.065641,0.056888,0.11268,0.10931,0.095082,0.12885,0.21278,0.36746,0.16232,-0.098053,-0.073783,0.006044,0.14875,0.14447,-0.12934,-0.13166,-0.11122
0.10518,0.07095,0.012346,0.045165,0.07927,0.044587,-0.002965,-0.034205,-0.052851,-0.059018,-0.057403,-0.063644,-0.048707,-0.0033575,0.03153,0.053236,0.10338,0.10398,0.07297,0.071551,0.0043508,-0.053415,-0.018781,0.038258,0.076142,0.10025,0.10242,0.088707,0.10704,0.094696,0.068726,0.096543,0.053884,-0.029648,-0.045878,-0.051153,-0.06999,-0.099707,-0.031879,0.017388,0.013633,0.0083788,-0.0066278,0.0026558,-0.014494,-0.0282,-0.03105,-0.056716,-0.037856,-0.00037334,0.011719,0.0082458,0.0151,0.015227,0.0015221,0.026451,0.10408,0.18453,0.1054,-0.077284,0.0045846,-0.085793,-0.15328,-0.16099,-0.19847,-0.22695,-0.22462,-0.2311,-0.22224,-0.075652,0.19233,0.36897,0.39676,0.28356,0.1261,0.017065,-0.051119,-0.07249,-0.06651,-0.056853,-0.055619,-0.051222,-0.048098,-0.064331,-0.079102,-0.10982,-0.091614,-0.011682,0.030889,0.089566,0.19191,0.1302,-0.068359,-0.12788,-0.010023,0.16379,-0.022435,-0.048206,0.0098618,0.051757,0.013196,0.069931,0.14,0.11508,0.068843,0.05193,0.021821,0.024647,0.030494,0.03111,0.039427,0.014914,-0.017633,0.011821,0.028077,0.019377,0.047283,0.047407,0.044185,0.065097,0.076199,0.10123,0.079685,-0.0061406,-0.030453,0.0096936,0.032436,0.041885,-0.020068,-0.029379,0.15608,0.3005,0.23845,-0.016563,-0.16523,-0.22179,-0.20488,-0.12468,-0.0086791,0.078075,0.024038,-0.045265,-0.037413,-0.024234,-0.039855,-0.0022352,0.028555,-0.16897,-0.31264,-0.18982,-0.09681,-0.058903,-0.029895,-0.064318,-0.077314,-0.044558,0.039694,0.095866,0.069013,0.025019,0.098332,0.00094821,-0.064534,-0.027048,0.0095103,0.028504,0.00057293,-0.034608,-0.079061,-0.05061,0.015181,0.014558,0.0069182,-0.015827,-0.037688,-0.018428,0.049434,0.086445,0.069141,0.011117,-0.016254,-0.0093864,-0.035405,-0.074878,-0.096816,-0.022268,0.007688,-0.058737,-0.07125,0.022133,0.15909,0.076833,-0.10003,-0.12571,-0.010702,0.18294,0.065549,-0.10669,-0.082922,-0.070063
-0.19335,-0.18921,-0.15096,-0.039356,0.047116,0.042199,-0.013447,-0.0098927,0.017366,0.0073526,-0.0038994,-0.011384,-0.0023741,-0.026934,-0.026906,0.046406,0.11913,0.11185,0.095191,0.1247,0.11072,0.10452,0.1117,0.12435,0.13459,0.13413,0.13267,0.092795,0.041618,-0.010392,-0.008977,0.061948,0.050233,-0.020621,-0.034737,-0.042247,-0.063923,-0.095509,-0.03421,0.010433,-0.036769,-0.042948,-0.034859,-0.045196,-0.043589,-0.015892,0.042538,0.042109,0.039621,0.095539,0.12925,0.062919,0.016939,0.037255,0.025942,-0.071727,-0.1802,-0.19647,-0.18003,-0.11278,0.0015034,0.17068,0.23591,0.19259,0.1193,0.057781,0.036421,0.087954,0.17086,0.23133,0.23369,0.186,0.11826,0.043203,-0.027212,-0.05804,-0.043787,-0.025175,-0.059988,-0.084645,-0.063731,-0.044969,-0.023355,-0.0077237,-0.089156,-0.21023,-0.23716,-0.21251,-0.19546,-0.40663,-0.57266,-0.53152,-0.15321,0.20648,0.1736,0.23632,0.23466,0.065316,0.010674,0.024995,0.18843,0.23035,0.24518,0.16111,0.05739,0.0015168,-0.0027761,0.0025442,0.00030698,-0.0084472,-0.020581,-0.045954,-0.081401,-0.047943,-0.0042983,0.026553,0.069945,0.064477,0.08292,0.12339,0.13053,0.14488,0.17138,0.1965,0.092034,-0.028198,-0.0053986,0.025324,0.04717,0.12559,0.29723,0.3748,0.23707,-0.072182,-0.25671,-0.32957,-0.3339,-0.26922,-0.19379,-0.10055,-0.010674,-0.021154,-0.062172,-0.077262,-0.083224,-0.018723,0.10978,0.10206,-0.015953,-0.093358,-0.077151,0.01203,0.067175,-0.008216,-0.10693,-0.11173,-0.17136,-0.28131,-0.25412,-0.158,-0.16018,-0.17499,-0.12235,-0.061038,-0.025019,-0.052207,-0.098351,-0.12819,-0.058861,0.019134,-0.010374,-0.027629,-0.02895,-0.019159,0.01726,0.04788,0.033417,0.0037705,0.037478,0.10749,0.10434,0.065924,0.045818,0.045363,0.090773,0.178,0.16121,0.058388,0.028553,-0.18106,-0.60155,-0.5506,-0.25544,-0.22956,-0.10258,-0.031096,0.045908,0.33642,0.33407,0.37192
-0.11797,-0.15229,-0.17681,-0.10641,-0.042899,-0.011453,-0.0092152,0.0080213,0.032202,0.015728,0.0053519,-0.00018688,0.0067351,0.031362,0.029167,0.022097,0.084117,0.10442,0.048659,-0.018683,-0.067981,0.023792,0.17626,0.21636,0.13134,0.022074,-0.012459,-0.037594,-0.0042024,0.019122,0.030476,0.082315,0.048259,0.021974,0.053565,0.048286,0.034661,0.010869,0.0099326,0.035563,0.023524,-0.0097282,-0.030011,-0.055055,-0.052253,-0.025615,-0.016466,-0.036544,-0.057351,-0.027409,-0.006761,-0.011397,-0.0074184,-0.0084983,-0.024862,-0.015428,-0.033578,-0.074651,-0.092629,-0.19143,-0.20469,-0.070161,0.028627,0.016168,-0.049862,-0.090129,-0.090917,-0.10455,-0.10281,-0.054564,-0.0060045,0.038048,0.065846,0.022508,-0.048904,-0.068087,-0.0531,-0.032135,-0.032692,-0.030444,-0.013011,-0.0089114,-0.0011061,0.040212,0.075655,0.026579,-0.033757,-0.049421,-0.046012,0.011389,0.13972,0.10692,-0.041595,-0.089009,-0.095086,0.024563,0.051004,0.081337,0.22904,0.26263,0.038183,0.10454,0.17005,0.12844,0.067191,0.078426,0.10156,0.04952,-0.0043275,-0.036185,-0.044662,-0.060071,-0.094923,-0.087844,-0.038444,-0.0066641,0.031104,0.044051,0.021122,0.012352,0.028976,0.06237,0.077636,0.097693,0.04997,0.0030705,0.04103,0.069518,0.048054,0.058673,0.18644,0.26702,0.17515,-0.001961,-0.051568,-0.085003,-0.084194,-0.055558,-0.08456,-0.17293,-0.16701,-0.091971,-0.068505,-0.098145,-0.10583,-0.068655,-0.035541,0.035096,0.058896,-0.053273,-0.12958,-0.11337,-0.1519,-0.22072,-0.21886,-0.19932,-0.081078,0.027925,-0.031901,-0.087056,-0.029096,0.015601,-0.020396,-0.015468,0.011155,0.0089816,-0.012771,0.041126,0.089511,0.038048,0.013746,-0.00059156,-0.0048688,0.0077008,0.023911,0.018875,-0.0028661,-0.040774,-0.072387,-0.056696,-0.04455,-0.06738,-0.067211,-0.047598,-0.045289,-0.0070959,0.0015121,-0.089065,-0.13003,-0.034175,0.12345,0.14658,0.050085,0.026487,0.046897,0.21794,0.45331,0.0082952,-0.11227,-0.12303
-0.44066,-0.45422,-0.45326,-0.31482,-0.031247,0.1697,0.16336,0.10415,0.023768,0.0065224,0.17597,0.24211,0.28521,0.28888,0.24534,0.16854,0.13192,0.082247,0.0067863,-0.083349,-0.22203,-0.35468,-0.45417,-0.5782,-0.712,-0.83084,-0.95383,-1.1032,-1.28,-2.0966,-2.2287,-2.0766,-1.4594,0.58909,0.70963,0.63842,0.59487,0.53347,0.4624,0.78601,1.0407,0.88624,0.63504,0.55672,0.53588,0.51972,0.48818,0.33262,0.1685,0.19176,0.18303,0.10669,0.04593,0.06787,0.098916,0.13428,0.05871,-0.032656,0.077851,0.12165,0.18098,0.42828,0.54586,0.50772,0.41556,0.24518,0.103,0.097219,0.13222,0.18526,0.17048,0.1404,0.1792,0.22717,0.28609,0.35979,0.822,1.2352,1.2072,1.1051,1.0315,1.0032,1.3044,1.0904,0.12007,-0.021481,-0.1005,-0.13629,-0.20534,-0.23208,-0.17444,-0.19744,-0.36305,-0.55295,-0.7421,-0.77335,-0.58955,-0.57186,-0.62408,-0.60508,-0.33485,-0.29562,-0.26803,-0.38685,-0.43311,-0.43082,-0.59052,-0.60811,-0.51534,-0.036562,0.33933,0.39208,0.39159,0.31565,0.31634,0.33677,0.31959,0.29415,0.25982,0.21981,0.18941,0.19503,0.21456,0.24192,0.24558,0.21537,0.1615,0.081705,-0.014816,-1.4882,-2.3091,-2.2362,-1.6631,-0.60057,-0.32766,-0.40964,-0.53518,-0.59452,-0.57294,-0.10968,0.32672,0.19295,-0.22366,-0.38658,-0.43602,-0.46099,-0.53376,-0.45731,-0.24784,-0.20444,-0.08876,0.063848,0.20115,0.29809,0.32468,0.27708,0.12841,0.0019299,0.11821,0.2267,0.29898,0.38113,0.42313,0.46859,0.49575,0.40614,0.32164,0.29589,0.25675,0.21687,0.22068,0.23625,0.22844,0.21347,0.17771,0.11889,0.063534,0.4871,0.93416,1.0117,0.93334,0.81654,1.5498,1.4907,0.52043,0.48438,0.42801,0.30662,0.22285,0.24099,0.33028,0.33955,0.25073,0.15488,0.072606,0.057103,0.2225,0.4597,0.52277,0.49173
-0.034108,-0.0094953,0.023542,0.064945,0.10405,0.10144,0.078184,0.061557,0.051244,0.071252,0.087552,0.077486,0.021877,-0.011532,-0.0098948,-0.04479,-0.054977,-0.061799,-0.019732,0.078065,0.038069,-0.050573,-0.087587,-0.10223,-0.08887,-0.098763,-0.13139,-0.16976,-0.16038,-0.14,-0.02217,0.052704,0.033469,0.060388,0.071982,0.081467,0.16049,0.19363,0.11765,0.071446,0.065141,0.011894,0.0068393,0.0082672,-0.0020359,0.015969,0.005405,-0.036315,-0.066824,-0.038265,0.010754,0.033918,0.052866,0.065941,0.035111,0.0025414,-0.00018138,0.036577,0.056516,0.040093,0.11767,0.19909,0.077146,-0.088953,-0.1777,-0.22958,-0.26021,-0.27862,-0.26847,-0.23289,-0.21597,-0.20664,-0.19239,-0.16838,-0.13303,-0.092568,-0.054549,-0.030778,-0.020313,-0.016287,-0.014361,-0.0087617,0.0096346,0.02042,0.016723,-0.020491,-0.026279,0.013885,0.013051,0.039441,0.13166,0.011151,-0.26178,-0.32541,-0.19249,-0.011208,0.011036,0.056024,-0.026582,-0.070165,0.078578,0.10265,0.12007,0.087446,0.0077598,-0.093114,-0.1314,-0.069708,0.010142,0.075464,0.092373,0.050556,-8.6968e-05,-0.061561,-0.13623,-0.11873,-0.063689,-0.060362,-0.027116,0.031743,0.0076073,-0.083789,-0.11316,-0.071912,-0.025991,-0.017082,-0.027774,0.0084534,0.036914,0.10239,0.033882,0.01805,0.057206,0.21312,0.39376,0.33002,0.17522,0.098088,0.080364,0.07305,0.051627,0.001182,0.015196,0.011449,-0.015642,0.031598,0.060098,0.050045,0.088026,0.17364,0.22434,0.12933,-0.014724,-0.094102,-0.13848,-0.1989,-0.32118,-0.37004,-0.166,0.023833,0.073841,0.10322,0.018009,-0.024923,0.00045012,-0.0059248,0.075328,0.15719,0.11505,0.073407,0.062939,0.063579,0.072333,0.075299,0.056232,0.022954,-0.014412,-0.054485,-0.052443,-0.025387,-0.034372,-0.034508,-0.020721,-0.020764,-0.034422,0.017281,0.040392,-0.03412,-0.079492,-0.0092742,0.121,0.10051,-0.040208,-0.058484,-0.041757,-0.01883,-0.40072,-0.32666,-0.15707,-0.091171
0.16623,0.18256,0.18472,0.14198,0.095572,0.04708,-0.0079687,0.0096014,0.041508,0.029587,0.034206,0.05396,0.044876,-0.0092305,-0.034951,-0.014576,0.082831,0.12335,0.03142,-0.0053586,0.1499,0.33552,0.30434,0.18099,0.079152,-0.0011564,-0.031014,-0.045314,0.023772,0.068436,0.062982,0.09823,0.056248,-0.010683,-0.015415,-0.028435,-0.025813,-0.023469,-0.071045,-0.12995,-0.073263,-0.03602,-0.10488,-0.17201,-0.20196,-0.17928,-0.12074,-0.074156,-0.074342,-0.035491,0.01189,0.025263,-0.070974,-0.18018,-0.16978,-0.14836,-0.11099,-0.055749,-0.015124,-0.025617,0.0092198,0.090315,0.066675,-0.0068425,-0.02614,0.043102,0.1628,0.2641,0.27769,0.17652,0.064286,0.049824,0.060559,0.053232,0.022667,-0.017334,-0.049986,-0.075525,-0.083729,-0.076908,-0.071756,-0.072344,-0.066218,-0.041854,-0.026414,-0.079252,-0.11879,-0.10155,-0.08789,-0.030404,0.15508,0.27129,0.16218,0.018186,-0.080256,-0.0015122,0.0059296,-0.11233,-0.049021,0.044825,-0.15342,-0.12531,-0.1007,-0.10851,-0.052461,0.044031,0.027291,-0.027416,-0.059283,-0.063593,-0.041163,-0.024062,-0.0012745,0.040848,0.039492,0.030992,0.067956,0.068119,0.027453,0.02021,0.044422,0.031254,0.056632,0.11946,0.067267,-0.00090578,0.032946,0.050692,-0.0068464,-0.038592,0.10145,0.22014,0.16387,-0.03276,-0.10702,-0.12005,-0.083586,-0.05707,-0.038522,-0.0028184,-0.071758,-0.14224,-0.17807,-0.2307,-0.2523,-0.22745,-0.16379,-0.021976,0.067873,0.049617,0.013508,0.012898,0.0087882,-0.031287,-0.0040247,-0.0018508,-0.06582,-0.10367,-0.057895,-0.020034,0.040597,0.099824,-0.0080791,-0.088481,-0.067098,-0.051614,-0.034552,-0.047832,-0.10694,-0.12634,-0.095913,-0.062396,-0.018657,-0.019256,-0.024102,-0.024353,-0.014101,0.01669,0.04731,0.024669,-0.043841,-0.10332,-0.11049,-0.055455,-0.023407,0.01457,-0.013058,-0.12182,-0.14914,0.10303,0.4133,0.24578,0.089452,0.06539,0.057709,0.11324,0.085361,0.29963,0.25057,0.18735
-0.10542,-0.080847,0.10092,0.20168,0.11198,0.04379,-0.025208,-0.073415,-0.058971,-0.038067,-0.056144,-0.052695,-0.029749,0.008514,0.030986,0.048458,0.15305,0.27899,0.2996,0.19314,0.014938,-0.057615,0.035457,0.16594,0.16578,0.023627,-0.062678,-0.046566,0.030318,0.061209,0.038796,0.07767,0.045108,-0.027703,-0.035654,-0.035201,-0.046628,-0.071559,-0.051575,-0.050276,-0.10869,-0.14302,-0.13485,-0.11735,-0.085653,-0.011088,0.021014,-0.018543,-0.059105,-0.04895,0.015502,0.067507,0.089558,-0.0046423,-0.12453,-0.10503,-0.086859,-0.060206,-0.037005,-0.035726,0.036472,0.16595,0.23733,0.24078,0.21187,0.1835,0.16885,0.18771,0.2075,0.13694,0.025547,0.0087949,0.015177,0.015558,-0.027618,-0.071216,-0.069566,-0.055601,-0.075825,-0.087405,-0.063074,-0.035889,-0.010014,-0.011306,-0.036326,-0.089366,-0.12081,-0.11408,-0.12908,-0.13998,-0.79727,-0.79963,0.50086,0.69713,0.43319,0.034539,0.15018,0.082969,0.16128,0.21769,-0.18934,-0.16216,-0.21188,-0.28778,-0.1876,-0.045734,-0.055708,-0.044144,-0.047325,-0.071868,-0.087691,-0.083646,-0.089405,-0.12483,-0.11371,-0.0038092,0.10618,0.14429,0.13144,0.10404,0.088709,0.10846,0.1367,0.14311,0.18476,0.13327,0.020294,0.032209,0.022405,0.083978,0.29692,0.45277,0.38374,0.11715,-0.050651,-0.13177,-0.16191,-0.12778,-0.08824,-0.057066,-0.020383,0.024814,0.08038,0.10199,0.050715,0.0058706,0.03344,0.12342,0.17193,0.12307,0.055078,0.042262,0.081006,0.13139,0.14883,0.10574,-0.031509,-0.13742,-0.12579,-0.077513,0.0013043,0.059782,-0.064731,-0.14817,-0.10774,-0.079303,-0.072515,-0.10207,-0.15558,-0.10839,-0.0091545,-0.017215,-0.017409,-0.016823,0.0061131,0.037782,0.037933,0.020492,0.040996,0.076581,0.074987,0.073444,0.073589,0.062323,0.028565,0.056767,0.036615,-0.081214,-0.13677,-0.13181,-0.96314,-1.0555,0.12309,0.27116,0.066942,-0.15787,0.17127,0.2469,0.2093,0.17778
-0.091603,-0.082613,-0.072655,-0.043149,-0.027799,0.054047,0.1247,0.098833,0.077029,0.070539,0.081639,0.1025,0.1378,0.0993,0.024038,-0.010897,0.023472,0.036696,-0.014042,-0.046067,-0.047527,-0.0043281,-0.014143,-0.023551,-0.021057,-0.033202,-0.04782,-0.075746,-0.064913,-0.077741,0.04602,-0.0014575,0.02583,0.18348,0.14648,0.060819,0.050847,0.084123,0.066083,0.016022,0.023753,0.056827,0.062474,0.039083,-0.033147,-0.072747,-0.051922,-0.035176,-0.021699,0.0015055,0.012943,0.0014594,-0.0091848,0.0014467,0.035277,0.085123,0.14861,0.23507,0.17483,-0.03246,-0.033056,-0.16575,-0.27796,-0.32834,-0.31206,-0.27308,-0.2603,-0.24202,-0.1666,-0.086868,-0.045228,-0.01965,-0.0031763,0.00057807,-0.00015557,-0.0043419,-0.013097,-0.01323,-0.010002,-0.015027,-0.019489,-0.011112,0.0054367,0.006848,0.0082759,0.0013393,0.039092,0.11497,0.15117,0.2156,0.32848,0.22725,-0.062934,-0.23295,-0.3024,-0.28624,-0.24355,-0.19398,-0.12168,-0.094187,-0.0015727,0.032639,0.066487,0.051264,0.021932,0.03279,0.057299,0.021863,0.010199,0.012478,0.018157,0.011619,-0.0074852,0.077332,0.11355,0.063788,0.062043,0.051195,0.032707,0.039756,-0.038062,-0.11742,-0.078629,-0.040422,0.0037389,0.017214,0.0074813,0.038051,-0.012291,-0.01116,-0.31213,-0.60928,-0.5851,-0.1995,0.22558,0.29973,0.20775,0.14055,0.092583,0.038458,-0.00042276,0.040061,0.084392,0.025501,-0.077562,-0.10833,-0.071282,-0.037169,-0.050396,-0.12438,-0.20295,-0.23462,-0.22082,-0.15493,-0.048143,0.020286,0.062655,0.15808,0.22118,0.12972,0.13803,0.045172,0.021316,0.081667,0.050783,0.11021,0.18986,0.14895,0.089761,0.033862,0.01127,0.0011631,0.00047174,-0.00043341,-0.014883,-0.035663,-0.052374,-0.042844,-0.02203,-0.03073,-0.038394,-0.01585,-0.0074245,-0.026234,-0.031406,0.084895,0.14726,0.067021,0.033992,0.11605,0.24992,0.1391,-0.082946,-0.14913,-0.10781,-0.032532,-0.044627,-0.050349,-0.02944,-0.011947
-0.11425,-0.11839,-0.11524,-0.034065,-0.097666,-0.18787,-0.045369,0.11246,0.072159,0.061789,0.068115,0.064795,0.10372,0.1553,0.19467,0.26549,0.37043,0.33207,0.22295,0.28871,0.44298,0.43654,0.2648,0.096867,-0.035453,-0.14353,-0.20293,-0.15443,0.079823,0.15134,0.064091,0.074749,0.046022,-0.031934,0.026736,0.096577,0.087037,0.057386,-0.00016878,0.12082,0.22592,0.17771,0.1742,0.30488,0.38642,0.29613,0.098968,-0.018529,0.013139,0.055581,0.06204,-0.043495,-0.1428,-0.11901,-0.092345,-0.058767,-0.026376,-0.085227,-0.13937,-0.037999,0.13426,0.36719,0.45708,0.35359,0.19885,0.10428,0.021865,-0.10758,-0.22653,-0.30285,-0.35514,-0.37559,-0.42835,-0.44896,-0.41532,-0.3849,-0.33519,-0.32462,-0.33744,-0.3274,-0.30965,-0.31511,-0.34923,-0.38888,-0.42542,-0.32532,-0.18118,-0.16692,-0.14318,-0.079983,0.022128,0.092606,0.1388,0.2406,0.29587,0.11633,0.12014,-0.003497,-0.36877,-0.56991,0.27697,0.32613,0.37895,0.33287,0.10568,-0.13905,-0.17024,-0.098105,-0.16711,-0.17194,-0.15972,-0.16193,-0.14633,-0.17622,-0.006084,0.16633,0.19773,0.17294,0.12367,0.20397,0.25951,0.2506,0.27565,0.30631,0.30543,0.30002,0.33968,0.35944,0.34436,0.24718,0.27066,0.46109,0.38953,0.14856,-0.022114,-0.16346,-0.25463,-0.25676,-0.1821,-0.10691,-0.066735,-0.070941,-0.047303,0.18413,0.34324,0.097631,-0.14794,-0.30182,-0.47426,-0.48428,-0.37467,-0.22877,-0.070095,0.10923,0.27642,0.31849,0.16195,-0.075442,-0.13631,-0.04618,-0.0078163,0.011357,0.051393,0.10264,0.13435,0.13671,0.11945,0.093289,0.072496,0.068874,0.09519,0.12091,0.065017,-0.0021075,-0.006335,-0.0122,-0.038808,-0.026728,0.021001,0.044969,0.061977,-0.056178,-0.3482,-0.51286,-0.41122,-0.28772,-0.32317,-0.40354,-0.37904,-0.24426,-0.0048924,-0.094024,-0.32541,-0.3688,-0.31913,-0.3627,-0.40011,0.086815,0.033527,-0.098623
0.063774,0.035394,0.018757,0.084714,0.11616,0.087329,0.023007,0.0079503,0.01912,-0.0050477,-0.0073447,0.032938,0.11355,0.14739,0.12931,0.13911,0.18382,0.1512,0.029238,-0.096044,-0.2683,-0.36551,-0.23891,-0.0499,-0.014299,0.025042,0.016592,0.041681,0.06613,0.049446,0.043483,0.048872,0.09169,0.081354,0.044151,0.016983,-0.0066476,-0.014489,0.012302,0.012032,0.029251,0.055396,0.066788,0.12293,0.16344,0.14514,0.075635,0.026666,0.042515,0.019107,-0.02861,-0.028459,-0.017918,-0.016966,0.041397,0.14103,0.072718,-0.057505,-0.079814,-0.15829,-0.15336,-0.087655,-0.10984,-0.16296,-0.19333,-0.22854,-0.25145,-0.20459,-0.09278,-0.0070902,0.02536,0.018947,0.0037953,-0.011752,-0.022647,-0.019436,-0.01938,-0.010469,0.00011504,-0.0094376,0.01261,0.054927,0.066735,0.054547,0.038691,0.026234,0.062942,0.14975,0.1016,0.064921,0.1716,0.1463,-0.15772,-0.39785,-0.39846,-0.17782,-0.10784,-0.10837,0.015035,0.09448,-0.085746,-0.035736,0.0027758,-0.058209,-0.14431,-0.14409,-0.072282,-0.055994,-0.075906,-0.098081,-0.080478,-0.035135,0.0018434,0.06748,0.081999,0.057441,0.075701,0.056137,0.01413,-0.0042511,-0.014992,0.011109,-0.067665,-0.19424,-0.14859,-0.10432,-0.076393,-0.086651,-0.082903,-0.043267,0.0094262,0.083223,0.087333,0.029384,0.044026,0.061236,0.093067,0.11189,0.086875,0.055681,-0.020642,-0.050481,0.0065703,0.099341,0.16598,0.17045,0.060792,-0.13806,-0.22015,-0.14402,-0.052741,-0.03687,-0.10056,-0.1723,-0.18925,-0.13753,-0.013871,0.048411,-0.028299,-0.088943,-0.041098,0.013766,0.012844,0.020302,0.025622,0.014104,-0.008941,0.045942,0.093329,0.037861,0.016347,0.0098753,0.030047,0.053911,0.048998,0.02777,0.015517,-0.0023533,-0.032426,-0.050469,-0.031102,-0.015471,-0.03999,0.0021916,0.031246,0.094665,0.11733,0.041643,0.10021,0.25381,0.38768,0.16548,-0.095438,-0.10486,0.012287,0.14418,0.064967,0.01863,0.0055878,0.0039465
0.1749,0.11813,0.0071027,-0.052559,-0.074797,-0.09345,-0.023897,0.058329,0.042593,0.025379,0.012611,0.0092796,-0.0078769,-0.019717,-0.012421,-0.016946,0.0027501,0.016641,0.028239,0.088648,0.18195,0.2472,0.22961,0.14722,0.090495,0.076843,0.037622,-0.013937,-0.036837,-0.018247,0.026019,0.055534,0.09852,0.09869,0.077891,0.05532,0.029915,0.012895,0.021469,0.012626,-0.037082,-0.037709,-0.020885,-0.02762,-0.015595,-0.012477,-0.025167,-0.039435,-0.031199,-0.017148,-0.020186,-0.024773,-0.012808,0.013858,0.016711,-3.7938e-05,-0.04125,-0.068636,-0.051871,-0.10465,-0.10159,-0.14065,-0.22353,-0.16768,-0.030974,0.013001,0.031104,0.081072,0.12492,0.11788,0.041202,-0.052534,-0.1174,-0.15237,-0.13748,-0.074809,-0.010436,0.021721,0.025046,0.005392,-0.021652,-0.012058,0.023053,0.035681,0.028494,-0.0033767,-0.0031743,0.032577,0.036903,0.078386,0.19362,0.14699,-0.025505,-0.043794,-0.061611,-0.12028,-0.14087,-0.031062,0.00042174,-0.016982,-0.010864,-0.0041846,0.036846,0.091073,0.14825,0.19136,0.13799,0.079883,0.0376,0.0016263,-0.021463,-0.041621,-0.038861,-0.005477,-0.01037,-0.034066,-0.020175,-0.006352,0.007852,0.031271,0.043538,0.048121,0.071875,0.005391,-0.06627,-0.013832,0.027009,0.0041942,-0.0086888,0.033092,0.048168,0.07653,-0.018428,-0.15197,-0.11218,-0.054345,-0.0027705,0.028613,0.045193,0.063917,0.067374,0.035473,-0.00035387,-0.01861,-0.01629,-0.0036968,0.005506,-0.0096917,-0.059507,-0.094765,-0.076622,-0.025456,0.048388,0.090383,0.030302,-0.092839,-0.079095,0.027139,0.020965,-0.037451,-0.01397,0.008918,0.054794,0.068534,0.023213,0.0052265,0.036138,0.055141,0.00094951,-0.05635,-0.030855,0.025392,0.056028,0.083378,0.072148,0.019514,-0.012632,-0.029523,-0.061718,-0.075153,-0.03505,0.02529,0.052418,0.052756,0.028749,0.091154,0.10596,0.003391,-0.041628,0.036637,0.17875,0.13457,-0.014413,-0.10039,-0.071334,0.0073153,-0.19552,-0.17664,-0.26971,-0.38738
-0.12855,-0.14863,-0.16102,-0.091242,-0.026141,0.0069894,0.050267,0.075886,0.070415,0.069235,0.069379,0.050169,0.042267,0.069478,0.059045,0.041991,0.087657,0.11392,0.07744,0.011413,-0.074696,-0.12141,-0.076531,0.035164,0.13224,0.17514,0.1457,0.074174,0.025315,-0.015561,-0.006996,7.0383e-05,0.21789,0.26501,0.24564,0.18623,0.12402,0.11222,0.074049,0.016171,0.0078784,0.018468,-0.023602,-0.099608,-0.11665,-0.066024,-0.041056,-0.037597,-0.032252,-0.040702,-0.027553,-0.012296,-0.014723,-0.0037471,0.0061038,-0.0062925,0.018223,0.05937,0.089135,0.055563,-0.12068,-0.17741,-0.18269,-0.19835,-0.1898,-0.15531,-0.1554,-0.23281,-0.26971,-0.23251,-0.17975,-0.13552,-0.11739,-0.099763,-0.056252,-0.0092564,0.016,0.0091893,-0.0073631,-0.011956,-0.0081931,-0.0017698,0.0035611,-0.0087791,-0.025483,-0.061582,-0.050332,0.011403,0.02713,0.070544,0.18359,0.08636,-0.18408,-0.23587,-0.11799,0.0036225,-0.0051635,0.063567,0.041054,0.032309,0.028119,0.08585,0.14193,0.097411,0.019383,-0.012821,0.0031347,0.041836,0.064225,0.064118,0.050216,0.080717,0.089074,0.022906,-0.00093228,0.020615,0.046306,0.058287,0.042527,-0.017135,-0.056258,-0.019324,-0.028058,-0.064289,-0.04928,-0.016222,0.02078,0.017635,-0.00034315,0.034912,-0.43428,-0.56724,-0.23658,0.029412,0.072197,0.041389,0.03425,0.043099,0.03247,0.0046906,-0.013072,0.012775,-0.011306,-0.1128,-0.15148,-0.098713,-0.067574,-0.077208,-0.039754,0.012471,-0.043507,-0.18547,-0.22706,-0.16763,-0.098464,-0.034,0.037826,0.14011,0.22129,0.1519,0.090392,0.15344,0.092677,0.017432,0.0094502,-0.014626,0.061946,0.15406,0.12204,0.076906,0.051138,0.036531,0.040226,0.040917,0.010904,-0.034634,-0.073273,-0.10286,-0.075527,-0.016022,-0.008038,-0.0055927,-0.017039,-0.055273,-0.086847,-0.027228,0.022627,-0.029455,-0.062394,0.0185,0.15983,0.15148,0.010562,-0.0099527,-0.0019379,0.014979,-0.12832,-0.1252,-0.011021,0.037523
-0.15958,-0.15598,-0.1501,-0.11446,0.023414,0.14011,0.12258,0.091785,0.078885,0.084387,0.085271,0.09285,0.06544,-0.001637,-0.032585,-0.015089,0.034036,0.0206,-0.055256,-0.12304,-0.16467,-0.14835,-0.13512,-0.14614,-0.089138,0.0044878,0.078362,0.091651,0.090171,0.080807,0.044782,0.075676,0.13938,0.25096,0.22596,0.16153,0.12045,0.13408,0.10482,0.011343,-0.06355,-0.1135,-0.04352,0.057288,0.078817,0.047745,-0.0088863,-0.078249,-0.10679,-0.096942,-0.10174,-0.051325,-0.0032481,-0.022936,-0.058491,-0.011288,0.018734,0.021423,0.14256,0.19413,0.075043,-0.04149,-0.11297,-0.15083,-0.18296,-0.20676,-0.1892,-0.17052,-0.13172,-0.061473,-0.0014777,0.035622,0.056512,0.06009,0.051881,0.032889,0.016055,0.025396,0.0085697,0.013827,0.035377,0.012773,-0.0019956,0.018188,0.043611,0.035898,0.027108,0.0090479,-0.049125,-0.047039,0.036091,-0.045711,-0.27539,-0.28819,-0.14909,0.088648,0.22848,0.10337,-0.10729,-0.1918,0.015954,0.054998,0.095659,0.085838,0.11898,0.15559,0.062449,0.0089282,0.021329,0.038588,0.024927,0.0079601,0.027243,0.050786,0.024011,0.014855,0.047838,0.043622,0.013395,0.009531,0.044777,-0.0066805,-0.072968,-0.031111,0.0088395,0.042684,-0.016605,-0.091496,-0.062496,-0.038829,0.041056,-0.37366,-0.63714,-0.36323,0.087882,0.2264,0.29376,0.26562,0.10582,-0.039823,-0.076574,-0.055763,0.016799,0.089903,0.11042,0.071889,-0.019908,-0.11524,-0.13483,-0.12365,-0.096262,-0.099522,-0.13608,-0.21296,-0.25235,-0.14365,0.13316,0.38056,0.4086,0.27376,0.10234,0.096296,0.064309,0.019702,0.025329,0.013387,-0.015697,-0.0072369,-0.0090738,-0.018854,0.0014689,-0.01181,-0.015561,-0.020015,-0.038604,0.0032046,0.074199,0.057988,0.10397,0.13383,0.065544,0.070947,0.089069,0.082093,0.087823,0.15631,0.14684,0.059713,0.024099,0.076345,0.20031,0.04351,-0.19414,-0.17663,-0.10435,-0.11788,0.060607,-0.19644,-0.36438,-0.32896
-0.40599,-0.1652,0.050615,-0.022335,0.038527,0.095493,0.056181,0.022373,-0.00040817,-0.021227,-0.022013,0.023966,0.097185,0.16021,0.16831,0.08823,0.078575,0.12222,0.11522,0.055101,-0.074129,-0.21518,-0.33305,-0.36098,-0.2578,-0.022579,0.16904,0.22485,0.25487,0.19828,0.16934,0.18108,0.13074,0.085523,0.08018,0.055567,0.042948,0.04217,0.02155,0.019908,0.0033248,-0.047668,-0.054291,-0.042151,-0.058456,-0.065359,-0.050874,-0.014649,-0.0094523,-0.020456,-0.015525,-0.0021834,0.036141,0.057461,0.051597,-0.013196,-0.068746,-0.0086428,0.10021,0.065028,-0.11166,-0.026159,0.042887,0.07598,0.10084,0.11942,0.064309,-0.058762,-0.15551,-0.16596,-0.16172,-0.14432,-0.10239,-0.02328,0.054547,0.075001,0.047032,-0.0010582,-0.057779,-0.033412,0.03645,0.044085,0.054722,0.044189,0.013071,-0.036111,-0.044388,0.027459,0.072534,0.10811,0.18713,0.092077,-0.1311,-0.20573,-0.15721,0.091258,0.26835,0.65285,-0.47617,-1.3321,0.94401,0.2592,-0.13418,-0.10895,-0.025705,0.092818,0.055366,0.03171,0.014606,0.013206,0.029283,0.057593,0.076106,0.042591,-0.027174,0.015227,0.11362,0.13264,0.12464,0.11383,0.0068498,-0.090475,-0.055779,-0.0090933,0.04695,0.0072789,-0.10826,-0.15337,-0.1953,-0.12387,-0.034971,0.069868,0.07348,0.034975,0.11353,0.13311,0.14126,0.1238,0.061846,-0.020141,-0.045797,-0.036197,-0.003465,0.014501,-0.021005,-0.12157,-0.20331,-0.10856,0.075705,0.13831,0.14527,0.16815,0.092035,-0.082972,-0.13902,0.035679,0.28992,0.38461,0.43098,0.17891,0.024113,0.081102,0.12421,0.019831,-0.084329,-0.080272,-0.097871,-0.029109,0.046937,0.0099149,-0.0016243,-0.0075818,-0.01416,-0.039422,-0.085358,-0.1253,-0.14391,-0.14587,-0.11595,-0.029579,0.001946,-0.040012,-0.037696,-0.067332,-0.074818,-0.0020748,-0.00040565,-0.02929,-0.0094313,0.065481,0.18691,0.11759,-0.044756,-0.068218,-0.042696,-0.068762,0.12737,-0.52586,-0.26718,0.62764
0.04674,0.057452,0.047903,0.051601,0.060573,0.03609,0.037541,0.057166,0.039631,0.016663,-0.00362,-0.001268,0.0097119,0.04007,0.037011,0.0064543,0.070422,0.11131,0.041719,-0.054651,-0.13617,-0.091293,0.067951,0.1742,0.21913,0.24854,0.24407,0.17369,0.082973,0.056327,0.093905,0.11163,0.090822,0.057715,0.037348,0.018797,-0.0042938,-0.030091,-0.065561,-0.044803,0.010834,0.022315,0.016166,0.0051087,0.013238,0.04588,0.044627,0.024357,0.0087975,-0.0025787,0.0041014,0.028109,0.046033,0.03649,0.012056,0.068101,0.034681,-0.058318,-0.089688,-0.1923,-0.20842,-0.076225,0.01488,-0.050555,-0.16245,-0.14045,0.0077569,0.098583,0.11953,0.13196,0.11071,0.061631,0.0028306,-0.029561,-0.013485,-0.047257,-0.076497,-0.054376,-0.040424,-0.043677,-0.052876,-0.054942,-0.053596,-0.062279,-0.072451,-0.11673,-0.13831,-0.10298,-0.08097,-0.02137,0.08737,-0.0066062,-0.24503,-0.30275,-0.24216,-0.21717,-0.27702,-0.2425,-0.16773,-0.21781,0.040313,0.073038,0.11467,0.11076,0.087734,0.070071,0.049659,0.05126,0.02906,-0.013381,-0.048473,-0.059685,-0.021064,-0.015107,-0.028761,-0.016159,0.022929,0.046886,0.018141,-0.051812,-0.086163,-0.040117,-0.050685,-0.08865,-0.069509,-0.04124,-0.021268,0.022938,0.10962,0.1474,0.07384,-0.011732,-0.075231,-0.029156,0.067375,0.068841,0.1063,0.17465,0.22352,0.15793,0.018015,-0.020486,0.0086597,-0.016294,-0.053995,-0.023445,0.0078317,0.019037,0.046146,0.064761,0.048135,0.0086923,-0.015277,-0.14868,-0.2228,-0.092099,0.079868,0.09871,-0.031653,-0.097682,-0.032299,0.014998,-0.021264,-0.0048018,0.030409,0.017931,-0.011301,0.053174,0.10456,0.045901,0.021498,0.015777,0.068901,0.12595,0.10916,0.073621,0.048856,0.024888,-0.0023731,-0.010956,0.0027479,-0.0097489,-0.050523,-0.075093,-0.085482,-0.028844,-0.043198,-0.14379,-0.1618,-0.058908,0.088221,-0.0055379,-0.19158,-0.19927,-0.085584,0.04275,0.079378,0.0022118,-0.20278,-0.30565
-0.033073,-0.0096535,0.042197,0.060091,0.068768,0.064709,0.00053534,0.0018238,0.029713,0.012212,0.0081608,0.026241,0.031759,0.040142,0.11008,0.23287,0.11568,-0.14081,-0.078075,0.090895,0.096684,-0.023962,-0.15889,-0.23724,-0.23979,-0.1848,-0.073607,0.035913,0.048689,-0.019192,-0.064071,-0.074182,-0.11076,-0.19047,-0.075656,0.041869,0.04,0.007225,-0.06934,-0.0069546,0.096479,0.11099,0.12995,0.20586,0.26181,0.14012,-0.030157,-0.033345,-0.0036139,0.0094656,-0.0051053,-0.012994,-0.009952,-0.039463,-0.060647,-0.045506,-0.007358,-0.0093585,-0.029349,-0.0013953,0.030319,-0.1233,-0.20535,-0.12676,-0.015387,0.0081654,-0.048515,-0.037371,0.047519,0.083217,0.053728,0.010268,-0.035905,-0.075011,-0.074373,-0.055135,-0.050201,-0.057548,-0.074614,-0.084287,-0.066679,-0.028239,0.0093141,0.03115,0.036054,-0.0022566,-0.036797,-0.045803,-0.085925,-0.087496,-0.019322,0.047262,0.0833,0.19915,0.25513,0.31345,0.30153,0.18152,0.19092,0.22879,-0.080759,-0.056038,-0.048899,-0.074403,-0.062604,-0.050825,-0.080083,-0.076684,-0.062262,-0.067293,-0.057537,-0.041998,0.00052293,-0.0051037,0.092222,0.20682,0.054153,-0.15146,-0.067403,0.033361,0.059991,-0.0071777,-0.066324,-0.024831,0.024442,0.076285,0.089396,-0.042108,-0.12867,-0.029175,0.13891,0.37199,0.30928,0.059873,-0.011518,-0.068007,-0.19897,-0.30993,-0.33127,-0.22118,0.041361,0.30103,0.3151,0.3943,0.61512,0.36941,-0.040102,-0.13152,-0.17682,-0.16753,-0.086332,-0.039674,-0.11852,-0.26516,-0.27283,-0.1392,-0.045732,-0.023387,-0.0070464,-0.0047519,0.030175,-0.031995,-0.068878,-0.063932,-0.063895,-0.053009,-0.07041,-0.1049,-0.098474,-0.089896,-0.11118,-0.11446,-0.10244,-0.087999,-0.051199,-0.025032,-0.034058,-0.02625,0.00015538,0.026459,0.058695,0.089387,0.095612,0.092071,0.075692,0.11564,0.14375,0.13706,0.13214,0.18252,0.29652,0.22293,0.079518,0.060069,-0.089415,-0.18705,0.097329,0.2135,0.24781,0.22995
-0.11541,-0.10304,-0.037093,0.069382,0.056542,-0.0031017,-0.043177,-0.036192,-0.0088909,-0.025738,-0.026899,-0.011835,-0.030509,-0.040628,-0.033822,-0.049124,-0.026477,-0.021037,-0.036952,0.0011799,0.036706,-0.016477,-0.087259,-0.14174,-0.12148,-0.0080084,0.12799,0.18894,0.1975,0.13454,0.066315,0.085934,0.062383,-0.0152,0.016663,0.046386,0.027332,0.021399,-0.0052872,-0.04688,-0.085515,-0.09988,-0.073366,-0.039994,-0.039799,0.0098576,0.045584,0.013101,-0.013327,-0.026262,-0.0040713,0.026398,0.053079,0.093388,0.060152,-0.049114,-0.10809,-0.11044,-0.078505,-0.01568,0.084469,0.30342,0.46321,0.43102,0.30381,0.24077,0.21208,0.15348,0.08272,0.032585,0.02497,0.00058712,-0.038259,-0.056202,-0.026012,-0.05628,-0.11353,-0.12341,-0.11475,-0.10412,-0.097447,-0.087528,-0.074197,-0.072537,-0.071959,-0.10049,-0.14211,-0.12339,-0.08354,-0.038118,-0.85578,-0.88451,0.52059,0.79563,0.61357,0.2556,0.37184,0.1982,0.13396,0.14803,-0.19828,-0.16751,-0.1314,-0.17417,-0.22218,-0.14,-0.053044,-0.068656,-0.067067,-0.064692,-0.040888,-0.020793,0.0040984,-0.013339,-0.012898,0.017852,0.033417,0.042182,0.045908,-0.018672,-0.084962,-0.05819,-0.017436,0.02488,0.070195,0.074606,0.024894,-0.0046806,0.029041,0.10931,0.28033,0.45077,0.36282,0.11781,0.043678,0.072675,0.09366,0.088991,0.048719,-0.011251,0.005235,0.096544,0.18451,0.22444,0.19973,0.10649,0.044587,0.072364,0.10655,0.11718,0.10747,0.12243,0.17545,0.20353,0.16036,0.044161,-0.11303,-0.22928,-0.20668,-0.13158,-0.16643,-0.19429,-0.14104,-0.077596,-0.042195,-0.066661,-0.11198,-0.15363,-0.076402,0.029643,0.011091,0.0089507,0.050238,0.089098,0.064599,0.028891,0.039816,0.073808,0.077317,0.057938,0.047116,0.042498,0.023964,0.010231,0.0053827,0.069524,0.10903,0.056356,0.057225,0.093233,-1.1953,-1.4294,0.092327,0.29002,0.010862,-0.35725,0.12367,0.3526,0.46403,0.50121
0.063259,-0.0047324,-0.0014462,0.14168,0.13477,0.045978,-0.031194,-0.051331,-0.040714,-0.058155,-0.054743,-0.033806,-0.010868,-0.07414,-0.14718,-0.13475,-0.058721,-0.033291,-0.026657,0.081178,0.094597,-0.053856,-0.20655,-0.27769,-0.20579,-0.036797,0.088512,0.10084,0.12863,0.11687,0.094864,0.12738,0.08992,0.022387,0.01144,-0.0080738,0.0075225,0.034986,0.0072651,-0.036365,-0.076966,-0.089116,-0.044889,0.0074808,0.015599,-0.036448,-0.11961,-0.041471,0.033358,0.01869,0.071056,0.12427,0.00064241,-0.13471,-0.10027,-0.061659,-0.027361,-0.091913,-0.17678,-0.10735,0.11314,0.491,0.66705,0.55335,0.38913,0.30786,0.30006,0.30227,0.27504,0.20377,0.10016,0.052138,0.021441,-0.023779,-0.070488,-0.082023,-0.075812,-0.11256,-0.14498,-0.13337,-0.11797,-0.11134,-0.10601,-0.090922,-0.082913,-0.13145,-0.15395,-0.10539,-0.063968,-0.032316,-0.73228,-0.76564,0.46928,0.67596,0.41301,0.17712,0.25803,0.34239,0.34104,0.36888,-0.28967,-0.22779,-0.1649,-0.22833,-0.30605,-0.23791,-0.11593,-0.10656,-0.10435,-0.078707,-0.031309,-0.00034017,-0.014284,-0.017805,-0.035029,-0.039817,0.023689,0.051754,0.0051105,-0.051453,-0.070739,-0.047822,-0.012359,0.027275,0.075087,0.060517,0.00095882,0.0042799,-0.013231,0.038222,0.21961,0.35858,0.29746,0.098937,0.025342,0.019713,0.070543,0.09755,0.085514,0.084292,0.093144,0.12755,0.22945,0.32185,0.3177,0.24382,0.12201,0.13829,0.19858,0.20154,0.19052,0.22733,0.24541,0.26551,0.35742,0.35006,0.18953,-0.064429,-0.16331,-0.089099,-0.13845,-0.15793,-0.093916,-0.058283,-0.03731,-0.044952,-0.06391,-0.095237,-0.16506,-0.11393,-0.0032183,-0.0099815,-0.0059945,0.0095892,0.022974,0.020847,0.012234,0.035123,0.086705,0.10478,0.064922,0.0071697,-0.025328,-0.004416,0.011491,0.050644,0.040389,-0.035467,-0.036831,0.013697,-1.3754,-1.5812,0.12669,0.34882,0.23579,0.076376,0.10868,0.048243,0.065387,0.031724
