5.1363,5.4269,4.271,3.9787,5.029,4.8573,4.7812,-0.47667,-1.9753,-0.16059,0.77882,1.0838,0.53609,-1.4837,-1.2833,0.51182,-0.31352,-0.91692,-1.4378,-0.78011,-0.32095,-1.9474,-3.0391,-3.5914,-4.6502,-5.9844,-7.0852,-5.0529,-2.5553,-2.5321,-2.7889,-4.238,-3.7986,-5.2991,-11.47,-4.158,7.0142,7.6611,-0.53158,-13.315,-12.592,-6.3916,-3.4038,-5.6578,-9.3716,-10.234,-11.374,-11.906,-3.5897,0.82858,-5.6521,-9.7664,-6.9824,-0.39631,-0.024666,-2.8335,-5.3331,-7.6374,-9.6449,-8.788,-4.3892,-1.3113,-1.6124,-1.7718,1.751,6.0266,10.841,13.834,13.666,9.474,4.1073,3.5999,5.2592,4.7656,2.7494,1.8115,1.0914,0.43082,1.1631,0.82472,-0.00082856,0.4219,1.2661,-0.34779,-0.79359,-0.74105,-1.6823,-1.4266,-1.285,-1.5096,0.73881,2.9248,1.5097,1.2894,1.3297,-8.2519,12.713,20.674,16.064,13.015,2.3578,2.3656,2.159,1.9467,0.2786,-1.128,-0.96407,-2.258,-3.2342,-4.4277,-7.814,-9.9322,-10.06,-8.5063,-7.33,-7.1123,-8.0234,-8.401,-6.9255,-4.2822,-2.6322,-3.2648,-4.7362,-5.7908,-5.8718,-5.5069,-4.8016,-5.3878,-6.7281,-5.5565,-3.118,-2.3781,-1.5965,-0.90616,0.96005,10.636,0.50313,-15.573,-4.7193,4.2057,7.1527,7.8807,7.4288,3.9484,1.9962,8.3084,11.176,7.7209,6.2015,4.6785,4.8346,8.7238,9.5147,7.2597,7.227,8.607,11.277,12.539,7.9741,1.8597,3.9311,5.7998,4.8351,-0.82802,-2.9705,1.8921,5.0748,5.3329,3.1828,2.5369,5.2106,5.5577,4.2793,2.8265,2.2054,1.8618,0.73543,0.14805,-0.42503,-0.27252,1.0591,1.5954,1.5658,1.098,0.30189,-0.051078,-1.4631,-2.5241,-2.881,-4.1469,-6.903,-9.3415,-11.458,-12.515,-7.0603,6.0824,5.9994,-0.97257,-5.6251,-6.4261
5.1574,4.1364,3.1311,1.2918,0.11421,0.908,1.6257,1.4964,-1.429,-2.6111,-2.2137,-0.40094,1.6383,0.15954,-0.66189,1.3348,2.3356,1.7208,1.0185,-0.1842,-0.21079,0.22972,-0.42762,2.0951,4.7756,3.5223,2.541,1.4451,1.8915,2.4373,0.94641,3.0543,4.4833,-0.07464,-1.8368,-6.1403,-6.2608,-10.5,-13.531,-7.2031,-4.2561,-7.9488,-10.519,-9.1429,-5.5306,-3.9063,-2.2805,-2.0842,-6.9896,-16.095,-9.8473,0.73593,-0.73601,-2.1871,0.6134,-3.3781,-9.6119,-6.5321,-0.74409,2.6235,2.613,1.9758,-0.78107,-4.7379,-3.5343,0.96668,4.187,4.7041,3.852,4.1052,5.2814,3.9784,2.016,1.9173,1.601,1.4031,0.50773,-0.10161,1.1243,0.0069283,-0.65979,0.55224,1.9329,3.7235,2.2549,0.78673,1.6983,2.2365,2.4633,5.2861,7.9024,6.7348,5.2419,4.1457,2.9049,4.522,8.3016,10.607,7.8272,2.7842,-0.050764,-0.30557,-0.11627,-0.78391,-0.99658,-0.21186,0.40156,1.7462,1.407,-1.7384,-3.5923,-2.4342,-1.4628,-2.0234,-1.7408,-1.7778,-2.1615,-3.1883,-4.5556,-5.7054,-5.6028,-4.6433,-3.8701,-4.1071,-4.7771,-4.4215,-3.6544,-3.0454,-2.9262,-3.1253,-3.3943,-2.8284,-3.1204,-3.9941,-2.4948,3.8836,5.738,10.861,8.1606,1.4779,-1.9053,-0.59643,3.6382,4.3254,3.2783,1.357,-0.075266,1.8507,1.1595,8.681,12.219,7.6428,3.9127,1.7014,0.22185,0.44327,2.1918,0.27678,-3.9995,-6.7321,-5.0036,-2.475,-1.4591,-1.9046,-0.94329,3.4952,8.0508,8.7007,4.4518,0.69365,-0.75767,1.2838,3.5211,2.5163,1.7676,0.85927,1.2861,2.2924,1.6642,0.872,0.3576,-0.26489,-1.461,-2.0741,-0.52132,1.2874,2.6669,3.0953,2.1789,-0.29093,-3.1271,-5.5045,-8.4791,-9.8689,-7.1507,-1.3617,3.9105,7.0448,6.9496,7.3664
6.2793,6.5756,5.6967,5.6,5.1378,3.7062,3.7481,3.3726,2.4518,1.0418,-0.41156,-0.2132,0.22819,-1.3711,-4.7175,-3.6536,-0.63372,-1.0647,-1.3004,-1.8461,-2.8963,-2.3571,-1.7098,-2.9765,-3.9862,-4.9648,-4.8389,-4.0005,-2.5816,-1.6234,-1.0515,-0.86152,-1.936,-4.2664,-8.0967,-10.317,-4.071,0.05886,-2.5003,-10.073,-10.765,-8.558,-6.7277,-5.1967,-4.2966,-4.6734,-6.5451,-7.3566,-6.0969,-3.2948,-5.3422,-11.913,-10.099,-6.9187,-7.0805,-7.1374,-5.5125,-5.2473,-6.6637,-5.6102,3.1937,8.21,12.305,14.848,12.427,13.404,16.494,17.365,15.263,11.706,7.7006,4.8318,7.6071,8.0119,5.6439,3.5904,1.1783,-0.098996,0.88711,0.18992,-0.1053,-0.24737,-0.026875,-0.56206,-0.076246,1.6232,0.46545,-0.99864,-0.90784,-1.1523,-1.9945,-3.1995,-4.5636,-4.3622,1.1912,-1.1657,3.0863,9.7463,16.345,19.963,2.4177,2.4267,2.2601,2.0455,0.25771,-1.0737,-0.8493,-1.8551,-4.5605,-5.4446,-1.9817,1.3954,-1.0703,-5.3288,-6.0613,-5.3183,-4.1817,-3.2518,-2.2055,-1.054,-0.69772,-2.4906,-4.5999,-5.4205,-5.4371,-4.5648,-4.1375,-3.0553,-2.0981,-2.1158,-0.70713,-0.057402,-0.66044,2.6391,8.0177,14.009,9.4733,-8.0164,-10.683,-3.942,-0.65188,0.22613,-0.63394,-0.26203,4.6772,12.962,16.671,13.496,4.3361,3.8044,6.917,9.1284,12.297,9.0232,3.3086,2.706,2.6044,3.0961,5.7473,8.6413,2.9239,-2.2167,3.106,8.5508,8.2019,6.9248,8.8612,11.389,7.4963,0.69422,1.8199,6.016,5.4677,4.2822,3.907,3.7608,2.4159,1.7699,1.0847,-0.36495,-1.3711,-0.33962,0.53087,-0.77822,-2.9347,-3.5874,-3.5498,-3.8959,-5.7508,-8.2334,-9.9062,-10.61,-11.775,-15.71,-18.858,-5.9529,-0.87103,1.1555,2.9511,3.3613
5.6815,5.1663,5.1775,4.5372,3.5381,4.1831,0.42559,-0.17765,3.2552,3.9746,2.3037,0.79864,-0.060189,0.25222,0.63787,-0.13091,-0.95137,-1.2696,-1.018,-0.7866,-1.2633,-2.6493,-4.2229,-5.3771,-6.4483,-7.5901,-5.1257,-1.9572,-2.7892,-3.7196,-4.3766,-4.7766,-6.4253,-6.9019,-13.154,-19.534,-8.3398,0.95626,4.9079,0.66456,-3.7413,-5.2256,-4.2354,-2.7169,-1.9592,-1.9743,-2.0416,-0.94472,1.9285,0.16599,-5.7716,-8.3216,-5.8228,-4.2504,-4.7037,-1.2798,3.3525,5.3075,4.7022,4.2486,4.5586,5.0948,4.7049,5.1969,8.24,8.976,7.3503,6.0864,6.2646,6.9057,7.5993,8.941,7.8923,4.9806,4.5812,3.9691,1.7174,-1.1137,-2.4933,-2.7509,-1.9132,-0.99184,-0.40692,-0.61619,0.16553,1.5164,0.20617,-1.006,-0.54361,-0.48157,-0.93797,-0.16296,0.37968,-0.20094,1.1979,10.671,10.852,8.861,7.764,7.7533,-1.8299,-2.0245,-1.7784,-1.7487,-1.4663,-1.1526,-6.6378,-9.9871,-9.6278,-10.111,-9.4455,-7.8604,-5.2694,-3.6569,-2.7765,-3.2353,-4.6399,-3.8294,-0.65334,2.4361,3.4612,2.5392,1.3828,0.60481,0.36516,0.8889,-1.2522,-3.9816,-3.5634,-3.5185,-3.0224,-2.6194,-3.0967,-2.0511,1.3472,9.1121,12.717,-1.9139,-12.912,-6.5812,-0.93808,3.2562,4.7277,3.4526,3.8337,8.3907,9.3353,3.4245,-3.2267,-1.7783,3.6169,8.1899,10.662,7.5614,3.0077,0.53805,-3.299,-6.2705,-5.8927,-1.8427,3.8593,8.9949,9.4278,4.5757,3.8736,6.6391,6.6774,5.6896,4.9076,2.9401,0.72857,-0.60819,0.43413,1.7529,0.60633,-0.71396,-1.905,-2.4869,-2.5785,-2.3604,-2.6829,-3.3144,-3.4022,-3.9754,-5.0649,-3.7112,-0.45097,2.0294,2.8536,2.3937,1.4055,-0.35962,-1.7978,-2.4426,-0.87679,7.0797,13.295,10.258,5.146,2.9075
6.6493,6.9345,5.4914,4.8663,5.148,4.573,5.0802,3.1215,3.2955,2.6525,-1.3519,-3.9605,-3.0876,-3.3318,-6.6329,-4.6412,-0.4844,-0.71085,-0.61277,-1.0759,-1.2111,-1.8277,-3.5976,-2.0558,-0.041334,-1.2083,-2.3091,-3.1441,-3.4441,-3.9856,-2.6076,-1.5274,-1.2809,-0.82252,-6.3252,-1.0685,4.9704,3.0524,-10.797,-17.824,-14.357,-9.6532,-6.1899,-2.4403,-2.5454,-4.3488,-4.1031,-3.8124,-1.3697,-1.9987,-6.2784,-7.0225,-5.6074,-7.1872,-8.7331,-6.1614,-3.1603,-1.3524,-2.8584,-6.0725,-6.4168,-4.0371,-3.6304,-5.0993,3.3319,11.384,15.117,16.764,17.918,16.69,10.449,5.3004,6.5315,5.1321,2.4849,1.4682,0.5236,0.23006,0.7165,-1.0371,-1.7543,-1.3477,-0.47338,-1.0024,-0.7687,0.90244,-0.17537,-1.5887,-1.4178,-1.4783,-2.0831,-1.321,1.4518,3.5841,2.3337,-12.992,9.0267,19.679,20.258,20.074,2.7633,2.7665,2.3471,1.9607,0.22209,-1.3,-1.4661,-5.64,-9.7464,-9.4098,-6.8228,-3.6075,-3.2535,-5.1938,-6.4051,-6.3583,-4.8859,-2.3707,-0.0092537,1.0623,-0.24143,-2.5439,-3.8678,-5.9629,-7.7236,-7.1108,-6.342,-5.3835,-4.3061,-3.8838,-1.8697,-0.71146,-0.53378,1.7092,4.6632,8.9662,-12.134,-17.41,5.438,6.9661,4.791,4.3854,4.9763,3.2151,3.1425,6.1464,6.2531,1.9484,1.5684,4.1081,5.7882,6.848,8.5408,6.5712,2.054,1.1147,-0.12557,-0.31843,0.62919,5.6778,11.977,15.847,10.955,3.2411,-1.3927,0.29695,6.8608,10.219,10.014,3.8122,2.8937,6.7045,5.0133,2.9065,2.7623,3.2125,2.218,1.6664,1.2984,0.56429,-0.082411,0.3262,0.3161,-0.51796,-1.4303,-1.2313,-0.87555,-1.3356,-1.9359,-1.9128,-2.6447,-3.9428,-5.5555,-6.5218,-0.11686,11.671,4.22,-2.5508,-3.17,-1.9989
-2.9807,-2.6215,-0.19585,0.14089,-1.5282,-0.6629,1.0799,3.264,6.3868,6.7659,3.8878,1.6541,2.6286,2.7867,-0.55436,-1.0694,0.30183,0.29305,0.17854,-0.73254,-1.7276,-2.3293,-2.9017,-3.1361,-2.4121,-1.8136,-2.4088,-2.1611,-1.6527,-3.2228,-4.3388,-4.4502,-3.3827,-2.1325,-1.7512,-0.65066,-9.6185,-0.48821,-4.1722,-8.5605,-9.1165,-6.131,-4.2773,-4.0134,-1.9041,-0.70494,-0.61332,-0.25552,-0.055641,-1.5559,-3.4173,-4.8575,-6.0996,-4.685,-1.8668,0.4506,1.7403,-0.36911,-1.9783,1.2055,3.6996,4.9005,5.7971,4.7113,5.4489,7.0235,7.8667,6.1785,4.8491,9.7906,13.486,9.4058,3.5999,2.2972,0.77882,0.76908,0.56393,-0.0034547,0.53944,0.51223,0.19825,0.93854,1.9555,0.52594,-1.2564,-0.95659,-0.52288,-0.61175,-0.63768,1.4693,4.1308,4.2505,3.4663,2.2132,1.2136,8.1112,8.3191,4.4047,0.33421,-0.72808,1.4524,1.4807,-0.66893,-2.6797,-1.9512,-1.5396,-4.2511,-7.1302,-8.9867,-10.693,-9.3706,-5.0892,-2.3315,-2.6384,-3.6799,-3.3169,-1.4683,0.45834,1.1857,0.66452,-0.6631,-1.0087,-0.37808,0.13024,0.6527,1.6686,2.7452,2.0129,0.87915,1.9163,3.2297,3.3479,3.8268,4.1371,7.5762,-10.068,-32.756,-18.414,-1.8461,-0.54545,2.4269,5.5688,4.1534,2.3656,2.3195,3.9515,3.9757,-0.83871,-6.9742,-7.0567,-4.7171,-1.6638,0.4735,2.4391,4.128,3.0607,3.2951,4.9785,2.6543,-1.9087,0.88348,6.1598,8.5061,8.2566,1.3823,-3.2411,-1.0303,1.1837,2.9873,6.1518,7.2605,6.7256,6.1604,4.1507,2.9195,2.0551,1.1256,0.67248,0.22509,0.21422,1.0501,1.0763,0.52344,-1.3333,-5.1893,-7.813,-8.4807,-8.1365,-5.7276,-0.5154,4.0064,4.612,3.9037,3.6946,6.911,8.9437,11.652,7.579,2.6048,0.73494
9.024,7.6766,6.0098,4.1705,2.8299,3.5083,1.6501,2.0056,2.8311,2.2813,1.8935,1.6728,1.5695,0.069812,0.43953,2.2629,1.4108,0.75068,0.049292,-1.0937,-0.3281,0.78563,-0.51602,-1.1238,-1.5118,-0.53167,0.56518,-0.34474,-1.1018,-2.0436,-3.1411,-4.3933,-4.676,-6.8301,-12.159,-14.781,-15.607,-9.0723,0.73173,-2.7908,-11.623,-7.6143,-4.8418,-2.599,-1.5504,-2.0494,-1.9394,0.61748,0.40378,-4.8664,-6.1459,-5.394,-6.0147,-5.961,-4.4829,-2.2622,-1.7025,-2.2102,-2.247,-3.0775,-2.8944,-1.7618,-1.8938,-6.5238,-11.319,-7.8469,4.1247,11.675,13.648,8.6148,2.484,2.7624,3.1044,3.035,4.2306,4.2339,3.2131,2.9955,2.7167,1.4171,1.0557,1.1978,1.846,1.5206,2.0393,3.7874,4.4716,4.7323,3.3555,1.771,1.055,-0.13829,-1.4861,0.115,4.6558,0.070827,-1.4504,3.8064,10.867,14.371,1.4865,0.84056,0.33359,-0.01518,0.29048,0.7365,-1.553,-1.8593,-0.80354,-1.7413,-1.0976,-1.0478,-3.9745,-6.1299,-5.1208,-4.191,-5.1086,-6.7687,-8.2806,-8.5871,-7.8282,-6.6888,-6.4253,-5.8813,-4.9515,-5.2002,-5.6491,-4.7997,-4.2786,-4.2532,-4.1041,-4.5015,-4.4329,-4.2418,-1.746,7.1029,9.913,0.19312,1.7147,9.0155,7.9449,3.8954,1.7589,-2.4449,-1.2744,2.9713,2.4943,-1.0625,-2.5801,0.34092,1.8793,3.6197,4.3799,4.1096,5.2635,4.5735,0.098801,-4.1206,-1.5591,3.2869,6.6226,7.8222,7.2183,-0.05199,-4.9498,-3.0999,1.9383,7.1057,8.1823,5.5245,3.5681,1.609,2.2728,3.7259,3.2616,2.1602,1.7591,1.7045,1.0184,0.5232,0.34264,0.83405,1.0615,0.1755,-1.0366,-0.93914,-0.93385,-1.4641,-1.5173,-1.6639,-3.282,-5.7358,-6.9427,-7.0726,-8.4475,0.90688,4.2416,6.2401,8.2916,8.5432
-1.7012,-1.0789,1.2432,2.1337,0.67539,-0.53922,-0.78554,-0.15409,-0.6812,-0.91581,-0.52763,-0.70043,-0.99773,-2.53,-3.0484,-2.1259,-1.1738,-0.47289,-1.4655,-2.769,-4.1517,-5.033,-1.4191,3.0273,2.2248,1.9402,1.1711,1.5211,2.2098,1.0324,0.99246,0.66331,0.67637,2.6914,-3.5447,10.712,16.488,9.4395,-1.9812,-4.8886,-3.9932,-3.712,-2.8908,-2.2447,-2.0931,-1.6396,-2.3916,-3.5799,-6.2013,-8.0926,-5.8128,-4.54,-0.85147,0.30876,-2.911,-3.9034,-2.4975,-0.47247,-0.35973,-0.019173,0.42375,-1.6001,-1.7572,3.5009,7.7319,6.4664,3.0425,0.43084,-0.36555,1.0515,2.9731,2.394,1.5624,1.8129,2.3174,2.1939,1.5023,1.548,-1.5401,-3.9835,-3.041,-1.7777,-0.46431,-0.44681,-1.3557,-1.154,-0.4847,-0.24093,-0.32869,2.4887,5.5157,4.6033,3.533,3.1638,4.4838,0.67046,-0.49308,-3.0684,-5.9133,-6.044,-2.6252,-2.5882,-1.9153,-2.315,-2.3717,-1.1626,-0.29701,0.43166,0.85334,-0.31858,-3.0124,-4.4396,-4.1202,-2.5342,-0.3436,2.0582,2.4534,0.019413,-2.7651,-4.3896,-4.5738,-3.3083,-3.6802,-5.3931,-5.3633,-3.9261,-2.9757,-2.3786,-2.0513,-2.2819,-0.74472,0.13838,-1.076,-2.4565,-1.069,-2.622,-2.8585,-0.31945,7.3826,5.9551,4.3347,7.0405,4.8486,1.5107,4.3188,7.5385,4.6236,4.1722,5.0568,1.6963,1.8443,5.6773,6.63,4.6686,5.1747,7.5853,7.6777,7.1059,4.6278,0.76733,-2.1995,-3.6195,-0.037867,2.8114,4.7175,5.8797,3.954,1.1627,1.4169,2.8699,2.1366,2.4928,2.8703,2.0009,1.3939,1.3105,1.3189,0.70772,-0.019086,0.08111,0.27626,-0.076918,-0.85669,-2.1902,-4.4901,-6.596,-8.3155,-10.05,-10.087,-7.5286,-5.1941,-5.4762,-6.7834,-7.6908,-9.1827,0.68344,0.5348,-4.4031,-6.366,-7.2069
4.2641,4.5927,5.3339,6.8662,7.2503,6.953,7.7632,8.3666,5.5487,1.281,-0.80255,-0.75438,-0.37937,-1.986,-5.0053,-3.4356,-0.44439,-1.4585,-2.5164,-4.0101,-5.7533,-3.8249,-0.71822,-0.72174,-0.75645,-0.50767,-0.38354,-1.6681,-2.775,-3.5368,-4.2961,-5.3909,-5.0672,-6.5914,-12.196,-2.9971,8.1496,9.5538,2.0764,-7.7129,-12.036,-8.4858,-4.1741,-0.35808,0.27046,-2.0203,-3.1866,-2.1116,0.64018,-2.8378,-8.8671,-7.279,-6.7599,-6.3327,-4.285,-1.4007,1.2065,0.62512,-2.0701,-3.4938,0.32119,5.0171,5.1507,2.741,1.5426,-0.21514,-0.84953,1.6015,5.4467,7.3692,5.1638,1.379,0.93516,1.8933,1.4865,0.54072,1.196,1.6543,2.2557,2.9763,1.7312,1.1554,1.6828,-0.23533,-0.83095,0.87,1.5907,0.078527,-1.5228,-1.7746,-2.6176,-3.7582,-3.1354,-1.3844,1.0212,6.8842,5.4012,3.2171,4.5645,6.0934,1.0773,1.0996,1.5275,1.764,-0.22089,-2.15,-2.7258,-5.2738,-7.8832,-6.7985,-5.2673,-5.8038,-6.3477,-4.4086,0.17321,2.6845,1.316,-2.1417,-6.0755,-9.0706,-10.217,-9.8319,-8.3094,-6.2626,-4.4574,-4.0273,-3.9043,-3.5139,-3.4094,-3.2419,-2.8335,-3.0813,-2.4401,-1.8005,0.39387,10.735,4.3257,-10.117,4.214,14.649,10.2,2.9057,2.12,-0.17883,1.876,6.3834,4.7917,-1.7618,-1.8692,4.008,6.8597,10.747,11.281,8.2467,9.297,8.1281,4.167,0.77782,3.2193,9.5812,12.62,9.4961,6.4619,-2.0826,-7.5857,-7.6738,-7.3323,-4.4776,-0.82765,-1.1187,-1.6713,0.24008,1.0492,0.52207,-0.054954,0.7286,1.4987,0.78703,0.17269,-0.33872,-0.17613,-0.26293,-0.27527,-0.5898,-1.6926,-1.3661,-0.64088,-2.2137,-4.2903,-5.311,-7.7147,-9.5412,-8.452,-7.148,-5.6769,1.1294,4.5674,3.4406,1.7241,0.75235
5.7587,5.1789,5.0758,3.1688,0.22802,-0.7283,-0.42101,-0.017552,-0.98578,-1.0387,-0.24663,-0.061758,-0.13422,-1.6605,-2.3402,-1.8467,-1.1759,-0.26297,-0.92724,-2.096,-3.5778,-4.7892,-1.9237,1.7277,2.1085,2.5021,2.9351,3.6397,2.9445,2.6101,1.5434,2.8659,3.0422,7.0895,6.2802,10.588,12.148,5.7209,-9.577,-12.098,-6.3845,-3.6206,-3.8261,-1.8903,0.31049,1.0151,0.94483,1.2396,0.34829,-4.8461,-9.0408,-6.0854,0.46013,1.4683,0.34324,1.4343,2.9683,1.8527,-1.1201,-2.8009,-2.8338,-3.0963,-2.5433,-3.1582,-4.0038,-1.6719,2.2824,3.5094,2.3703,2.0204,2.4015,1.6207,1.9956,3.4448,4.7122,3.6105,1.1153,0.33027,-2.4321,-3.8885,-2.2531,-0.55508,-1.2019,-1.2273,-0.60145,-0.61601,-0.11967,-0.011958,0.089695,1.6174,4.2229,4.8315,3.5313,3.5742,4.74,-5.2628,-3.1846,0.92591,3.6369,5.1966,-0.7136,-0.91619,-0.68088,-1.4757,-1.6223,-0.52916,0.16903,1.4203,3.1786,4.0529,2.7744,-1.1239,-3.9715,-3.1592,-1.418,-0.73419,-1.3316,-2.5404,-3.6541,-4.4952,-4.9366,-4.4547,-3.8234,-3.9385,-2.5364,-0.48245,-0.3218,-0.085783,0.29066,0.59896,0.59102,1.5682,1.7462,-1.4363,-3.9762,-5.8132,-7.462,-6.9447,9.3235,13.875,6.3865,-1.3317,0.46468,-0.39894,-2.1645,-3.8248,-6.9836,-9.3346,-3.2683,3.1143,4.5913,3.7722,1.5624,1.0693,1.3996,1.6901,2.1273,2.0856,-1.2954,-2.7947,0.86884,3.0187,7.2592,1.0448,-4.4217,-2.062,2.6082,4.2617,1.7828,-0.59653,0.0018317,2.7605,3.6906,3.2513,2.812,2.379,2.1469,1.6733,1.6208,2.1227,1.932,0.9358,-1.291,-3.3098,-4.0507,-4.7091,-4.7635,-4.3784,-3.5984,-2.894,-3.2776,-4.5318,-7.1155,-10.138,-7.9367,4.755,5.0446,3.3909,2.6441,1.6702
1.9813,1.6109,1.9466,2.5582,3.2413,5.0107,4.4673,1.2074,0.10185,0.99581,1.8889,2.1496,1.4942,-0.12721,-1.1899,-0.040099,0.4135,-0.40427,-1.118,-2.3596,-4.2412,-1.8562,1.807,1.6002,1.8793,0.99005,2.1446,3.1035,1.9904,1.4719,-0.80689,-3.4548,-2.3576,-2.9749,-7.6038,-9.1357,-10.665,-5.4192,1.802,-1.9615,-11.525,-10.005,-2.741,-0.16654,-2.2879,-4.2906,-3.6148,-1.5393,-0.39338,-3.5255,-6.9189,-2.6801,3.5203,7.7061,9.0926,6.844,4.0942,2.8393,-1.1144,-4.7406,-2.7233,0.7505,-0.63958,-5.5802,-8.4479,-8.9696,-7.8165,-6.1632,-3.6561,-0.25078,1.6871,0.96172,0.06973,0.39984,0.17451,0.13166,1.0858,1.2822,-0.34086,-1.3766,-1.0399,-0.48234,-1.5126,-1.4926,0.73852,0.68934,-0.21612,0.019562,0.105,-0.065153,2.208,4.5047,3.5719,3.5997,2.7747,-8.8758,-0.48741,6.5611,7.4767,6.6926,-2.0762,-2.1558,-1.6888,-1.3427,-0.95616,-0.79338,-3.9959,-5.6988,-3.3606,-3.4307,-6.781,-8.3561,-6.2577,-1.2726,1.6996,0.95766,-1.6075,-5.4666,-10.424,-14.685,-16.07,-14.594,-12.953,-10.292,-7.2532,-6.2226,-5.8867,-6.4089,-6.3099,-5.9054,-3.6602,-2.5636,-2.4535,-2.339,-0.53109,6.5707,8.632,-1.1496,2.3901,10.878,11.334,9.4032,7.775,2.5248,2.8305,10.476,10.123,2.0397,-0.621,2.6372,4.1928,6.3262,5.2404,0.20672,-0.25972,0.97193,3.3747,6.3373,4.912,4.7087,7.3764,2.8114,-2.9003,-5.2829,-4.8693,-4.5118,-3.8761,-1.7222,1.051,1.8996,1.3242,1.7958,2.3024,1.588,1.0583,1.23,1.3175,0.74919,0.26421,0.21155,0.51698,0.75145,-0.62776,-2.2712,-1.3997,-0.89169,-2.4586,-4.0314,-4.6765,-4.6226,-5.4629,-6.911,-7.7156,-7.4714,-2.6948,6.9876,7.3296,7.1973,4.3972,1.7732
8.2958,7.6819,7.5249,7.5735,7.5182,8.5123,7.3864,7.9636,9.3276,7.1353,3.3422,1.1804,0.37505,0.36822,0.28972,-0.50223,-1.3549,-2.0095,-2.7619,-4.0183,-3.2966,-1.792,-2.4699,-3.2606,-4.2426,-3.761,-2.6677,-3.616,-4.4955,-5.0525,-4.2693,-4.036,-6.3034,-10.269,-22.89,-31.237,-31.483,-23.171,-0.83988,-1.4049,-7.7711,-4.7094,-8.2892,-9.6304,-6.4572,-1.2948,2.0335,3.9301,4.861,2.9908,-5.5075,-13.587,-13.428,-7.0204,-0.69466,2.4524,3.6443,3.4741,3.4761,3.8957,4.1053,5.6384,7.9183,3.9851,-6.4397,-0.12828,13.85,15.631,9.4378,3.2777,4.3816,6.8229,7.9575,6.4499,4.3573,2.5985,2.6417,4.1628,3.6057,1.276,0.10268,-1.0854,-0.79008,-1.3313,-1.0621,-0.95105,-1.8347,-1.5751,-1.56,-1.8544,-0.82218,-1.4403,-3.6039,-3.8021,-3.4871,-3.6651,2.8883,8.3819,13.624,16.474,-1.062,-1.4235,-1.4815,-1.6647,-1.7513,-1.9155,-5.7728,-8.2069,-9.9597,-12.01,-10.23,-7.6756,-6.1674,-6.1227,-6.0619,-5.6655,-6.0198,-7.0668,-8.2166,-8.6472,-8.9745,-7.1635,-5.2361,-4.8795,-4.6677,-6.0195,-6.84,-5.9591,-5.5329,-4.9337,-5.9079,-8.2047,-8.9642,-9.3389,-4.4583,7.408,12.624,2.2188,1.0413,11.729,14.082,8.1045,5.9778,8.6733,8.6791,6.1508,1.973,-3.0939,-8.8042,-4.3212,4.6378,10.251,10.727,7.0281,3.7511,1.7943,3.0172,0.71949,-2.0556,1.1422,5.5132,8.7061,11.183,2.2061,-7.1005,-4.7082,6.4237,8.2947,5.3977,6.0973,6.9425,6.4779,4.7492,2.4219,2.6391,3.1329,1.8849,0.86607,0.32868,-0.82487,-1.8915,-0.13903,1.1191,0.86416,-0.27579,-2.2768,-4.9691,-6.8029,-6.9142,-5.788,-5.1321,-3.9393,-2.1681,-0.94853,-1.974,-0.65062,3.5885,6.6647,7.2246,6.9355
-0.58058,-0.69913,-0.37001,0.11368,0.71666,1.7757,0.72066,0.85143,4.4771,5.356,4.5607,4.9601,5.1563,3.6235,1.6973,0.79509,1.1135,1.7543,0.99364,-0.32271,-1.896,-2.8867,-1.2549,0.58478,-0.06921,1.0953,2.3227,1.1847,0.38008,-0.642,0.47312,1.6456,2.2588,5.7886,0.077963,6.6619,9.0233,4.0127,0.79284,0.089184,-4.3358,-8.7196,-5.1225,0.5888,1.0929,-0.27569,0.16467,0.84716,-4.6724,-13.696,-13.134,-4.5069,1.2931,-0.43991,-2.2471,-1.2104,-1.7714,-5.1345,-7.3206,-6.8555,-6.1999,-6.6118,-5.2005,-8.1351,-10.834,-7.1813,-2.7808,-1.2667,-1.5614,-2.2693,-1.9903,-1.6643,-1.1718,0.089473,2.027,3.2978,1.9259,0.33642,0.46494,-0.04626,1.4205,0.65547,0.47782,3.1662,5.8887,7.6544,8.2548,5.3748,2.7057,2.6677,2.2265,1.3073,3.3238,7.1519,7.0909,-8.9016,-10.024,-6.2638,-3.2796,-1.7396,-3.1487,-3.1355,-2.5039,-1.9903,-1.4413,-0.94145,-1.2309,0.94218,3.5653,4.3261,4.3947,4.8361,4.5855,3.1705,1.8629,0.65692,-1.7246,-4.1717,-5.9574,-8.0534,-9.3155,-7.5389,-3.909,-2.2144,-1.9345,-2.992,-4.4999,-3.9458,-3.511,-3.5754,-2.656,-2.2908,-3.412,-5.1159,-4.2045,-4.3111,-6.3253,-8.8822,-1.9954,1.371,2.4333,5.5129,4.8038,-3.7576,-7.4162,-2.3682,-1.0571,-2.7101,-1.6822,-0.2316,-1.9713,-3.168,-2.9136,1.5526,5.5123,4.2429,4.4472,7.7505,3.5843,-3.7986,-2.726,-0.20307,6.4377,1.816,-3.2179,-1.6989,2.1875,4.2806,2.8568,0.60475,-0.87407,-0.46427,2.1089,4.1056,4.102,3.4382,3.8184,4.9788,5.0215,6.0017,5.9242,4.8626,2.761,0.26334,-1.5186,-2.6679,-3.3192,-3.8154,-4.1848,-3.3084,-2.7097,-3.7129,-6.3687,-9.1669,-5.0991,9.0061,5.7357,2.9261,2.8457,2.1576
2.0512,1.5303,1.4829,1.6247,0.72508,-1.0767,-4.1242,-4.9437,-0.82119,2.1104,2.3879,2.6179,2.5104,1.022,-0.33609,-0.45422,0.77239,2.7913,3.1309,2.4047,0.73014,-1.3767,-1.5579,-1.1014,-2.4479,-3.7887,-5.014,-4.0567,-2.6855,-2.8152,-2.0308,-2.5291,1.1934,4.5727,-1.3628,-5.6293,-10.53,-9.3336,-6.1221,-5.9283,-4.8558,-4.4364,-3.7823,-1.9679,-1.2808,-1.257,-1.0164,-1.1183,-2.0101,-3.791,-6.2013,-6.3184,-3.5832,-1.132,0.55345,-0.50529,-0.58121,2.7037,3.2851,1.6373,-1.7893,-9.0273,-12.304,-9.0333,4.6195,12.066,11.64,11.825,13.682,14.175,7.0777,-2.8548,-3.4207,-3.1307,-1.531,-0.1381,0.58852,2.0359,1.27,-0.10931,0.28117,0.86881,-0.58337,-0.74156,1.8085,2.0573,1.2366,1.4137,1.5249,1.8541,5.5012,9.0322,7.1242,5.9841,5.1173,-4.0503,-0.2037,2.5662,1.9075,1.3048,-3.8439,-3.9489,-3.4859,-3.0235,-2.232,-0.77959,0.28594,0.76792,-0.42137,-1.6286,-1.2409,-0.87072,-1.5851,-1.9831,-1.6636,-0.2666,1.818,4.0084,4.9269,4.2778,2.4712,0.27711,-2.7229,-5.3381,-5.9496,-5.6619,-5.1353,-5.3785,-5.997,-5.3144,-3.7813,-3.6455,-3.4831,-4.0762,-3.1266,1.7857,4.0765,0.19558,-0.028831,0.90803,1.7318,3.3599,3.4395,1.4391,1.2917,4.9137,4.324,1.1257,-2.6372,-1.7318,1.5489,3.75,2.9864,0.83415,0.67417,-4.0358,-10.439,-12.188,-9.9016,-5.163,-4.5315,-6.4561,-2.1311,3.29,5.1563,6.0619,7.8335,8.4415,9.4023,6.5611,4.2715,3.6353,1.8756,1.3572,1.3387,2.1732,2.7504,1.9106,0.89419,0.76224,1.0716,1.1346,0.81255,0.055864,-0.66182,-2.2674,-3.8936,-3.753,-2.846,-1.1981,1.6075,2.713,-0.28498,-2.7857,1.6851,10.288,9.4949,6.4881,3.7126,1.7432
12.51,12.797,11.362,10.514,8.5156,5.4133,4.834,1.9168,2.6661,3.4341,2.2213,1.7093,1.3154,-0.25351,-3.6675,-3.0598,-0.60802,-1.1701,-1.5579,-2.3773,-3.7341,-3.2813,-2.6864,-4.1237,-5.1239,-5.8651,-3.6477,-1.1214,-1.4458,-1.4355,-2.5554,-2.4359,-2.5302,-6.3215,-12.013,-16.151,-18.295,-10.954,-8.7588,-11.255,-10.988,-11.17,-8.8093,-4.1576,-2.5622,-2.921,-2.6429,-2.2552,-1.5914,-1.563,-9.1486,-16.454,-10.486,-7.1909,-6.1012,-3.8363,-3.0407,-3.9222,-5.1863,-3.4547,1.4243,2.0211,-1.4925,-3.3855,0.6141,9.3993,13.646,14.156,12.11,11.144,13.208,14.964,12.355,7.4202,5.7582,4.0002,2.9167,1.5403,1.5688,2.1609,3.3245,1.6174,0.40935,2.1282,4.4946,1.9747,-1.1307,-0.88856,-0.75291,-0.93465,-1.7126,-3.0173,-4.6622,-4.7691,-0.46263,10.291,5.654,5.1908,15.235,21.103,6.6398,6.6279,5.4366,4.2461,1.502,-0.55514,-0.62136,-4.0638,-8.3647,-9.5732,-8.3248,-6.5188,-7.3537,-8.3695,-8.2039,-7.4879,-6.6409,-5.261,-3.5909,-2.6254,-2.7487,-4.5622,-6.6089,-7.681,-7.6027,-6.2077,-6.1443,-6.6623,-5.567,-4.41,-4.2706,-3.7171,-3.308,-3.7697,-1.6951,7.8102,11.546,4.5144,0.63168,-0.25407,1.1523,4.6426,6.0033,3.9154,4.8137,9.1955,9.5685,5.201,-2.1831,5.0722,15.639,14.126,9.6652,7.4811,3.8534,3.1671,1.8677,1.4787,4.2425,7.375,5.9627,2.7671,-4.1464,-6.4435,-2.6263,2.6778,6.1593,7.0877,7.1397,7.4281,6.0483,4.5828,6.4598,8.8541,6.5154,4.3539,2.9282,3.3863,4.3425,4.0328,3.4312,1.7817,0.11524,-0.1723,-0.49725,-0.86815,-0.8353,-1.0822,-2.1348,-3.138,-5.0613,-8.5795,-12.21,-11.955,-9.1342,-6.504,-4.7641,-0.67724,3.7056,6.0476
2.3164,0.93811,-0.67817,-1.438,-2.0467,-2.3375,-3.7191,-2.3519,0.074828,1.2413,1.8786,1.9857,1.832,1.7934,0.20799,-0.20665,1.1417,0.89356,0.62331,0.046284,0.26028,0.65832,-0.16564,-1.0191,-1.6126,-0.84339,-0.085669,-0.68465,-0.63171,-0.746,-1.1057,1.7961,8.4264,13.753,11.232,4.5579,1.7539,-0.82791,-9.6339,-2.2211,0.78367,-1.7563,-3.0984,-1.8187,-0.68031,-0.7032,-1.0333,-1.8982,-3.8526,-6.1624,-6.2524,-5.7504,-4.555,-3.5842,-3.2225,-2.2746,-2.4313,-2.3829,-1.1257,-1.228,-1.5325,-3.8397,-2.9203,1.7482,4.8772,3.8206,1.749,1.0856,2.3945,3.0491,2.6769,2.2176,2.4559,3.0554,3.2271,3.2117,2.9222,2.4693,2.2792,3.0778,2.146,1.7555,3.3309,3.4493,4.1926,5.7985,6.4823,6.8924,4.0285,1.6054,1.9947,1.8776,1.4328,-0.29162,-0.87711,-1.7188,-2.7751,-1.9044,0.66957,1.6973,-5.1416,-5.345,-4.8936,-4.2336,-3.2729,-2.0501,-1.8587,0.092881,2.7344,1.8143,-1.0363,-4.1206,-5.3373,-3.7136,-1.4294,-0.43212,0.28071,0.74971,0.79142,0.79493,2.485,4.1063,3.8827,3.324,3.415,2.8732,2.189,3.0843,3.999,4.469,7.5044,10.353,9.5739,6.8349,5.3192,7.5282,-34.963,-37.117,2.3354,-4.5629,-5.6381,-1.3236,2.2033,2.2914,1.5455,2.6709,3.6148,2.2592,-0.93958,-2.4591,-2.5756,-0.86713,1.6076,1.2138,-0.11507,0.38842,-0.59457,-2.3039,-1.6067,1.8831,0.46166,-1.5195,3.9347,2.9825,1.5209,2.6297,2.0774,1.1722,1.1641,-0.14401,-2.4471,-0.61875,1.845,1.0832,0.39746,-0.59954,-1.817,-1.0794,0.17903,-0.60932,-0.10555,0.39914,-1.4256,-1.851,-1.088,-0.41203,-0.044894,0.40174,2.8567,5.3583,6.1265,5.8311,5.4767,2.787,-2.9746,-1.0069,2.2873,3.7493,4.9069,5.6406
5.2514,4.6969,4.6129,3.5182,2.3523,3.4569,2.6821,1.6407,3.3041,3.3665,2.1231,1.5945,0.95396,-0.83811,-0.79943,0.96972,1.3207,2.245,2.6806,1.8438,0.54061,-1.5495,-4.1232,-5.6426,-5.2494,-4.6032,-5.4777,-6.1889,-6.2138,-4.283,-2.4163,-0.33962,0.31343,-0.20784,-2.2855,-4.2593,-2.6375,-4.7309,-2.9571,-10.168,-10.335,-4.4435,-3.7469,-1.8351,-1.5318,-2.3303,-1.7837,-0.74967,-1.0585,-3.3634,-7.3474,-10.822,-12.704,-13.699,-11.861,-8.689,-4.237,-0.10294,1.3523,0.37595,0.61605,2.3714,8.0832,11.264,8.1805,9.4676,13.125,14.992,14.169,12.868,12.282,7.5712,2.7852,2.3296,1.6523,1.2838,1.9998,1.1993,0.68708,1.8032,1.6834,2.018,2.6544,0.71232,0.13867,1.8737,0.89145,-0.46369,-0.26507,-0.31775,-0.97241,-0.28306,0.5003,0.43535,1.6438,8.5215,5.69,1.1851,0.17431,1.4342,-1.2161,-1.3823,-1.0796,-1.0303,-0.71369,-0.42448,-3.4543,-6.8025,-8.1226,-8.3436,-8.1535,-7.8369,-6.6652,-4.6555,-3.2641,-0.70658,3.3279,6.3751,7.3102,6.3264,3.5118,-0.28517,-3.0752,-4.3557,-5.014,-4.5629,-3.4834,-2.2945,-0.95647,-1.3937,-2.2352,-0.93272,-0.70662,-1.0347,4.9774,11.497,2.4102,-14.512,-12.84,-0.98325,4.7661,4.0584,2.8225,2.4153,3.3194,6.8092,6.0578,-0.20615,-5.5208,-1.3989,4.1402,7.7854,6.0746,2.5085,4.0601,2.9342,0.31534,-2.2566,-2.6301,1.7483,7.5235,9.9038,6.5072,3.6711,2.5768,3.3715,6.776,10.053,10.88,8.8796,4.1542,3.1955,3.9383,2.5599,1.5605,2.2092,2.9657,2.4686,2.1514,1.4325,0.94094,0.17261,0.10658,0.15096,0.031322,0.40239,-1.1036,-2.8421,-2.5383,-1.8983,-2.9105,-4.3346,-4.0429,-2.5104,-0.59264,1.4763,2.8947,0.59208,-1.982,-2.8843
0.29467,0.32101,1.4394,2.7643,4.0558,5.7902,7.2681,5.1671,4.4325,4.0469,1.8076,-0.049582,-0.79002,0.12429,1.8616,1.9828,1.2307,0.75536,-0.44925,-1.4484,-0.7925,-0.067475,-0.41052,-1.5903,-1.5718,-1.3566,-2.5827,-3.2401,-3.4094,-3.0193,-3.0357,-5.0537,-7.2588,-9.5729,-12.371,-11.77,-4.1223,-0.70801,-4.6378,-6.9504,-3.5933,-3.1203,-2.2842,-0.43539,0.040139,-0.3025,-0.52994,-0.56201,0.70277,-3.7753,-10.309,-9.4381,-5.4198,-3.3108,-2.5893,-1.1787,1.4885,5.2721,5.7973,2.9618,1.6805,2.8715,3.1396,4.2952,5.739,5.5028,6.2753,8.504,10.473,7.5478,2.8448,2.8149,3.5419,4.2246,3.2764,0.89437,-0.55141,-0.26876,0.10357,1.0952,3.7595,4.1999,4.3372,5.8889,3.5925,1.6235,0.75887,-0.34849,-0.20483,-0.64393,-1.4562,-0.65744,0.11889,-2.3101,-3.4927,-3.0507,1.8168,4.2399,3.0834,0.23328,-2.5373,-2.5357,-1.9326,-2.433,-2.9984,-2.8807,-3.3604,-6.537,-9.561,-10.416,-9.9322,-7.6172,-6.2088,-4.675,-2.9565,-2.3034,-2.3857,-2.5229,-2.0923,-0.27331,2.7124,4.8113,5.1732,4.314,1.7757,-0.0050686,0.44529,1.4294,2.3698,1.9396,1.2911,1.8314,2.1672,1.9979,4.6439,10.538,8.0615,0.57919,-1.2013,-1.469,-1.3921,0.92943,1.7832,-0.60298,-0.78678,2.9631,3.0436,-0.055189,-0.86361,3.1202,5.9599,6.5919,6.9572,4.0294,-0.43608,-3.0937,-6.9084,-9.7136,-7.6839,0.18022,5.4327,2.3925,0.69655,-0.18471,-0.026827,1.8512,0.60546,-0.53649,0.26068,1.607,2.0586,2.1371,2.727,2.0307,0.90831,-0.569,-0.11662,0.81735,0.34449,0.44626,-0.64331,-0.67272,-0.089433,-0.34216,0.25118,0.40703,2.1107,3.1146,1.7338,-1.4311,-3.944,-4.67,-4.6127,-2.7785,1.584,2.7432,5.8419,7.5116,6.1247,4.9226
3.4675,3.5101,4.0994,4.4027,2.9535,1.8849,2.127,4.5886,1.4948,-1.3816,-0.91885,-0.73476,-0.75053,-1.9339,-2.5313,-2.4037,-1.8636,-1.0076,-1.8172,-3.0838,-4.2871,-4.0606,-0.21951,3.0605,2.7146,2.4192,1.7517,1.5037,1.2456,1.6718,1.9577,2.4226,4.4285,2.4413,2.2682,-0.93779,5.9738,8.9143,1.1975,-4.4517,-4.247,-1.6933,1.971,4.0098,3.0495,2.2096,2.7116,3.0454,0.29845,-5.0736,-6.9179,-5.0358,-0.55631,2.854,3.3041,1.5128,-5.6719,-12.698,-8.2051,-1.7173,-0.75296,-0.59704,-0.82461,-3.7566,-7.4635,-5.3136,-1.0299,-0.98361,-3.9161,-4.7645,-2.7499,-1.0195,-0.36782,1.0893,3.6892,5.6861,4.4027,1.5195,0.87953,-1.5569,-2.6133,-1.3882,0.03288,-0.37772,-0.10624,0.043402,-0.85264,-0.64463,-0.55366,-0.73289,1.9866,4.7252,3.7641,4.5002,6.8798,-1.2094,-5.0815,-3.6712,-1.6958,-0.87272,-4.2492,-4.2712,-3.7616,-3.4884,-3.1527,-2.4612,-1.8143,0.031871,2.3259,3.5063,3.396,0.44238,-1.2166,0.83297,1.3499,-1.2938,-3.2159,-5.4103,-8.0842,-9.9709,-9.1971,-4.2617,0.46999,1.583,1.8314,2.8639,3.6627,3.3743,2.6068,1.7958,0.92005,0.4974,-0.38299,-1.2821,-2.0742,1.6203,0.70857,-2.3533,1.2458,3.1178,4.1296,2.4169,-3.7493,-5.7319,-1.4739,2.9646,0.85901,0.13372,1.6095,3.6237,4.7841,5.8094,3.4446,-0.042678,1.3122,3.5037,9.2586,13.137,13.276,8.1618,1.3015,4.3099,-2.2319,-6.5097,-6.1663,-4.3155,-0.87928,-0.89959,-3.8337,-5.4611,-5.7246,-4.4024,-1.2826,1.0554,1.2158,0.58166,0.17085,0.52703,0.21919,0.58924,1.4419,1.5615,0.83174,0.11524,0.42096,1.2665,-0.52087,-3.6528,-5.2675,-5.077,-5.1289,-5.8713,-8.519,-12.047,-11.764,-0.26271,3.1979,5.4062,4.7409,3.6936
-0.73069,-0.80208,-0.0065034,1.2508,2.2999,3.3278,1.9278,1.7034,1.7579,1.3291,1.4417,1.4172,1.4374,0.28344,-0.33863,1.2343,1.6848,0.87224,-0.030561,-1.448,-3.0597,0.0080038,4.4117,3.4749,3.4086,2.6422,2.6879,2.9424,1.8293,2.326,2.4588,3.355,6.4434,5.0178,4.3256,-0.12393,4.5738,7.6758,0.78557,-7.402,-11.136,-10.149,-7.3807,-2.6819,0.39153,0.23367,-0.5572,0.41769,-1.7992,-5.2827,-4.113,-3.2181,-5.2731,-6.1695,-3.9754,-1.458,0.3167,1.8918,1.9251,0.31115,0.22572,-0.16936,0.012937,-1.3845,-4.2649,-4.599,-4.2169,-5.7646,-6.9641,-6.1942,-5.5598,-5.1396,-4.2352,-3.269,-1.0429,1.8118,3.8857,3.9348,2.3988,2.1418,3.4215,3.6481,4.8591,2.6215,1.6145,3.5349,4.3137,3.0178,1.666,1.4469,0.63769,-0.29472,2.1873,6.4826,5.969,-9.4791,-6.2297,-0.90077,0.80461,0.63223,-4.1106,-4.1164,-3.5097,-3.0532,-2.628,-2.2681,-2.882,-1.198,0.99318,0.96893,0.571,-0.19758,0.37686,2.1856,2.8373,1.4491,-0.61489,-3.2092,-6.2142,-8.7096,-9.378,-8.3359,-7.3643,-7.5919,-6.1087,-4.9717,-4.4983,-3.9312,-3.8322,-1.9768,-0.40984,-0.84115,-1.9353,-3.095,-4.513,-0.63122,1.1797,-4.5192,3.4883,10.739,8.9574,7.6523,8.8535,1.8214,-7.8604,-9.1491,-9.2903,-5.7881,-0.92889,0.82299,0.62027,2.1399,3.5764,3.7007,3.9796,2.9041,0.16573,-2.5884,-2.1493,0.44882,1.6387,1.3029,3.646,5.4482,2.2273,-0.048987,0.78936,-0.76084,-2.3554,-1.242,-0.26178,-1.1641,-0.60074,0.71447,0.83825,0.4947,-0.38447,-1.3214,0.54703,2.9232,2.3441,2.8974,2.2593,2.3075,2.3723,1.3105,0.088251,-0.4796,-1.0519,-2.5348,-4.7177,-5.7254,-6.198,-6.188,-0.15483,11.637,7.2491,4.3012,3.1953,1.6898
8.0546,7.5137,7.4667,6.5152,3.7166,1.6704,1.5421,1.0973,2.7188,2.9395,0.37488,-1.7646,-2.7579,-4.2606,-3.1036,-0.21206,-0.82355,-1.3798,-2.0153,-1.1193,-0.46892,-2.2957,-3.6676,-4.3333,-3.7714,-3.1868,-2.8308,-2.5782,-3.3934,-4.2936,-5.495,-6.7314,-8.9049,-9.7923,-15.958,-21.131,-1.3709,6.4842,2.3627,-10.378,-16.339,-11.597,-2.6414,2.4097,2.2195,0.77625,1.2837,2.6408,4.1377,-0.66625,-10.607,-13.619,-4.4725,-1.1152,-1.3243,0.9834,1.8684,1.5542,1.897,3.4345,4.5019,6.2309,7.7401,5.3925,2.3345,5.3477,10.899,12.944,8.1362,3.3241,5.9841,8.1889,10.123,9.9361,6.464,2.4294,-0.65061,-2.5431,-1.4608,-0.36395,0.15004,0.76804,1.4516,2.1296,1.1213,0.23441,-0.99421,-2.4016,-2.2234,-2.3672,-2.9854,-4.0077,-5.0664,-5.173,-3.2225,-1.0812,3.5351,7.7722,11.25,12.733,-1.8343,-2.129,-2.0763,-3.1194,-3.7809,-3.1251,-2.9409,-5.4645,-8.7891,-9.0903,-5.9894,-2.5803,-3.5858,-5.3123,-4.5975,-1.8267,-0.51515,-1.0524,-2.0076,-3.4588,-4.8522,-6.0749,-6.2558,-5.7417,-5.4145,-4.3808,-3.8602,-3.7096,-3.273,-3.1953,-3.1023,-3.2468,-4.0798,-3.6529,-0.50035,7.302,6.8784,-0.46272,0.53267,6.2445,9.2961,9.6854,4.0387,0.34539,1.3894,5.1043,3.6401,-3.9501,-11.839,3.5751,17.409,15.385,8.4346,4.6214,0.63197,-0.78829,-2.4258,-2.8765,-1.2978,-1.3847,-1.4548,1.064,2.7652,2.5914,2.2395,-0.62412,-0.45834,1.8673,4.2399,7.1226,6.7472,6.0203,4.6801,2.9808,2.2419,1.7772,0.42972,0.098672,-0.33648,-0.94696,-2.3872,-4.1829,-4.9883,-4.1429,-2.9622,-2.2531,-0.68162,-0.10235,-0.68774,-1.7198,-2.7144,-4.1481,-4.6062,-3.7611,-4.828,-1.9789,2.6562,5.0757,4.3122,3.0158
10.168,7.8768,4.265,1.6832,1.3911,3.5238,2.6519,0.55179,1.8356,2.6634,1.7873,1.0653,0.39562,-1.3884,-1.0429,0.84448,0.305,0.29329,0.46146,1.1183,0.92653,-0.97662,-2.0298,-2.5643,-3.7186,-4.9827,-6.0924,-5.0942,-3.7152,-3.9538,-4.571,-4.7193,-4.8692,-7.5594,-11.268,-16.654,-19.54,-9.4772,-12.727,-18.379,-13.531,-11.441,-10.021,-6.2573,-3.9431,-3.567,-2.9332,-1.8278,-1.5165,-4.0763,-9.456,-12.206,-12.803,-14.075,-13.296,-10.409,-5.3179,-0.38051,2.0474,1.9952,2.6249,4.4607,5.9808,8.5901,11.267,12.213,20.449,28.018,22.551,13.318,8.5961,3.8729,4.7417,3.9593,2.2225,1.5863,0.72614,0.58607,1.862,1.3987,1.2232,1.0447,0.92437,-2.6897,-4.0652,-2.1672,-1.7018,-1.3827,-1.379,-1.7932,1.4125,5.4165,4.6317,4.0489,3.0179,11.66,11.823,7.3962,7.6516,11.427,1.1605,0.1728,-0.79267,-1.3267,-1.168,-0.91201,-3.863,-6.6693,-7.5629,-8.733,-9.0107,-7.9485,-6.9474,-5.4005,-4.0832,-2.5726,-1.0714,0.44365,1.8606,1.6319,-0.075707,-1.8543,-3.4103,-4.4805,-4.7696,-4.3488,-3.6475,-4.1372,-5.0878,-4.2186,-3.5257,-2.9967,-2.3415,-2.4501,0.1439,8.2021,10.674,7.9806,7.8684,5.8045,4.1227,4.8556,7.1248,6.1226,6.6177,10.421,10.346,4.4598,-2.6617,-0.082126,5.5952,9.0037,6.8712,3.5417,5.8295,5.0693,2.0682,-1.1719,-1.9286,1.5919,6.8394,9.6527,10.718,6.7386,5.3706,9.8389,11.852,13.795,13.422,4.7079,3.9125,6.2725,4.3845,2.74,3.0542,3.6371,2.6421,1.9417,1.0615,-0.83929,-2.4498,-2.0494,-1.4461,-4.1257,-9.0977,-10.753,-8.8047,-8.4177,-9.8726,-8.4704,-5.2618,-2.4055,-2.863,-3.5869,0.50402,5.0235,6.3636,1.5028,-4.2201,-6.4683
-0.20484,-0.39168,0.31025,0.71558,0.47513,0.65987,0.93916,1.2347,1.4553,1.5431,1.4854,1.3428,1.262,-0.16794,-0.8919,1.0553,1.9704,1.6205,1.3932,0.75602,-0.45515,-0.16103,0.43971,-0.24873,0.044853,0.27355,1.5089,2.4478,2.2118,1.9239,2.0366,1.9479,3.7616,4.2882,8.2195,15.192,12.843,7.0216,-4.08,-5.3779,-2.6044,-2.7356,-2.8262,-1.2461,0.34254,0.14784,-0.69348,-1.8309,-5.8562,-6.1152,-0.65468,1.5181,-0.99945,-3.88,-4.2675,-2.7975,-1.5175,-1.5605,-0.24986,-0.41278,-2.3195,-2.6915,-5.2701,-10.331,-11.75,-8.118,-5.9344,-5.5251,-5.2129,-4.0446,-2.6554,-1.8353,-0.50807,0.73566,2.0316,3.5526,4.2304,2.3552,0.78698,1.2614,1.6876,3.3405,0.83418,-0.78447,1.6131,3.5155,4.3508,6.0358,7.5872,7.2855,6.4227,5.2272,3.9027,-0.13209,-3.8257,-14.283,-10.748,-4.1253,-0.97086,-1.3958,-0.92968,-0.94102,-0.35265,-0.70337,-0.81342,0.093287,0.79354,1.7052,0.90617,-0.061493,0.49476,-0.39985,-1.4875,-1.0677,-0.30184,0.69928,1.16,0.96455,0.93583,0.91398,0.30417,-1.9771,-4.0611,-4.1437,-2.7151,-0.77661,0.43412,1.141,1.7711,2.0527,2.539,2.4993,1.2533,-0.12473,-1.7656,-14.41,-19.898,-10.973,4.2104,3.2198,0.76762,3.3651,2.2127,-1.8558,-2.5748,-3.2207,-5.8432,-4.5461,-1.5189,-0.4529,-1.4311,-0.92819,0.50988,1.9447,4.5079,4.4957,2.1939,0.79036,1.7547,1.0957,0.059679,4.0348,-1.2198,-4.3613,-3.2166,-1.6475,-0.47359,1.0879,2.3383,1.6956,0.95357,-0.019897,-1.0209,0.87674,3.0373,2.3929,1.2657,2.1308,3.7879,3.6642,3.8729,2.6758,0.81907,0.34757,1.4063,2.0444,1.8438,0.48683,-1.4992,-4.002,-6.9224,-9.2606,-10.215,-9.38,-6.2308,1.2609,1.9345,4.7705,6.1449,6.3137
5.0245,4.9912,6.007,7.695,9.1156,10.794,9.9042,9.7553,10.482,8.8435,5.4094,2.4497,0.81251,0.63141,-0.91722,-1.6911,-0.88336,-1.3216,-1.4748,-2.0788,-3.3761,-4.2375,-4.8094,-5.5889,-6.2978,-5.0872,-3.3712,-3.1544,-2.6995,-3.2006,-4.1213,-4.3816,-6.075,-8.6504,-15.959,-25.257,-28.502,-23.02,-5.9714,-2.1429,-10.258,-12.19,-8.7047,-2.8942,0.1004,0.57732,1.4771,2.7529,3.4195,0.75638,-6.3326,-10.666,-10.601,-8.2093,-5.3631,-1.4451,2.9615,3.6786,1.3945,0.099572,0.85549,3.2541,4.2359,4.3148,9.5391,14.031,15.095,17.35,18.03,11.45,4.4994,5.962,7.7007,8.1872,6.779,4.1706,1.2246,-0.51426,-1.1139,-1.0213,-1.1294,-1.9705,-1.5142,-1.3266,-0.54651,-0.41436,-1.4202,-1.3291,-1.2798,-1.46,-0.21954,1.336,1.266,-1.0316,-1.5575,7.2828,6.4889,2.5186,0.73259,0.92732,-1.9997,-2.0867,-1.6523,-1.4111,-1.3652,-1.6478,-5.7532,-8.342,-10.324,-13.82,-14.015,-10.719,-5.8791,-3.2671,-2.3187,-1.8361,-2.0852,-2.125,-1.0683,-0.24462,-0.6557,-1.9873,-2.7931,-2.7308,-2.3065,-3.0376,-3.5189,-3.2805,-3.4665,-2.9732,-2.7034,-2.1997,-2.5572,-2.2917,1.0831,9.945,14.623,10.254,-1.4729,-1.4091,6.559,8.4064,5.2066,1.6475,0.028189,1.8564,2.369,-0.7133,-6.5301,-2.8029,4.6265,8.9263,7.5631,3.6558,3.6357,0.71727,-2.4354,-3.6832,-1.0661,4.9936,9.9144,11.022,5.8949,-2.8189,-3.1392,3.2398,7.5331,12.967,12.375,8.3581,6.8321,5.3396,3.9822,2.7267,1.0367,0.76704,1.0111,0.44564,-1.1428,-2.6544,-2.1488,-0.23882,0.64747,-0.48888,-2.0618,-4.1562,-5.4529,-5.4987,-6.1606,-5.6141,-3.6697,-1.667,0.021451,1.6436,4.298,5.402,8.7499,5.9378,4.1188,4.2895
6.5911,6.6073,7.4257,7.8383,8.4651,8.3532,7.664,10.533,15.599,8.6923,0.95487,0.61388,1.5789,0.069092,-0.83623,-0.5643,-0.019827,0.84468,0.50051,-0.018497,-1.2036,-3.3837,-1.4332,2.5751,2.2803,2.0107,0.96814,0.89688,0.72843,0.44274,0.96168,0.44225,-2.3641,-3.3612,-9.2308,-16.076,-8.9751,-5.1274,-4.2923,-2.3419,-4.7204,-7.9777,-7.8821,-5.0973,-3.113,-2.6857,-3.1866,-4.4679,-3.4113,-1.4112,-0.921,-1.9726,-4.3847,-5.7191,-6.4401,-5.5738,-3.5324,-5.4211,-7.2521,-4.8575,-1.1931,0.88624,2.2909,4.0229,3.7024,1.5149,-1.241,-4.1103,-4.5321,-2.8834,-0.84652,1.0326,3.1445,5.3435,7.0487,7.5348,5.3143,2.6962,2.292,1.8444,2.436,4.0441,1.2702,-0.11775,0.48801,0.68319,1.3742,1.6003,1.775,1.5232,0.63751,-0.60657,-2.111,-2.6059,0.019555,3.2695,4.2111,2.7407,1.3931,1.3481,1.6463,1.5681,1.9282,1.8492,1.7166,-0.073821,-1.9698,-1.6029,-3.4426,-6.2502,-6.0571,-2.4958,-0.77806,-1.5046,-2.7588,-3.5188,-5.1875,-8.5922,-13.525,-19.385,-23.394,-22.026,-16.176,-11.642,-8.9884,-5.965,-5.2698,-4.8279,-5.0556,-4.5438,-4.783,-6.2445,-7.4761,-7.5008,-1.5959,8.7311,11.709,3.0067,5.0671,9.6181,7.2558,6.9127,9.4835,4.9185,0.8147,4.112,5.7366,4.5734,2.1886,-0.15278,-1.0708,-0.92149,1.192,5.3922,7.163,6.5047,5.8593,7.0056,9.0928,8.0281,4.4365,5.2671,7.5066,8.0228,4.9708,3.0522,1.916,-0.65734,-1.895,-0.33676,1.1671,2.2148,3.1088,2.9962,2.6379,1.31,-0.45084,0.91619,2.7225,2.9213,2.9071,1.78,-0.082375,-1.7722,-1.4834,-2.3384,-3.7467,-3.9673,-3.2858,-5.8488,-10.833,-14.574,-16.291,-14.145,-7.1785,2.6151,7.895,7.3952,4.0624,2.3426
7.8672,8.1645,7.7581,5.1896,1.4046,-0.51324,-0.33892,1.9162,0.56518,-2.0414,-0.95036,0.56523,0.07504,-1.73,-1.6997,-0.27279,-1.0572,-1.3714,-1.2454,-1.3046,-0.12068,0.21477,-1.9961,-3.7342,-5.1157,-4.1744,-2.9638,-3.7204,-4.3242,-4.7714,-3.4652,-2.8289,-5.6005,-6.3482,-12.716,-19.405,-3.0462,4.5634,5.4411,2.9578,-2.2116,-5.1349,-3.6536,-4.9618,-8.9606,-9.6869,-9.5566,-8.8407,-4.1142,-3.9455,-8.5576,-7.8511,-4.8767,-1.8666,-2.1605,-1.1094,2.5144,1.9399,-1.2553,-2.0079,1.0558,1.8725,-0.71358,-4.0299,-2.9566,2.8031,6.485,7.6014,5.1646,2.9441,3.6206,2.8718,1.8682,3.1462,3.5261,3.4271,4.2887,3.8317,3.2342,3.3871,1.9733,1.4725,1.7359,-0.33358,-0.88703,0.93471,1.7195,2.1429,2.4789,2.3829,1.7688,-0.85049,-3.8919,-4.6214,-1.3305,-1.4326,3.7403,11.242,16.754,18.623,3.2411,3.2485,-0.53315,-4.1744,-3.8457,-2.8996,-2.4399,-2.6969,-4.4437,-5.8229,-6.7505,-8.1436,-8.1448,-7.3417,-6.3898,-4.8265,-3.8124,-2.632,-0.49017,1.5846,0.78027,-2.1099,-4.2717,-5.9727,-6.6679,-7.1952,-7.7214,-6.4566,-5.5592,-4.9333,-5.3871,-7.2266,-8.4409,-7.6199,-0.69423,10.271,14.091,6.7781,2.4609,5.4872,6.9164,9.044,10.479,4.9438,1.4464,7.3692,8.1995,3.06,1.9575,4.7361,6.2668,8.0057,10.364,11.944,8.0689,0.2059,-2.0189,-2.0822,0.88181,6.4528,6.82,2.903,-3.0692,-6.0251,-3.8978,0.82587,2.626,0.92259,-1.127,-3.3518,-4.8647,-1.4742,2.3493,1.8607,1.1906,1.7136,2.205,1.266,0.56924,-0.048357,-0.0029546,-0.049146,0.64074,1.2621,1.0472,1.1788,0.65922,0.7709,0.97663,0.053229,-1.3792,-2.3229,-4.0799,-7.409,-11.175,-3.7107,0.40639,3.2219,4.0568,2.8734
-3.8908,-4.1486,-3.4537,-2.2255,-1.7249,-1.6329,-3.1209,-1.9617,-0.59406,-0.27282,0.31654,0.3109,0.16341,-1.0012,0.062965,2.2401,1.126,0.17761,-0.51067,-1.1279,0.69317,2.4611,1.5117,1.3471,0.96157,1.7178,2.3988,3.0856,4.1788,3.9527,4.4096,3.6797,5.8349,5.9835,13.858,15.073,8.8256,4.4587,0.34434,1.3099,0.23906,-2.5494,-2.4444,-0.30011,1.8732,2.4294,1.9718,0.72811,-3.1462,-4.7271,-2.0592,-0.294,1.1041,0.31552,-1.4456,-1.0826,-2.2071,-5.9199,-7.1413,-6.0845,-4.8982,-4.8159,-5.0785,-5.2196,-5.248,-3.4753,-1.7892,-1.7341,-0.94469,1.3866,2.1302,2.611,4.6394,4.1719,2.0203,0.027746,-0.28042,0.82184,-1.0068,-2.6894,-1.4761,-0.16519,-0.83291,-1.9721,-1.1379,-0.12935,0.10209,0.22022,1.9579,3.5256,3.102,3.926,4.1106,3.8492,4.6276,-6.85,-9.3229,-4.5422,-0.41025,0.27738,-5.236,-5.1865,-4.4613,-3.813,-2.9848,-1.9086,-1.7097,0.2212,2.4202,1.3665,-1.2046,-3.1751,-2.0252,1.4845,3.7399,3.5315,1.4042,-1.4284,-2.9792,-2.1781,-0.8477,-0.84107,-1.1111,-0.73124,-0.33449,0.2489,0.69552,0.91214,0.83202,0.99841,1.4611,1.059,1.1116,0.93745,-3.4463,-15.024,-17.186,-3.0347,0.45649,0.87584,3.503,5.1942,7.1175,2.827,-3.8229,-5.7563,-6.2721,-3.8932,-0.62032,-0.40882,-1.4012,-0.60488,1.1688,1.582,2.1726,3.1835,5.3773,8.7082,5.4465,1.1046,3.6673,3.1457,5.8131,-0.028494,-5.0065,-3.1756,-0.88936,-0.56079,-1.0061,-0.9397,2.0047,5.2056,4.4021,3.147,1.5924,1.4646,1.9929,1.4583,1.0761,1.4241,1.4125,0.83543,-1.6308,-5.7494,-7.1625,-5.583,-4.2703,-3.1677,-2.3842,-2.5754,-2.6843,-2.9089,-4.8592,-7.4819,-5.4792,5.7201,7.8725,8.3065,6.974,5.8948
0.34297,-1.0067,-2.2473,-1.9827,-0.81311,1.6616,1.1322,0.32464,2.1738,3.2296,3.1472,2.0883,1.047,-0.39302,-1.2406,0.72553,1.7945,1.5503,1.5842,1.2637,1.8859,2.0046,0.37101,-0.034023,-0.015826,1.7198,3.5286,2.4105,1.6455,0.64306,0.6437,0.47809,0.28454,1.7249,-4.8602,4.5395,8.5677,4.8975,-0.029408,0.4565,1.2302,-0.45199,-0.40553,0.047832,0.31371,0.32778,-0.45445,-0.62753,-2.5407,-4.6379,-6.2322,-7.7067,-5.5187,-1.9571,0.37889,1.7555,0.4256,-4.7938,-8.3693,-7.0131,-2.6287,-0.51042,-0.1631,0.41159,-0.67568,-3.0887,-6.2238,-8.8837,-8.1181,-4.4194,-0.70632,1.2181,1.4828,1.6327,3.4599,4.8031,3.1986,0.54531,0.36773,-1.4299,-1.8903,-0.32671,1.2517,0.94954,1.3846,3.2696,2.395,1.1134,1.2099,0.93961,0.36017,1.8424,5.1454,6.6012,5.0601,-11.798,-5.118,1.5521,0.54865,-1.5797,-4.2354,-4.3325,-3.7095,-3.0642,-2.496,-2.2877,-4.7717,-4.3293,-0.79985,1.3873,2.1963,0.4538,-1.031,-0.9155,-1.5005,-2.6651,-2.9119,-1.9863,-0.40721,0.85726,-0.25515,-2.6437,-3.8737,-3.6445,-2.5646,-2.2482,-2.2668,-1.7363,-1.3487,-1.4366,-0.96733,-1.0046,-2.0299,-2.9391,-1.2253,-1.99,-9.1165,-12.674,-0.27654,3.2852,1.5516,2.1669,3.6069,3.0549,3.3946,1.6428,-5.0661,-6.9631,-5.3373,-1.4161,1.9693,4.6319,3.7745,0.12942,-0.8031,-0.90727,0.16473,1.7505,4.47,7.6671,6.7381,2.6745,3.1029,4.2224,4.0966,2.0596,-1.0638,-3.0868,-3.4058,-2.5047,-0.17182,1.1634,1.8812,3.4282,3.3092,2.5096,2.0419,2.4584,2.2019,2.5073,3.0096,2.7292,1.894,1.7375,1.834,1.0271,-0.3735,-1.376,-3.0989,-5.666,-6.1459,-3.1981,-2.3135,-4.9279,-1.0884,11.217,8.1801,6.0094,3.1071,0.79349
4.9013,5.2151,5.3422,5.6686,6.437,6.4731,7.4368,7.9523,6.3852,3.2549,0.597,-0.52942,-0.90879,-2.4807,-3.191,-0.9125,0.17978,-0.417,-1.0199,-2.1502,-1.8253,-1.4468,-3.0597,-3.8765,-4.5088,-3.5989,-2.4533,-3.4893,-4.3571,-4.8181,-4.3484,-4.7591,-4.899,-6.627,-8.0767,-5.5612,-0.62727,1.4574,-4.3111,-14.49,-15.753,-5.0403,-2.2359,-1.6294,-2.0563,-2.6417,-3.4356,-0.30824,0.58342,-5.8877,-9.9902,-12.545,-8.8194,-0.78604,-2.0275,-6.9146,-6.1497,-5.8232,-5.4418,-5.203,-3.3043,-0.45516,1.7663,2.1481,3.0229,7.4266,8.2462,5.3067,3.1989,4.4672,6.8282,6.471,5.9727,7.6401,8.7357,7.4014,4.3968,2.7384,0.52806,-0.34392,1.3892,-1.2652,-3.1399,-1.837,0.13058,0.026852,-0.85252,-0.53389,-0.46103,-0.82938,1.7021,4.4141,3.2711,3.122,3.6186,8.803,9.9357,10.131,10.169,10.766,2.5102,2.5267,1.4748,0.29922,0.39941,0.50083,0.058882,-3.0852,-7.5541,-8.2509,-6.0767,-4.6334,-4.1916,-4.245,-3.8287,-3.2145,-3.4355,-4.186,-4.6469,-4.9843,-6.1837,-7.4155,-8.0442,-7.5758,-6.6141,-7.0505,-7.5564,-6.7674,-6.2885,-5.6457,-5.0925,-5.8507,-5.3945,-0.085672,5.9523,10.399,7.0451,-5.6686,3.7176,13.338,10.738,4.6946,2.5155,0.74973,4.424,9.6726,7.2871,1.3872,0.62328,3.8531,5.8078,8.4801,9.447,6.5462,2.8361,0.55675,1.484,2.2071,3.772,6.3703,8.855,8.1181,4.3318,2.8657,1.7341,4.3686,7.0289,4.2957,1.392,0.3036,-0.15515,1.9624,4.1898,3.6708,2.8995,0.90119,1.0248,2.2047,2.4206,2.7995,1.8068,-0.94771,-3.806,-3.2202,-2.1039,-2.4977,-4.9642,-7.4715,-8.8563,-8.3784,-7.2164,-6.9751,-8.7294,-9.8267,-5.9917,0.30389,3.356,3.5155,-2.4126,-6.6076
7.7535,8.0665,8.277,8.5106,8.8196,8.3581,8.9943,5.5815,3.7224,2.5456,1.2658,0.86125,0.52928,-0.99196,-0.94239,0.44273,-0.35777,-1.0049,-1.6975,-2.83,-2.0126,-0.78619,-1.9006,-2.4618,-3.0843,-2.4101,-1.4597,-2.08,-2.538,-2.853,-2.7951,-3.5191,-3.0569,-4.4559,-9.8762,-12.759,-13.848,-7.0551,0.10356,-6.3261,-14.418,-9.23,-5.4042,-1.9757,-0.91633,-1.4181,-1.0587,-0.27532,0.12288,-1.5568,-6.5567,-11.441,-6.3735,-0.95599,1.8094,4.595,2.9592,-1.3802,-3.4035,-3.9129,-2.2725,-0.3166,-0.021404,-0.91984,2.1898,5.2331,8.7453,11.948,12.292,7.7706,3.6979,5.2302,6.2262,4.3445,0.85124,-0.91122,-1.8687,-1.993,-1.1647,-1.8295,-1.096,0.47819,1.4556,0.61866,0.85972,2.3267,2.5927,2.6479,2.7835,2.6484,2.0914,-0.63419,-3.9677,-4.2735,-0.85559,-10.637,-9.3324,-0.35796,10.533,16.032,3.6433,3.6551,2.3996,0.92414,0.71228,0.46312,-0.1926,-4.9572,-8.4617,-7.339,-6.0518,-4.7225,-5.3889,-6.5107,-5.7429,-5.7537,-7.4635,-7.5918,-6.5126,-5.6986,-5.9958,-5.9517,-5.5345,-4.8567,-4.1664,-5.0924,-6.0022,-4.8373,-4.0099,-3.3363,-2.1026,-2.0672,-1.8283,-1.5646,0.48478,8.7014,11.23,0.97036,3.7657,12.403,9.5573,2.9221,2.9975,1.1765,1.952,5.9414,5.3369,0.043205,-5.9421,4.3649,14.869,12.867,7.3801,5.5234,2.8495,0.75368,-2.3636,-3.4706,0.96689,5.9088,8.456,9.5253,8.145,0.79376,-1.7339,1.944,3.4808,3.9351,2.6064,3.9026,7.4885,6.2533,4.4279,2.333,2.6836,3.7426,3.1514,2.9932,2.8561,1.6848,-0.35806,-1.628,-2.3315,-3.4884,-5.463,-5.6908,-4.3683,-2.7506,-2.3663,-3.1165,-3.7849,-4.8484,-8.9126,-15.639,-18.451,-5.7555,-4.978,-3.5429,0.30042,1.8143
5.0587,5.4389,7.9759,11.294,14.206,15.711,15.591,14.362,11.185,6.4938,1.3605,-1.443,-2.0972,-3.6557,-4.3772,-2.038,-0.84172,-1.3196,-1.9984,-3.3552,-3.7846,-3.7267,-4.4887,-2.4858,-0.37313,-1.83,-3.1956,-4.411,-4.6159,-4.6284,-5.369,-6.6169,-8.5119,-10.925,-19.531,-28.483,-31.131,-25.897,-5.5036,-3.25,-19.989,-22.794,-14.534,-6.7725,-0.87051,1.099,-0.17216,-1.1447,-0.039801,0.81515,-5.8758,-14.317,-11.936,-5.2583,1.3987,2.5031,1.3604,0.3877,-1.3865,-1.6778,0.12121,3.1511,6.511,9.568,9.9077,8.4234,8.6694,10.097,9.6119,10.728,13.449,13.895,10.599,5.8234,3.846,2.5993,2.6281,2.2986,0.068639,-3.103,-3.1568,-1.9634,-2.9584,-3.0555,-2.7673,-2.7397,-2.0526,-1.878,-1.7865,-0.060923,2.0707,2.3452,3.6531,5.2569,2.8901,-13.8,6.0188,14.347,12.338,9.6485,1.4541,1.4915,2.4043,3.0947,1.1929,-1.3388,-2.923,-6.8581,-12.728,-15.216,-11.494,-6.9329,-6.6007,-7.5547,-6.7344,-5.2711,-3.9276,-3.0834,-3.9453,-5.7145,-7.4258,-7.1023,-5.475,-6.4426,-7.9216,-7.752,-7.4047,-6.8778,-7.1409,-7.4545,-6.6482,-6.74,-7.078,-6.0448,-2.9521,6.4058,12.174,10.105,-1.3161,-1.0114,8.1844,11.94,10.513,7.6767,4.0528,5.3851,9.2804,7.7362,-0.36888,5.8836,16.605,13.795,7.5567,7.0513,3.2286,0.53146,1.0516,1.3221,2.8641,7.8892,11.291,9.8913,2.3656,0.72163,3.3498,4.3341,3.5485,2.228,2.9635,4.3879,4.0414,1.4842,1.4538,2.6352,0.75405,-0.67888,-2.6448,-4.2792,-4.1034,-2.7589,-2.4327,-2.7248,-3.0187,-3.1643,-2.7713,-4.1421,-5.8158,-6.817,-7.0338,-4.0984,0.7184,2.8,1.3496,0.068928,7.231,16.759,11.48,6.8309,-0.16965,-4.2841
10.498,10.762,10.388,10.648,10.22,9.2265,9.9116,9.0296,8.9863,5.936,1.6043,0.011615,-0.33294,-1.9012,-1.8232,-0.44404,-1.429,-2.1261,-2.8845,-4.2518,-2.6791,-0.36902,-2.6715,-3.8586,-3.7841,-5.1587,-6.7624,-6.3309,-4.8413,-5.393,-6.1948,-5.5418,-6.3425,-8.8545,-15.938,-25.205,-28.004,-19.676,-1.0204,0.28055,-11.7,-13.193,-11.467,-11.734,-13.613,-14.44,-13.793,-10.7,-6.2989,0.8757,-3.4465,-12.542,-8.4999,-7.1338,-7.4522,-7.1843,-6.7309,-6.5846,-6.7345,-5.9199,-2.6291,0.72958,7.4397,13.184,15.143,17.266,17.555,16.56,14.365,13.125,16.105,14.163,8.5114,6.9381,6.3034,4.151,1.5355,0.23794,-1.1943,-1.9829,-1.3113,-1.2541,-0.59076,-2.5411,-3.6038,-1.5252,-0.62145,-1.04,-2.0523,-2.7107,-3.0938,-3.3628,-0.22547,3.7592,1.8672,-12.116,14.79,24.567,19.727,15.642,3.6039,3.59,3.2706,2.794,0.12042,-2.4415,-3.3441,-9.2865,-15.053,-14.558,-10.114,-7.2485,-8.8153,-9.9485,-9.5486,-8.3804,-7.1577,-6.7467,-8.0799,-10.191,-12.272,-11.808,-9.8876,-6.863,-4.2708,-3.8652,-3.825,-5.2535,-6.2397,-5.8056,-5.2986,-3.5068,-2.879,-2.333,1.4416,10.168,14.082,8.3467,-2.3439,-0.16603,7.8754,12.156,13.877,10.192,8.207,15.04,16.088,8.4805,-4.1983,2.3045,15.201,14.847,10.399,7.3483,2.5949,3.7667,4.4313,4.8564,6.9817,9.5817,9.6186,10.501,3.7476,1.8888,6.9073,9.2169,8.1438,6.7257,5.6128,4.6357,4.5713,7.6819,8.075,4.9703,4.1358,3.1202,1.9089,1.4602,1.5659,0.23055,-1.6681,-0.54771,-0.29266,-3.5461,-6.7752,-9.6724,-12.238,-10.688,-6.1419,-3.4981,-2.6499,-1.1385,-2.6586,-5.2772,0.88924,12.174,9.4332,1.2978,-5.2263,-6.8992
0.48262,0.61698,1.7477,2.7753,4.0823,3.2563,1.1398,3.1978,8.267,5.8118,2.4038,2.9686,2.9834,0.99009,-2.6156,-5.0089,-5.7692,-3.0166,-0.050017,-1.377,-3.1784,-4.9555,-6.0962,-2.2721,2.4106,1.7228,1.954,1.4975,2.5533,3.6524,3.6182,4.8979,3.6092,4.3832,-0.24129,9.3231,11.634,5.5003,-1.3434,1.1143,-2.1313,-8.1894,-6.9736,-1.3047,1.964,4.6991,5.7429,4.4725,-5.4425,-15.259,-10.574,-1.8693,4.7777,2.8873,-1.4409,-2.6032,-0.9538,2.0063,3.0786,1.7601,1.6646,3.5991,5.8983,4.9825,-0.4076,-7.8071,-15.019,-19.691,-19.233,-15.49,-12.141,-9.871,-6.9519,-4.3917,-1.752,0.70321,2.0357,2.946,3.9438,3.1367,3.3852,1.6989,1.0503,3.578,6.3391,4.3185,1.504,1.6011,1.4826,1.0463,3.0458,5.2401,4.3254,4.609,4.9194,-8.8199,-13.314,-11.057,-6.4107,-3.7296,-0.27357,-0.26754,0.32396,0.74975,1.1042,0.28292,0.20084,2.755,3.2132,3.5712,4.8634,6.5424,4.9429,0.58512,-2.7978,-3.9213,-3.6631,-3.3731,-4.1162,-5.7024,-7.2622,-8.0743,-7.2558,-6.9333,-7.1799,-6.1219,-4.0035,-2.7542,-1.1132,0.066913,0.38223,0.66018,-0.15348,-0.9463,0.58271,-8.1493,-15.177,-4.4252,5.4979,1.2027,1.2963,7.4578,6.4742,-0.82999,-4.4107,-6.9312,-13.74,-14.255,2.785,7.651,3.935,-0.1979,-4.2208,0.71767,7.672,8.6658,6.9836,5.5865,3.5558,3.6297,7.2837,10.398,11.65,10.358,7.2612,0.34415,-5.54,-7.4646,-7.6142,-6.9943,-3.6282,-0.40415,-0.69662,-0.53962,-0.30074,-0.63355,0.79109,2.4829,1.7777,2.081,2.0828,2.4085,1.808,-0.6245,-2.9404,-6.222,-8.9521,-9.8919,-10.101,-10.097,-9.7149,-8.3902,-8.5973,-9.78,-7.0916,4.5567,4.1905,4.1164,4.7496,4.3889
8.5733,8.7833,10.161,11.314,12.406,11.22,8.3982,10.205,6.9456,2.0201,-0.38386,-1.075,-0.21774,-0.76732,-4.0991,-2.6227,0.81197,0.15786,-0.61767,-1.9782,-3.7129,-1.2593,2.1345,1.0175,0.10962,-1.1498,-1.3834,-1.6762,-2.3677,-1.9046,-2.0865,-3.8066,-3.7874,-5.8315,-15.508,-18.755,-19.654,-22.356,-12.724,-6.6513,-7.968,-9.7608,-12.156,-11.176,-9.9803,-9.4946,-7.6265,-5.8443,-4.4818,-2.3077,-4.2767,-9.6212,-12.097,-12.87,-12.347,-10.689,-7.5915,-6.5444,-8.1635,-9.1664,-5.9952,-1.3804,-2.105,6.5547,16.159,18.799,14.038,7.6217,6.6547,8.5172,10.579,8.8758,6.4542,7.1885,5.7791,2.9836,1.4044,-1.3283,-2.7105,-1.4241,-0.34161,1.4741,3.3585,0.18705,-2.0444,-0.68452,-0.082193,0.65602,1.3974,1.2073,0.093689,-1.0358,1.6954,5.4927,3.4565,-14.624,11.243,21.219,15.509,11.198,1.9697,1.9333,2.4036,2.3316,2.0587,0.75838,-0.29839,0.21905,-4.5364,-7.8413,-5.3163,-6.4044,-6.7438,-5.3378,-5.9967,-6.4168,-5.6281,-6.1626,-8.1031,-9.7738,-10.155,-10.505,-11.364,-11.339,-10.685,-10.153,-9.5473,-9.2652,-8.4943,-8.4929,-9.2104,-9.9437,-9.4172,-6.6948,-2.6133,7.328,11.486,2.6818,0.21964,2.2365,3.9793,6.3559,8.1564,9.6167,11.472,15.601,15.009,8.7042,-0.20265,-2.5104,1.5318,6.1654,7.7335,8.3806,10.942,11.151,9.8092,6.1025,5.4636,11.982,15.963,7.7493,2.8025,2.1575,6.5613,15.315,12.401,3.7645,2.3999,3.5724,2.5454,4.4584,6.5247,5.3623,3.5504,3.2729,3.8254,4.0743,4.8186,4.6734,3.9125,1.8284,-0.14329,-3.1691,-4.5693,-3.5947,-4.613,-7.4112,-11.019,-13.286,-12.514,-9.0294,-7.1047,-7.1922,-0.95489,12.868,11.577,4.3382,-3.4049,-5.318
5.4796,5.8076,6.7802,7.9445,8.8837,8.1229,7.6733,5.3088,-0.98226,-3.585,-4.0163,-2.9683,-1.1138,-2.6763,-2.0108,0.14705,-0.62958,-1.1531,-1.7384,-2.8737,-2.1562,-1.0568,-2.2395,-2.3205,-1.9736,-0.50088,0.99841,0.60178,0.33037,-0.18174,-0.55101,-1.3121,0.059753,-0.51425,-5.1704,3.922,9.5048,7.7449,4.6731,-5.5501,-5.5534,-4.6967,-8.1156,-10.132,-9.866,-7.1237,-4.5791,-1.4217,-1.2883,-5.1088,-3.6955,-0.28108,-1.1709,-5.6567,-8.9138,-8.9821,-4.4664,-1.3377,-1.753,-2.3974,-0.18007,0.1887,5.5384,11.574,9.131,2.5476,-2.3916,-4.2997,-3.093,-0.27855,1.04,1.9114,2.6508,2.8877,4.8908,6.6913,7.3004,4.961,2.7789,-0.15111,-0.67472,1.3883,1.3468,2.1142,4.5457,6.2098,2.5739,-0.99874,-0.87904,-1.0701,-1.4939,-1.9819,-3.5748,-4.5012,-3.9296,-7.0116,3.5913,9.9442,11.082,10.968,1.9145,1.9343,1.0189,-0.093966,-0.053575,-0.0097391,-0.24706,-1.6899,-4.1384,-7.8927,-9.3349,-5.7997,-2.2242,-2.9871,-3.8195,-3.9219,-3.8977,-3.792,-4.0849,-4.6958,-5.8407,-6.2648,-6.0754,-4.6818,-2.7271,-2.7409,-3.1032,-1.8692,-1.0122,-0.77378,-0.29179,-0.58722,-0.78747,-1.0475,-0.1287,3.8624,-3.3969,-16.177,-11.816,5.7912,15.244,10.339,5.0313,8.6203,12.243,15.027,9.9068,2.6069,0.24401,-0.11298,-0.09925,1.2281,2.3996,6.0131,10.841,12.076,9.7564,4.088,1.6115,6.0079,3.6948,-1.8682,-0.13465,3.0703,3.3344,-0.33365,-3.1811,-4.9255,-5.0219,-4.579,-2.9907,-1.6188,1.1784,4.9359,4.7556,3.9827,2.7071,1.8492,1.5909,2.9207,3.8284,2.4342,0.82962,-0.97906,-1.6595,-2.0628,-2.5865,-3.1904,-3.6402,-4.4128,-4.0575,-3.2004,-5.8227,-7.1509,-4.5196,-0.423,0.92597,1.3985,-0.89372,-3.1066
4.6079,3.0295,0.8977,-1.4791,-2.4425,-1.3325,-0.38751,-2.9827,-2.1691,0.24811,0.95509,1.2456,1.0069,-0.58417,0.11304,2.4527,1.9083,1.8779,2.6567,4.0667,4.6211,3.5202,1.0586,-0.91787,-2.1818,-3.7092,-4.5141,-5.133,-6.0971,-6.3491,-6.561,-3.1982,0.03769,-0.92962,-2.267,-9.231,-4.8936,-4.3542,-7.5813,-3.8891,-0.54635,-1.2702,-1.4809,0.14391,0.67898,0.018089,-0.052335,0.18687,0.044018,-4.2534,-6.7481,-7.4712,-6.0352,-5.1427,-3.4671,-2.3259,-1.2266,1.5337,3.9384,3.7027,2.8732,0.79114,-1.8326,3.8279,13.085,15.478,13.632,13.018,14.008,15.391,11.616,5.9402,6.321,4.9448,1.1791,-1.4909,-0.72096,-2.9027,-6.0613,-6.5069,-4.6891,-2.1964,-3.9638,-5.3454,-3.0089,-1.3467,-0.49308,0.32733,0.51663,-0.34584,2.6602,6.0033,4.0768,3.33,3.4699,-10.335,-12.41,-6.6089,-0.018573,3.4358,-1.5524,-1.8508,-1.6535,-2.0552,-2.0029,-1.0704,-0.34368,-0.53575,-1.5033,-2.2859,-3.9118,-4.8162,-5.863,-6.0316,-4.7754,-3.0581,-1.8202,-0.21157,3.578,7.3386,8.2299,7.1948,4.9917,1.3112,-1.2707,-1.2267,-1.3429,-1.3088,-1.0722,-0.35427,0.63249,0.1036,-1.395,-2.5404,-2.1794,4.4533,6.3835,5.3778,1.5161,-3.7217,-4.6629,-1.483,0.89211,0.35389,0.19059,2.2354,2.261,-1.3507,-6.2448,5.7263,14.689,9.4041,3.0095,5.7159,6.6926,4.2575,-0.76076,-4.9012,-5.7975,-2.9571,0.75344,-7.3112,-9.959,-3.0743,3.5607,5.6857,5.6709,4.9156,4.3799,2.6971,5.0017,7.9775,5.7167,3.5983,2.3444,1.9893,1.3002,0.46285,1.2829,2.9496,2.8008,0.9533,-2.3201,-4.629,-5.47,-6.6154,-9.0737,-13.222,-15.026,-10.15,-2.8959,-0.81085,-5.0816,-9.9149,-8.9465,3.3903,7.1491,11.684,13.069,13.094
1.9762,2.331,4.1187,3.0037,-0.47145,-1.9325,-1.6917,-0.9921,-1.9229,-2.1586,-1.336,-2.2927,-3.5749,-2.9198,-3.8995,-6.3587,-7.2023,-7.7207,-2.8717,2.6203,1.2341,0.25517,-0.51595,0.14457,0.70629,0.33331,0.10595,-0.73816,-0.93534,-1.6448,-0.74902,0.056922,0.019813,1.8179,-4.5708,10.603,16.369,10.818,6.3694,8.6674,4.9846,-1.8665,-3.8147,-1.6821,0.36618,0.78191,0.85082,-0.34685,-4.9885,-7.0959,0.27284,7.4808,8.2348,5.0366,1.8464,-0.1341,-0.2378,2.765,4.4814,2.009,0.92129,-0.21511,-6.2408,-11.208,-14.153,-13.213,-11.822,-10.643,-8.2656,-5.5711,-4.8246,-4.5112,-1.7815,0.87655,3.5721,5.1896,2.9398,0.16961,0.24691,0.19182,2.1816,1.4064,0.47772,2.2431,4.4906,3.6623,2.0833,0.58793,-0.98595,-1.2253,-1.9577,-2.774,-1.8513,2.4325,5.1529,-8.3198,-10.067,-1.0831,3.6696,2.482,-2.9773,-2.8899,-2.1195,-2.64,-2.6881,-1.4193,-0.56078,0.50719,2.4342,4.1578,3.1072,-2.1693,-5.137,-2.991,-2.3629,-4.8603,-7.0504,-6.5861,-4.2315,-2.8105,-3.4514,-3.1914,-2.8796,-2.9729,-3.0217,-3.6225,-4.0719,-3.2259,-2.2215,-2.0092,-0.68496,0.041152,-0.95785,-1.8366,-0.12595,-3.466,-8.2176,-4.1782,3.2077,-0.29581,0.11611,6.8356,7.4757,3.7607,4.2138,4.2705,-0.71374,-1.3008,0.94162,-1.0276,-2.3781,-1.8786,-0.077107,4.0215,7.7889,8.6259,7.5252,6.1656,7.1754,9.6119,7.9701,2.531,-1.3234,-0.92655,-0.6105,-3.7912,-6.9063,-7.1979,-6.7897,-6.3637,-3.6229,-0.89148,-1.2928,-1.1541,-0.95732,-1.5172,-0.21687,1.9686,1.5777,1.5236,0.27601,-0.62635,-0.97704,-1.4323,-1.3102,-0.20616,0.054063,-1.8096,-4.4744,-6.0544,-6.7594,-6.5216,-4.6843,-4.027,-2.2441,8.3701,9.853,4.7019,-2.0122,-4.0747
10.844,9.5564,7.9716,5.5054,3.2255,3.4284,1.7376,0.86737,3.5828,4.1645,1.9295,0.66703,0.25456,1.0074,1.9021,1.5986,1.4386,1.1581,0.38964,-1.0374,-1.2279,-1.3148,-3.0586,-3.9083,-4.8333,-6.5653,-7.7125,-7.4466,-3.7368,-0.18686,2.2169,4.0055,2.4112,-0.4826,-7.5677,-15.656,-21.354,-24.294,-18.456,-9.3002,-6.061,-5.4971,-4.5386,-6.7089,-11.076,-13.36,-13.61,-12.081,-5.5742,-2.9938,-8.0177,-12.062,-13.685,-11.345,-8.3374,-8.9828,-9.9047,-8.9968,-8.3133,-4.396,0.13881,4.1296,10.979,14.865,14.078,10.952,18.447,26.639,21.623,13.11,8.196,3.3598,3.5107,1.3797,-0.59685,-0.68004,-0.081724,-0.46609,-2.0276,-2.659,-1.9004,-0.52097,0.8257,1.9726,-0.38886,-1.8277,-0.97782,-1.5622,-1.8921,-2.1572,1.8262,6.2457,5.015,4.3334,3.7872,16.608,15.691,15.081,17.992,19.656,1.4301,0.70959,0.029916,-0.64798,-0.55556,-0.16769,-2.8894,-6.2273,-8.3314,-9.3661,-8.6834,-8.5443,-9.3053,-7.0345,-1.969,1.9974,3.8426,3.674,2.1132,0.098971,-2.1021,-3.8223,-5.0019,-6.5251,-8.0122,-8.615,-8.1388,-5.8275,-3.6796,-2.8533,-0.45518,0.70984,-0.19139,1.8545,6.531,15.039,19.332,10.505,1.1121,-2.458,-2.6918,-0.38113,0.8343,0.14678,2.9361,10.957,12.69,6.5972,2.7577,3.1417,4.7591,5.291,6.6248,9.4808,10.475,8.0888,4.9024,4.6114,5.6623,5.2439,-0.29125,-2.7805,3.8728,11.252,13.382,12.672,11.5,12.174,12.019,5.1966,4.3512,6.539,4.4459,2.4373,1.2667,0.55987,-0.23562,-0.52533,-0.85856,-1.1566,-1.3426,-2.5154,-3.9638,-3.3072,-3.6333,-8.7376,-11.58,-10.185,-9.2722,-6.1854,-2.3803,-1.3848,-3.5796,-5.0162,-0.12891,4.1494,7.4107,9.0204,6.9528,5.415
0.52975,0.87915,0.94491,1.2643,2.0462,1.911,2.6991,0.29533,-3.9275,-4.1657,-2.9985,-4.0541,-5.3659,-4.5104,-5.4185,-7.7142,-7.8802,-7.7666,-3.0745,3.6892,3.6895,3.538,2.4021,0.65477,-1.1423,-2.4748,-0.66661,1.7969,1.5601,2.1741,1.5924,0.78019,0.38277,1.4182,1.784,0.0078419,11.171,20.888,12.52,-2.7131,-7.1247,-3.4883,1.0782,0.23551,0.47651,1.8863,1.943,2.0573,-0.93767,-4.7665,-4.9469,-3.9751,-1.0668,2.7848,5.4887,2.0449,-2.6539,-0.6586,0.83747,2.6147,3.4208,3.0266,3.393,2.7447,1.0282,-0.45621,-2.4949,-4.3059,-3.6847,-1.4699,-1.2854,-3.3318,-3.9618,-4.8084,-4.6874,-3.578,-2.1466,-0.2826,-0.098735,0.25158,1.6246,1.6998,2.6443,-0.2678,-1.8659,-0.038935,0.70769,0.98606,1.056,0.78563,0.071609,-2.7602,-5.9723,-5.8169,-1.8518,1.7696,4.2687,4.8844,4.9949,5.127,-0.12546,-0.098477,-0.86291,-1.6626,-1.171,-0.25375,0.16499,0.7716,4.1238,5.6608,2.4639,-0.63864,-1.045,-0.97773,-2.5829,-6.5201,-12.765,-15.47,-8.67,0.41212,2.4676,3.5725,2.7673,2.3707,2.3599,2.572,1.3879,0.12197,0.82445,1.7387,2.0078,4.575,6.1932,4.9864,3.1233,3.7467,-24.104,-22.833,-1.0253,4.6808,7.4041,7.3895,4.9472,4.5402,3.5108,5.2705,5.6843,6.1651,6.5528,6.2726,6.3833,7.8248,6.6389,2.7714,1.0455,-0.87974,-1.3284,-1.5765,-0.85755,-0.41267,-0.72768,1.6692,4.5275,2.7241,0.56359,-1.171,-3.9032,-5.5425,-5.9755,-5.8598,-3.0723,-0.79957,-2.1274,-2.6202,-2.6145,-1.4114,-0.38893,-1.0052,-0.37302,0.36978,-0.15945,0.55821,0.14251,-0.17165,0.037306,-0.43863,-2.8262,-5.4615,-6.5786,-6.5557,-6.4784,-7.0255,-9.2378,-10.653,-7.2602,0.90061,3.4517,1.8651,-0.31659,-1.9354
1.2125,1.5365,2.0787,3.1172,4.8173,5.9654,7.5954,7.062,2.6895,-0.85947,-2.0052,-2.4229,-2.7995,-4.4423,-3.3175,-0.60294,-1.4378,-2.0683,-2.6974,-2.2384,-1.4301,-2.0571,-2.1654,-2.1449,-3.2493,-4.5767,-5.7625,-4.7696,-3.444,-3.9583,-4.8261,-5.385,-5.6585,-8.7804,-14.056,-3.4017,8.3403,10.019,9.1206,5.1386,-5.2335,-8.9533,-0.69025,2.8233,-2.7458,-4.9601,-1.5623,2.8389,3.3864,-0.17196,-2.7356,-5.4302,-7.7878,-6.8273,-4.9186,-4.9556,-7.086,-12.822,-17.577,-16.295,-6.6802,-0.14636,4.3139,9.5689,10.996,9.4791,8.1942,7.5284,5.9605,6.0815,7.8568,5.8458,1.9892,0.5468,-0.5452,0.047796,1.7046,3.0884,2.1315,-0.84313,-1.6459,-1.4589,-6.1251,-8.559,-5.7226,-3.5733,-2.9114,-3.0427,-3.2646,-3.5468,-0.38659,3.0605,2.798,4.5313,6.9601,14.737,9.5835,7.5172,6.4125,5.5789,-0.15069,-0.12707,-0.92291,-1.832,-1.5609,-1.358,-1.808,-4.4397,-6.3443,-5.2775,-5.0843,-6.1208,-5.1418,-3.6954,-4.1037,-5.3044,-6.4872,-7.5474,-7.6117,-6.3105,-3.6372,-1.9808,-1.6837,-1.9099,-2.1834,-1.892,-1.3544,-2.086,-3.3305,-2.7915,-2.3671,-2.4895,-3.519,-4.8055,-2.5121,8.8254,4.8159,-5.8319,-4.2205,0.93147,7.3467,10.797,5.4274,1.2909,8.7711,16.866,12.884,1.6115,-3.8738,-2.0672,-0.84429,1.9353,6.7625,9.7214,10.507,11.333,13.098,14.926,17.15,16.879,12.045,7.2913,3.3047,1.324,0.87935,1.7731,0.16798,-2.5766,-3.5698,-3.7352,-4.572,-2.2937,-0.27683,-1.6038,-2.3382,-2.9934,-2.3497,-1.5949,-1.671,0.0385,1.5554,2.5929,0.95675,-2.2015,-4.5808,-8.0275,-9.7949,-9.1099,-7.0646,-5.191,-5.5619,-6.4458,-6.2609,-3.6898,3.9919,7.4552,7.0526,5.4013,1.9275,-0.37537
9.2183,9.456,8.6015,8.0072,8.8596,10.749,14.002,16.488,13.095,5.3128,-0.23944,-1.1666,-0.65133,-2.3325,-5.6048,-7.8942,-5.7622,-3.2799,-3.0618,-0.94934,0.094741,-1.2163,-1.9594,-2.0486,-3.1704,-4.4886,-5.7704,-7.3094,-6.3501,-4.9184,-6.4793,-8.0355,-10.258,-15.514,-23.214,-21.329,-6.6286,1.638,10.935,8.525,-6.3162,-15.29,-16.555,-13.193,-10.44,-9.0253,-7.8767,-0.97517,5.5711,5.5297,-1.4484,-9.4575,-10.222,-7.94,-7.2023,-7.5565,-8.6896,-10.475,-11.905,-10.828,-5.412,0.71153,11.307,18.055,17.281,13.899,12.558,13.952,14.339,9.8312,3.0596,1.466,2.2642,4.7061,7.5357,8.3589,7.386,4.8207,1.7885,-0.51402,-1.3919,-2.3391,-2.0142,-2.5151,-3.9846,-3.754,-3.1299,-3.1775,-3.4109,-1.9083,-0.031864,0.46666,0.75114,1.6855,5.4268,25.804,19.646,14.942,15.209,15.045,2.3593,2.3392,0.59736,-1.2382,-1.4771,-1.877,-2.9437,-8.0377,-14.97,-15.767,-12.779,-11.728,-12.079,-12.815,-13.697,-14.392,-13.158,-9.6438,-2.9694,5.1018,8.2369,7.443,4.5459,2.0624,1.6828,1.937,2.325,2.4282,-0.010588,-2.8443,-3.1954,-3.737,-4.3016,-1.3527,5.1006,14.928,14.067,-2.1968,-11.617,-2.2321,8.5816,9.2275,4.9535,5.048,6.5817,10.564,10.333,7.2968,0.78069,-0.97545,5.1626,11.168,9.9503,4.0225,3.8098,5.322,6.8204,7.9468,10.574,14.285,16.197,18.245,13.012,10.177,10.851,9.5636,4.2349,0.78617,-0.3299,-0.32509,1.0342,0.14021,-1.3543,-1.3756,-1.1895,-2.272,-2.2385,-1.7911,-2.1312,-2.5252,-2.8971,-1.1526,-0.2988,-2.1164,-5.2438,-8.1013,-9.6504,-9.7496,-8.1627,-4.883,-0.9658,1.9981,4.0793,4.9137,5.1496,3.7427,4.157,3.173,-0.5908,-3.1253
-8.6111,-9.4057,-9.173,-7.2066,-5.1222,-3.8012,-4.4566,-5.7695,-3.0358,2.3782,5.2508,4.9988,4.471,2.607,2.5659,4.0598,3.5019,3.6297,4.5497,5.3966,5.2415,4.8746,4.8589,4.3974,3.37,2.2612,1.7241,1.8347,2.2059,2.8493,3.5152,3.0211,4.8007,5.9517,2.418,10.69,12.59,8.0251,5.3718,5.7791,3.3462,4.1731,5.6025,3.349,1.3808,2.6492,-1.2222,-0.45073,-3.6565,-1.6798,1.4586,3.345,5.2644,6.3426,4.5165,2.7337,3.2175,-0.2104,-4.3938,-5.529,-5.4609,-5.08,-3.3327,-2.8263,-4.3675,-7.9427,-10.509,-9.838,-7.5344,-5.4209,-5.8777,-9.2898,-11.269,-11.103,-10.262,-9.4115,-8.6162,-6.6495,-2.7746,1.4237,4.0334,3.8316,0.95562,0.24156,0.96488,1.3591,2.0888,2.134,1.9834,4.7373,7.3334,6.0931,4.5964,3.5083,3.2295,-17.297,-28.074,-23.412,-16.569,-13.242,3.3383,0.28488,-1.664,-1.0193,-0.31682,0.87469,1.0308,0.32525,-0.63564,-2.8887,-6.8585,-9.4103,-9.9323,-9.4248,-7.7455,-5.1238,-2.3094,0.2575,1.2041,2.0623,2.5879,1.5212,0.89585,0.61663,0.26936,0.67119,0.2647,0.28207,-0.020407,-0.7022,-0.033991,-0.2982,-1.6175,-2.1335,-3.0432,-11.549,-11.052,-4.9309,-0.64549,-0.59281,-0.80736,-4.1087,-6.2099,6.118,14.688,-6.9325,-21.386,0.80347,5.9794,-0.39847,-3.3763,-2.9989,-2.4145,-2.0181,-3.7542,-5.2959,-2.6756,2.572,6.7853,4.7379,-2.8033,0.82665,6.2735,9.6773,8.1671,4.7763,3.7846,3.645,4.2409,4.3526,3.0006,1.12,0.12178,0.31494,0.91677,1.3181,1.515,1.2659,-0.20819,-2.43,-4.2826,-4.4718,-3.0977,-2.303,-3.322,-5.7954,-7.7669,-8.1511,-7.629,-7.9025,-9.6617,-12.452,-14.694,-12.722,-4.7118,12.487,13.067,12.227,12.665,12.27
6.4269,7.0931,9.3528,10.404,9.7074,9.7038,3.629,0.041941,3.532,7.4165,6.2338,3.0471,1.2098,-1.0985,-3.1424,-2.3274,-1.2829,-0.19949,2.3048,2.9176,1.5483,-1.5384,-3.0893,-2.9195,-4.0872,-5.3285,-6.271,-7.015,-5.8782,-4.1469,-3.9883,-4.2512,-5.2877,-7.756,-15.029,-20.496,-21.739,-18.962,-6.1977,3.272,3.0671,-0.54585,-4.5737,-5.895,-5.5193,-6.1958,-6.0854,-5.4055,-1.4739,1.1391,-1.4733,-4.4497,-6.0369,-6.0487,-4.4206,-2.2958,-0.1154,2.5009,3.8425,3.2555,3.4583,8.7804,14.216,15.131,13.337,12.66,12.225,10.559,8.736,8.5871,9.8922,10.202,10.887,8.4712,4.6875,3.2796,1.3547,-0.27338,-0.55328,-0.0052536,0.55988,-0.44854,-0.79688,-1.0578,-0.57862,0.88741,1.2898,1.4462,1.8474,0.87937,1.2498,3.5246,2.6441,1.1346,1.8795,0.22619,-5.7912,-0.65969,7.1287,9.7561,-2.1796,-2.0366,-1.1955,-1.1486,-1.6462,-2.1534,-8.1112,-10.742,-11.228,-15.515,-16.875,-14.818,-12.435,-10.403,-8.1141,-6.1838,-3.8151,2.2412,8.5224,9.9982,8.56,7.6764,6.3846,4.5338,4.0997,4.4276,5.1563,6.0503,4.9218,3.6829,4.5942,4.8009,4.5512,4.5439,7.3346,16.105,19.673,8.8597,-2.5945,-5.6644,-4.7358,-0.5552,-0.3816,-3.4034,-1.1102,4.0622,4.2658,-0.96383,-4.1987,-4.0693,-1.7866,1.4952,5.1943,8.6437,9.8722,6.523,0.10576,-3.8609,-3.0613,0.88923,4.7236,3.236,4.2426,6.6089,7.2155,4.3283,1.0787,-0.99195,0.56754,3.2407,1.5866,-0.78358,-2.7967,-1.5323,-0.024064,-1.5503,-2.7029,-3.1425,-3.5488,-4.1877,-4.6909,-3.4386,-2.4383,-3.7683,-5.0477,-5.1187,-4.237,-2.2367,0.1091,3.2248,8.1481,11.659,10.659,8.6911,5.2556,0.72592,2.5703,6.5173,8.74,8.2529
9.3917,9.6899,10.613,11.729,12.765,13.077,14.003,8.9718,1.9384,-3.9703,-3.1522,-0.77503,-1.1531,-3.0744,-7.0526,-6.4063,-3.5269,-3.4274,-2.6274,-2.8227,-4.3003,-4.1444,-3.7911,-5.3572,-6.6798,-7.7154,-7.5061,-6.4321,-5.2741,-4.5542,-5.0459,-6.5413,-9.4008,-14.678,-21.869,-28.04,-23.925,-8.8313,-1.0876,-3.166,-9.6251,-14.198,-14.549,-12.017,-10.508,-9.5426,-7.1837,-2.4843,1.9851,7.1009,2.0389,-8.9942,-7.4775,-6.2271,-6.617,-4.4116,-0.54268,2.7277,1.3165,-2.1435,-2.1113,7.9767,16.617,19.035,17.925,15.326,17.03,19.889,20.954,17.683,11.284,9.83,10.262,9.1634,6.303,3.6087,2.2033,1.4641,-0.44168,-3.3401,-4.1474,-7.4799,-10.062,-8.6951,-6.4744,-5.0136,-4.9932,-5.1601,-5.1388,-5.2281,-1.4424,3.0084,2.8942,2.5941,0.6208,13.733,19.003,23.225,26.452,27.18,1.4341,1.4352,0.17855,-1.3574,-1.6393,-2.3911,-3.715,-13.535,-18.587,-14.872,-13.163,-12.059,-13.454,-13.068,-9.8939,-6.6961,-4.4774,-0.68668,3.5968,4.8038,3.5633,0.23476,-2.9968,-4.3736,-4.9469,-4.1353,-3.6747,-2.2494,-1.4936,-1.8102,-1.0314,-1.5136,-2.7222,-2.4262,1.4446,10.696,15.365,10.004,2.663,0.45704,4.3542,6.155,5.1702,5.7763,8.4752,13.167,11.28,2.6492,-8.0124,2.0784,17.242,17.751,13.316,9.6592,3.9154,3.2709,1.0467,-0.67606,1.2718,7.0391,13.928,10.254,7.0808,8.8982,10.423,10.56,9.0031,7.0125,6.5082,7.0711,7.0266,4.6842,2.0416,-0.1775,-2.4518,-4.3563,-5.3326,-5.7014,-5.5932,-4.2027,-3.0982,-4.3543,-5.838,-5.5111,-5.8287,-5.0615,-1.5769,0.29007,-1.2559,-1.6465,-1.2444,-0.53225,0.10011,1.1548,3.5347,-0.96276,4.2907,10.693,8.4696,5.4392
10.926,10.499,10.226,10.421,11.814,14.418,17.602,23.802,27.393,21.194,8.1853,-0.69074,-4.072,-0.59109,2.3266,-0.048977,-0.81141,-1.2616,-1.3639,-2.3237,-4.3444,-5.587,-5.1012,-3.8711,-3.5006,-2.9214,-3.2981,-3.8687,-3.6567,-4.6679,-5.1784,-5.6516,-7.7849,-11.202,-20.342,-29.329,-34.515,-27.256,-8.7086,0.22795,-1.4175,-6.3318,-15.749,-12.203,-5.0979,-6.081,-6.2902,-4.9608,-2.7407,2.2611,2.6315,-7.4667,-16.239,-13.771,-4.3425,2.5022,3.7839,2.4115,0.23385,-1.6762,0.45759,5.5567,10.766,11.922,8.8689,7.9868,7.4297,5.8342,5.3669,4.404,3.4292,3.3836,4.7102,5.3577,5.3387,5.6732,6.5139,6.5367,6.2071,5.6509,3.3132,2.0916,-2.5443,-5.4843,-4.0239,-3.1761,-3.4622,-4.0201,-4.0443,-3.2925,-2.889,-3.7919,-4.7965,-4.2382,1.4141,18.617,13.577,12.847,17.24,18.869,0.97854,0.61356,0.29841,-0.18427,-0.39237,-1.6007,-3.6851,-5.0804,-15.76,-25.587,-21.7,-14.142,-10.37,-8.1882,-6.9745,-7.1182,-8.2862,-11.208,-13.934,-15.025,-12.704,-8.1407,-5.0524,-2.8438,-0.8277,-1.1443,-2.8252,-3.636,-4.1307,-4.1842,-3.3367,-2.7486,-3.3448,-3.2278,-0.54289,8.9025,14.091,16.809,7.6658,1.63,5.0023,10.795,12.869,7.8204,8.4299,16.004,18.14,12.449,2.36,-7.3682,-7.7622,0.7247,8.4862,11.373,7.8759,3.0523,4,7.0904,9.1194,11.838,15.432,18.119,18.422,15.953,13.073,9.2219,5.4883,3.4705,1.5986,-1.3527,-2.1416,0.28954,1.3502,0.53655,-0.41703,-1.6613,-1.6492,-1.4526,-2.5566,-3.5427,-2.9478,-2.3143,-6.1065,-9.6758,-8.6018,-6.8544,-6.8065,-7.4828,-7.2269,-6.1059,-5.5166,-5.4378,-5.174,-3.1538,-1.1042,4.8116,8.6562,7.4779,5.4648,4.0293
-4.4726,-4.1232,-3.9325,-2.8591,-2.8712,-3.2893,-1.9474,-2.6625,-4.2173,-3.2377,-1.8502,-1.6772,-1.9163,-3.5026,-2.7484,-0.50829,-1.3439,-1.9704,-2.5903,-3.5106,-1.4747,1.5479,2.1916,3.7279,4.1656,4.6395,5.0097,4.9359,3.9548,1.7514,-0.2974,-2.269,-0.66634,-0.15701,17.62,20.306,16.466,15.25,13.21,4.9634,2.1664,7.4481,7.45,-2.9103,-3.98,1.1316,1.5013,3.0924,3.0237,3.8567,0.69827,-2.3838,0.5645,-0.48287,-3.6327,-4.1336,-3.6833,-3.3143,-3.6683,-3.5741,-2.4785,-1.4219,1.9906,5.9614,4.9096,-1.8522,-10.999,-15.685,-15.039,-11.409,-8.1227,-7.5563,-8.1247,-8.5235,-8.0104,-6.487,-4.0286,-0.11899,3.6305,4.1902,2.0508,-0.51598,-1.1174,0.66652,3.4857,5.407,5.8666,5.6174,5.2612,5.0951,4.5142,3.2841,1.9945,1.3947,-3.1986,-20.415,-19.738,-15.779,-12.158,-10.321,0.48103,0.50801,1.356,2.0489,1.1003,0.75298,1.5468,3.3812,6.0026,4.3764,-1.0061,-4.3168,-4.5648,-4.0702,-4.5409,-5.6464,-6.1364,-6.1947,-5.9203,-5.119,-2.9151,-0.61307,1.1532,3.0988,3.9526,5.2452,6.3848,7.2578,7.3711,6.6782,4.9546,2.8443,1.888,0.97247,-9.8581,-23.504,-18.004,-3.2855,0.04872,2.046,1.3384,-1.9642,7.0082,21.549,9.8584,-22.44,-15.694,2.1458,4.9792,-0.034945,-1.0746,-0.014493,1.0086,3.6441,7.4403,9.2375,9.8774,10.239,6.3963,1.5933,2.8736,0.49069,4.594,11.341,12.573,7.3447,0.9564,-1.8586,-2.2095,-1.5085,-1.1697,-1.7203,-2.5562,-2.5596,-2.2092,-2.2377,-2.8098,-3.9316,-5.4352,-6.2458,-5.478,-3.4953,-2.756,-4.2864,-6.9862,-9.3307,-10.341,-10.033,-9.514,-9.6544,-10.189,-10.639,-11.384,-10.824,-9.6456,-1.2317,-3.2132,-2.1611,-1.5268,-1.8739
9.7547,9.6282,10.03,10.039,10.413,9.083,5.7978,6.4169,2.6839,0.20539,1.0741,1.6504,1.6629,2.8844,2.6074,0.43514,0.038594,-0.44832,-1.5351,-1.5087,-0.89254,-1.5462,-1.7625,0.90389,4.6947,5.5804,4.5316,-0.26104,-5.8671,-11.323,-14.452,-10.782,-7.601,-12.107,-15.027,-14.328,-16.476,-9.0849,0.7599,-0.77186,-10.085,-8.4055,-5.0528,-7.433,-8.2295,-4.5039,-2.7472,-4.0566,-5.5717,-3.6155,-1.0211,-2.5629,-6.4644,-8.3907,-6.0973,-5.8247,-8.8429,-10.459,-10.898,-9.5977,-5.8124,-2.3643,-0.26329,1.6423,6.1926,9.2913,11.098,8.4583,5.1238,6.852,8.5225,7.1184,4.4388,3.8252,5.119,6.1275,5.3792,2.5861,-0.1463,-1.3275,-1.043,-0.89305,-4.0533,-5.442,-3.1947,-1.7573,-1.339,1.7984,5.1999,4.9497,4.1398,2.919,1.5865,-3.1965,-4.1587,0.98799,5.8788,9.5723,12.362,13.474,1.3959,1.2133,1.2865,0.85532,0.47992,-0.49367,-0.56972,1.6756,3.6327,1.9835,-2.9254,-8.7712,-11.519,-10.87,-9.4562,-10.833,-13.674,-15.374,-14.033,-9.8892,-5.4125,-3.2554,-0.34289,4.1848,7.5483,9.0217,7.4963,2.914,-1.6141,-7.6199,-11.664,-12.998,-15.222,-16.066,-10.141,3.0539,8.8772,2.6142,-1.1519,1.9914,6.9706,10.059,11.542,15.245,14.82,11.277,10.68,9.0276,3.6897,0.042852,0.15119,3.1214,8.7215,10.578,8.7425,9.986,12.449,13.149,9.4607,6.8101,8.9664,10.447,10.067,5.8279,-0.38249,-2.0859,1.5401,2.8638,2.2574,1.4943,0.37345,-0.36401,0.086033,0.34073,-0.089295,-1.0534,-2.5766,-3.4185,-2.3866,-1.0191,-0.88973,-0.24209,-2.0844,-5.2501,-5.8067,-5.8975,-5.7672,-5.0644,-4.7206,-5.7733,-7.5909,-9.7829,-10.772,-8.4793,-6.9213,-3.0752,0.75011,1.6882,0.49856,-1.0282
9.958,10.253,9.2951,9.0122,7.2072,3.9048,2.4767,-7.5808,-10.163,-6.5094,-2.2202,0.86437,0.4903,-1.0939,-3.8212,-2.747,-1.1752,-1.0172,0.40712,0.63174,-0.51826,-1.824,-3.3437,-4.9388,-6.0581,-4.1287,-1.6939,-3.0283,-4.18,-4.5811,-4.7887,-5.2994,-3.0466,-2.8679,-7.2401,-9.4785,-11.868,-6.1682,-0.93447,-1.9492,-1.9316,-2.4776,-4.4335,-8.7706,-12.965,-13.948,-14.809,-14.714,-9.0647,-2.3756,-1.192,-3.2147,-4.1609,-6.8225,-10.023,-9.7818,-9.7135,-11.191,-11.369,-10.623,-6.7924,-6.027,-1.507,16.564,24.57,14.894,6.5471,13.84,17.466,16.916,18.806,17.288,10.898,4.6709,3.734,3.1003,2.3685,1.406,1.8125,0.5299,-0.10228,-0.29136,-5.6552,-8.5843,-6.2567,-4.4643,-3.3517,-2.8383,-3.0569,-3.4197,-4.1147,-0.80004,3.3595,3.4006,2.5814,24.864,27.304,22.143,16.706,17.086,2.2791,2.2839,1.8986,1.4361,-0.99831,-2.5442,-1.7659,-2.3638,-4.571,-8.5453,-12.606,-13.611,-15.126,-16.313,-18.436,-17.811,-9.1917,1.6096,7.3793,8.6926,7.6123,5.0291,2.4116,1.011,0.69132,-1.3838,-3.8241,-3.495,-3.4457,-2.9807,-2.1605,-2.0896,-0.85343,-0.05262,2.0121,10.137,13.45,9.5405,3.6067,0.57449,4.5424,10.809,14.851,11.569,8.4754,15.449,17.988,13.515,9.1557,5.3038,1.8004,3.4271,7.4585,7.543,6.4565,7.4865,7.8365,8.4619,9.9086,11.728,9.883,-0.52188,-9.3027,0.13764,12.604,1.4739,-5.9641,1.4281,9.1012,10.34,8.375,2.8382,1.674,4.2045,2.8971,1.6841,0.57437,1.1707,1.9664,0.288,-1.2965,-0.56279,-2.2281,-4.9348,-5.695,-7.4423,-9.2134,-9.5767,-7.8088,-8.0537,-9.4452,-7.1432,-4.2732,-2.7513,5.3779,3.413,1.0045,3.1639,3.0939,0.66295
9.412,9.6957,9.8312,10.773,12.781,13.91,14.391,6.5296,0.85497,-0.86124,0.81701,1.7627,0.36896,-1.6645,-1.509,0.016463,0.30717,1.6135,1.5629,2.0209,1.9337,-0.30032,-2.5343,-4.2946,-3.56,-2.4545,-3.5775,-4.6884,-5.2761,-5.9999,-6.0635,-5.6212,-6.72,-7.0082,-12.469,-18.244,-15.215,-2.1135,5.4898,0.96095,-6.7181,-12.043,-12.629,-12.404,-14.212,-15.851,-16.679,-16.013,-13.324,-6.2884,-1.1433,-2.2552,-4.2188,-5.2742,-5.2324,-4.0197,-3.2945,-7.8573,-9.76,1.4008,11.504,14.668,15.478,13.955,12.147,10.408,9.1781,8.2765,6.0876,3.6803,4.355,6.8504,8.7677,8.8372,7.8777,5.5853,4.1789,3.6147,1.352,-5.3246,-9.1695,-9.5118,-8.4953,-6.3822,-3.6569,-1.6886,-1.0239,-1.4202,-2.311,-1.2742,0.64462,1.8069,1.1179,-1.5347,-2.4675,9.9479,19.075,22.581,22.974,22.51,2.1014,2.0968,1.9929,1.7306,-0.56261,-3.1305,-4.2815,-11.846,-16.558,-17.334,-18.909,-17.247,-16.428,-16.215,-14.014,-7.1201,2.0485,7.6847,7.9784,5.0569,1.3871,-1.0234,-3.2092,-4.9307,-6.9214,-7.8657,-7.1145,-6.4295,-5.529,-5.095,-3.9369,-2.7171,-2.7011,-1.1205,6.1414,17.901,19.6,11.203,4.1471,3.7821,5.7587,9.0916,12.811,10.083,9.7424,17.287,19.803,14.855,4.2656,-1.965,-2.0882,0.64384,5.2701,8.8714,10.848,11.212,11.272,13.393,15.289,12.77,7.7043,8.0597,6.5198,3.9455,4.2655,5.2798,5.9932,4.8925,3.4146,3.7557,4.4012,4.0033,2.8578,1.3731,2.0309,2.249,0.69753,-0.15713,-0.20197,-3.9799,-7.2402,-5.9414,-6.3924,-8.2522,-10.729,-13.268,-15.093,-14.543,-10.876,-6.5547,-1.9788,2.7293,2.6939,-1.7281,-2.4457,0.59163,9.6856,12.472,3.0141,-3.8736
8.9719,9.3057,10.694,12.843,14.811,15.334,14.836,10.014,5.545,0.52683,-5.3296,-7.9628,-6.0258,-1.7056,-0.00089638,-2.3269,-2.791,-1.7501,-1.6608,-2.6603,-2.8559,-2.6701,-5.2602,-8.8202,-8.428,-6.8253,-6.4666,-6.0505,-6.6581,-7.4433,-7.9768,-8.1585,-8.7837,-10.841,-19.534,-25.282,-17.893,-6.0075,6.6786,5.6738,-6.2426,-8.4495,-7.5778,-10.155,-12.582,-12.341,-11.684,-10.584,-4.6841,1.1444,0.10961,-6.2592,-9.009,-7.7606,-6.1088,-3.508,-0.73801,0.32255,-2.7577,-5.7899,-4.2973,7.5093,17.642,20.953,19.442,15.221,12.953,12.943,12.066,8.5665,4.6234,4.1507,5.6495,6.3285,6.4726,6.5599,5.6241,4.8441,4.7484,3.3638,1.4193,0.2581,-0.34025,0.72254,-1.7165,-4.4467,-4.153,-4.1793,-4.4234,-3.0565,-1.9171,-4.8555,-7.7519,-7.4062,-3.6986,10.231,23.18,28.291,21.668,16.535,1.3463,1.3661,1.8397,2.0702,-0.33706,-3.2432,-4.769,-11.102,-14.885,-11.583,-10.747,-14.751,-22.002,-23.391,-15.931,-7.9966,0.13822,5.8957,6.6755,5.3155,3.7566,2.8262,-0.13833,-4.4628,-7.3961,-7.8974,-7.1409,-6.6992,-5.7123,-5.3391,-4.2892,-4.7199,-5.4394,-4.3235,3.5688,17.364,20.022,6.2605,-3.2796,1.7031,9.7537,13.289,14.82,11.595,8.8016,14.652,15.689,10.273,6.1978,3.6232,4.8646,11.357,16.337,11.667,2.7566,1.6511,0.59076,1.0889,4.345,9.8628,16.092,13.05,11.413,14.327,14.806,11.633,8.6166,6.6955,3.6058,0.9774,1.4322,1.4725,0.18783,-0.69654,-1.6165,-0.67002,0.14132,-0.9996,-2.1028,-2.6277,-4.2039,-5.9116,-5.5971,-6.0578,-8.0321,-9.3832,-9.6241,-9.7395,-8.3021,-6.6351,-6.1928,-6.6292,-6.6393,-3.4692,1.7289,5.1773,7.8321,0.33471,-6.9315,-9.2506
10.634,10.092,10.047,9.8722,9.3936,10.065,8.5011,6.3707,5.5606,1.9991,0.1157,0.75295,0.80645,-1.2225,-0.89417,1.1916,0.24635,-0.37027,0.56999,1.1786,-0.37251,-2.2055,-3.8557,-2.9293,-1.5516,-2.7077,-3.9011,-4.7765,-3.5542,-2.538,-3.5586,-4.7073,-9.4669,-13.652,-20.043,-28.401,-27.938,-18.428,0.2153,5.4165,-7.9954,-15.523,-15.47,-14.398,-14.617,-15.446,-13.442,-9.6055,-1.8411,2.7104,4.4482,5.0495,-0.92167,-6.7671,-7.7338,-4.506,-0.99932,-1.5293,-6.4718,-11.694,-12.27,-4.8345,1.539,-0.037736,2.7086,12.166,18.31,15.768,11.71,10.576,8.112,5.5413,5.5277,4.8244,3.8068,3.9425,3.7245,2.2853,0.24773,-2.0824,-3.3095,-2.4456,-2.4078,-3.7574,-3.16,-1.7998,-1.6593,-1.7935,0.022537,1.7416,1.3273,1.4115,1.8803,1.9551,2.3484,12.486,13.121,13.903,15.143,16.364,-0.087745,-0.47691,-0.61461,-1.119,-1.5686,-1.9211,-6.0178,-10.672,-11.447,-7.6746,-6.6053,-10.649,-13.54,-12.879,-10.14,-7.2858,-6.0763,-5.647,-5.9384,-5.8838,-6.2369,-7.228,-7.8155,-9.4567,-10.482,-9.6913,-8.9973,-7.7958,-8.0769,-9.5428,-9.0745,-8.9622,-8.6017,-6.4772,-2.0703,7.4804,13.091,8.9907,6.979,11.13,11.667,11.176,9.2398,4.1974,8.4061,15.15,14.743,5.9416,0.76822,0.70926,-0.67193,-2.1947,2.46,10.037,11.98,9.5076,7.8017,8.8249,13.787,15.547,15.866,19.797,15.568,10.677,1.0653,2.0979,13.752,14.397,8.7401,3.3346,1.4626,2.5511,2.1572,0.5562,-0.79968,-1.8991,-3.0253,-3.4508,-3.2046,-2.1279,-0.55229,-0.83703,-3.6569,-6.5602,-7.9826,-8.2013,-6.7863,-4.0246,-1.9713,-1.5705,-1.936,-0.50453,2.262,2.6722,0.028045,-0.21521,4.1654,5.3183,-0.69942,-4.918
12.013,12.275,12.597,13.677,15.812,17.253,18.291,18.561,18.039,12.059,4.9968,0.34874,-2.3596,-4.9271,-4.5007,-2.4307,-3.2917,-3.9148,-4.6061,-3.6691,-3.0121,-4.7196,-6.2101,-6.9564,-5.3104,-3.9284,-5.1083,-6.2012,-7.0113,-7.1409,-7.1815,-8.4288,-12.014,-17.081,-26.681,-36.417,-42.229,-31.84,-9.1073,-5.3342,-17.33,-19.063,-15.99,-14.212,-11.611,-5.8883,2.1288,7.0176,7.512,7.3804,1.3669,-6.3387,-7.3569,-3.3623,2.5641,2.986,2.4821,4.2724,1.3339,-3.215,-0.31759,10.694,17.934,19.387,17.862,14.458,11.493,10.527,10.736,9.9144,5.9342,1.9939,1.9831,1.329,0.09463,-1.4717,-2.4932,-1.9864,-0.94564,-1.1395,-1.9086,-2.4264,-5.8298,-7.768,-6.2466,-5.4111,-4.8438,-3.8264,-3.1319,-3.347,-4.2126,-4.9572,-1.6836,2.7211,0.22145,-17.044,6.7539,21.498,28.722,30.403,2.3844,2.3584,2.1572,1.7699,-0.70175,-3.6899,-5.4394,-13.958,-22.511,-24.56,-22.712,-17.916,-13.38,-10.212,-7.8531,-5.8054,-5.2027,-5.4272,-6.0679,-7.239,-8.2858,-8.4539,-8.3487,-7.3664,-7.498,-8.1266,-7.4013,-6.6638,-6.0376,-6.544,-6.54,-6.5411,-6.9838,-6.7775,-4.3409,5.116,10.522,16.316,9.7483,7.1985,10.317,13.205,16.612,15.122,13.677,13.801,7.943,0.97991,-4.3452,-1.9171,6.085,12.53,13.975,12.079,9.6513,4.1957,-0.85843,-0.91871,4.4622,13.621,17.849,11.882,8.2769,8.3517,9.1793,7.9814,5.5219,3.4591,2.0609,-1.358,-2.159,-1.5129,-3.2005,-4.1295,-4.68,-5.2851,-5.874,-6.4333,-7.075,-7.1492,-6.664,-6.3358,-7.8389,-9.4122,-8.1584,-4.3039,1.492,6.1017,7.227,5.4763,2.905,1.6057,0.28421,0.42973,8.7636,17.043,8.5206,9.5238,10.421,8.4438
1.4472,0.79859,0.57303,0.31509,0.27154,1.1562,1.9986,1.872,1.4072,1.5025,1.4901,1.1324,0.82477,0.90382,0.80105,0.018376,-0.81741,-1.4503,-1.9603,-2.188,0.16394,2.8824,2.3377,1.245,0.27414,-0.81704,-2.3863,-2.9472,-2.7316,-1.8091,-1.5122,-3.1123,-4.1165,-2.8451,-0.1746,0.22761,9.4961,13.318,5.9718,-3.2403,-4.2505,1.2036,2.0124,-4.2545,-10.256,-4.032,1.1778,0.44859,-2.2517,-5.3266,-8.1124,-10.137,-10.454,-8.1798,-6.2547,-6.1939,-7.1209,-6.4558,-2.3321,0.64832,0.35127,1.6884,2.9977,5.6649,8.4673,8.3912,7.5704,7.6979,8.0437,4.247,-1.6544,-3.0229,-1.6412,-0.27505,0.80464,0.86346,-1.25,-4.2601,-6.0107,-6.1381,-4.694,-2.9116,-2.7708,-2.242,-1.7316,-1.8403,-1.3068,-0.9297,-0.24585,2.7384,4.9596,3.8287,2.766,3.1153,3.7312,6.8278,5.1671,4.259,5.335,6.0974,-3.1099,-3.1821,-2.6799,-3.1329,-3.38,-2.7071,-2.4001,-1.758,-1.3682,-2.1962,-3.8549,-4.4454,-4.1888,-4.2793,-4.5865,-5.1732,-6.1085,-6.8252,-6.6368,-4.3605,1.3026,5.3673,5.5374,4.7816,2.3729,0.55767,0.64953,1.6601,2.888,2.8766,2.4588,3.0524,3.0917,2.0838,0.5603,0.32728,-6.0767,-8.0705,-1.4515,1.5108,1.5417,-2.5272,-5.4088,2.7643,11.323,8.5053,1.4906,1.5791,0.25057,2.3586,5.7388,8.5232,7.422,5.7587,9.0613,10.232,11.262,10.6,3.1872,-5.9366,-3.2012,-4.0502,-2.7252,-0.76106,0.66509,2.9777,3.902,4.0498,3.0678,0.8717,-0.067262,-0.40008,-1.2815,-1.4869,-1.5715,-2.2093,-2.7699,-2.1064,-0.75733,0.31636,0.376,-0.51288,-2.3081,-3.6912,-3.9525,-3.5014,-2.498,-1.0222,1.7341,0.82538,-3.1893,-5.2729,-7.0428,-7.0735,-1.2933,3.6591,4.9949,4.7183,2.871,1.4734
-1.231,-0.88165,-0.71066,0.33641,0.026378,-0.47129,1.1994,-0.88876,-2.1547,-2.1304,-3.6366,-4.9627,-3.8409,-3.9746,-7.0207,-4.8945,-0.931,-1.628,-2.0959,-2.4323,0.18261,2.8983,2.3455,2.1255,1.2378,-0.18156,-1.8105,-3.4832,-4.8286,-5.9755,-3.6487,-0.65696,-0.18707,2.8919,-2.8581,11.835,17.76,12.684,5.7963,1.0637,-0.39207,3.9763,8.6794,2.6169,-4.529,2.1663,5.9232,4.9636,5.4338,6.1911,4.9638,0.028002,0.12353,2.8267,-2.2064,-8.2871,-9.649,-11.549,-12.71,-9.5975,-2.5925,-2.4264,-0.07239,6.7035,9.9989,6.7526,3.2454,1.8553,0.49374,-1.5405,-0.88494,0.68282,-0.82437,-3.433,-2.7797,-0.56665,2.3297,3.785,0.53313,-3.371,-3.4495,-2.5316,-1.2662,-1.2971,-0.72371,0.76409,1.1561,1.2309,1.282,1.096,0.56059,1.2113,1.6026,1.9822,3.1969,-13.867,-17.147,-9.625,-3.9603,-2.3878,0.21568,0.24266,0.89058,1.3834,0.13129,-0.78803,-0.73845,-3.4807,-3.8136,-0.54389,-0.60441,-1.7976,-2.7368,-1.6021,0.92314,0.74132,-2.2511,-4.4591,-5.0662,-3.0179,0.65997,2.4118,2.414,2.5336,2.3174,2.472,2.5591,2.5997,2.471,2.2458,1.4427,0.1718,-0.73239,-1.6419,-0.12964,-3.8413,-4.1901,-1.4531,1.9981,2.9332,4.3921,-0.17472,-8.5018,2.8952,15.645,13.42,7.5459,3.8394,0.13941,-1.5932,-0.3016,1.9717,1.3299,1.9927,3.7436,4.5373,6.0338,6.8871,8.771,11.186,3.7373,-1.9777,4.1422,4.5678,3.3085,2.4842,0.54698,-0.40146,-1.8043,-4.5816,-5.8735,-6.4792,-4.9838,-2.5371,-2.5802,-2.949,-3.7057,-4.4243,-3.7096,-1.6223,-0.96745,-1.1542,-2.1157,-3.7748,-5.2623,-5.4295,-5.1504,-4.6589,-4.2366,-4.4036,-4.3024,-4.9468,-10.318,-18.285,-16.889,0.23512,2.8922,3.778,3.0408,2.4171
3.3859,2.9626,3.205,3.9225,4.6841,6.3534,8.8999,12.896,12.774,4.9575,-1.3871,-2.6192,-2.7698,-4.0979,-2.983,-0.59666,-1.4385,-2.0305,-2.6284,-3.7541,-3.1088,-2.5137,-4.3603,-5.7143,-6.342,-4.7722,-2.4755,-2.0979,-2.2881,-1.8678,-1.4758,-2.0689,-3.8542,-9.019,-16.795,-17.343,-12.515,-2.1358,9.6957,10.613,-0.305,-7.494,-6.1565,-3.2491,-3.2725,-3.1022,-0.80295,1.2173,3.5602,5.0611,3.8961,0.93293,-2.6287,-5.2343,-3.6646,-0.75442,0.58481,-4.3961,-13.874,-13.784,-2.5442,3.8664,7.0351,8.859,8.3045,6.6359,5.8918,5.1324,5.2774,6.6412,6.1435,3.5044,2.4915,2.7773,3.5734,3.6419,2.943,3.7334,3.92,2.1926,0.88662,0.23992,0.18221,-3.4163,-5.2599,-3.7036,-3.2118,-2.6838,-2.3067,-2.6064,-3.1709,-3.6991,-0.2781,4.8615,3.8719,-9.3605,-1.6055,7.4174,13.378,14.925,-3.415,-3.5493,-3.1823,-3.8565,-4.512,-4.5138,-5.3634,-8.4226,-13.682,-11.413,-1.6145,1.4797,-0.44038,0.22609,1.723,1.4482,0.55088,-0.48511,-1.4285,-2.3615,-4.3483,-6.558,-7.8302,-8.6593,-7.709,-7.0898,-6.0854,-3.4796,-2.3052,-0.94303,-0.81488,-2.0244,-2.5925,2.5012,10.01,19.125,20.348,10.281,-3.6508,-9.0197,-2.305,4.8125,6.3087,5.1951,8.1158,12.648,9.5317,1.8552,-2.7372,-3.3847,-3.2852,-0.5033,5.1644,6.8223,6.4055,7.5156,7.4876,10.411,15.557,17.445,13.251,12.459,13.25,6.4314,1.3096,1.7699,2.5808,2.2045,1.5278,0.52165,-2.0998,-5.5212,-5.9026,-3.0574,-1.6704,-2.6269,-3.9418,-5.1164,-5.9057,-5.0741,-3.9617,-3.4564,-2.5746,-3.5421,-5.7468,-6.3966,-7.033,-7.8412,-7.8005,-6.0968,-4.27,-3.0217,-2.6559,-2.0015,4.4945,11.003,5.704,4.8617,5.6891,4.3861
1.2581,1.585,2.2435,3.7129,4.3136,4.4906,5.8599,6.892,4.3868,-0.075669,-2.315,-1.6836,-0.71367,-2.272,-5.5972,-7.8657,-5.3853,-2.0469,-2.6703,-4.2316,-5.5329,-6.084,-4.1823,-2.5555,-3.8167,-5.1692,-6.2206,-5.9245,-4.6918,-3.0969,-2.2728,-1.4948,-2.0545,-3.7374,-8.7379,-13.796,1.0839,11.028,14.616,2.5214,-10.449,-5.6395,-1.9607,-5.7231,-5.3494,1.2582,2.2558,0.18852,2.1391,4.9862,2.978,0.83745,1.4855,1.6967,1.2257,0.0068413,-5.0328,-10.756,-10.739,-5.2659,-0.24396,3.6881,7.3345,9.2017,8.897,4.7801,0.8773,-0.85438,-1.5159,-0.62238,1.2572,1.6734,1.8855,2.0297,1.6953,1.413,1.4059,0.66774,-1.0073,-2.3318,-2.6236,-2.7428,-2.5288,-2.4921,-3.1947,-3.2434,-2.8509,-2.7307,-2.3949,1.2604,5.0919,4.8627,4.3288,4.4645,4.8748,9.0623,7.5993,8.1117,6.3836,4.3414,-0.2926,-0.26816,0.26725,0.62271,-1.1533,-2.8298,-3.2312,-5.7373,-8.3906,-6.2495,-2.9177,-3.7555,-6.049,-7.098,-7.6417,-8.4792,-6.812,-1.4457,-1.7017,-6.1408,-7.132,-4.0763,-1.9607,-2.4285,-2.93,-2.6685,-1.9512,-1.5453,-0.80256,-0.25335,-0.42388,0.42421,0.43413,-0.046858,3.6584,11.905,12.403,-1.6251,-11.505,-0.17543,8.0927,10.41,11.339,15.252,12.973,4.1465,4.4864,6.1738,1.2945,-2.758,-2.449,-0.30957,2.1511,3.146,4.0501,6.7077,11.145,13.696,9.8353,4.7942,2.2143,-1.7284,0.45198,1.7612,1.6647,0.19242,-1.9383,-3.6768,-2.9622,-1.5937,-2.1225,-1.6684,-1.4159,-2.1687,-2.774,-3.653,-4.5757,-4.9936,-4.8372,-4.3423,-3.8227,-2.9457,-1.9462,-2.5409,-4.8061,-5.6977,-4.5938,-3.34,-1.6959,0.57827,2.0974,2.1165,1.2302,0.30802,0.36807,2.0429,5.1135,5.9467,2.0258,-0.84124
4.4749,3.5618,2.7935,1.2571,-0.41796,-0.20041,-4.2198,-8.9804,-6.4044,-2.0304,-0.85457,-0.86034,-0.97593,1.5664,2.8971,0.64062,-0.20556,-0.9456,-1.6679,0.10223,2.1251,1.0958,0.24652,-0.74937,0.27053,1.304,0.65275,0.86008,0.52455,2.2253,3.9841,2.264,3.4643,5.9233,5.2782,11.765,11.504,4.9054,-2.5031,-2.5548,-0.25145,0.63614,5.0311,2.6095,-7.2847,-7.0652,-4.3039,-4.6685,-4.0622,-2.7016,-4.5781,-5.7547,-1.3651,1.5792,-0.86926,-5.2,-8.7388,-7.0144,-2.3244,1.7267,2.7937,2.144,1.4646,2.8052,4.9872,1.874,-5.0448,-8.8382,-7.5317,-4.3062,-1.6984,1.1427,3.8241,4.9627,5.1764,3.9217,0.55515,-1.332,0.21923,-0.01563,-0.46057,0.17262,1.0756,-1.9606,-3.8165,-2.3648,-1.5649,-2.001,-2.7697,-3.0566,0.38676,3.9923,2.759,3.1629,3.7257,1.936,-0.17762,-0.70342,2.7732,5.2841,-2.31,-2.5272,-2.2824,-1.949,-1.0105,0.0050539,-0.20668,2.6886,5.2007,2.4678,-0.91067,-2.3112,-3.7805,-6.0362,-8.6254,-9.9865,-10.697,-10.457,-8.2909,-4.4523,-2.173,-2.0558,-1.7541,-2.2669,-3.6655,-4.6304,-3.6678,-2.01,-1.2933,-0.72318,-0.26728,-1.0006,2.8143,4.1879,1.3798,-9.0905,-10.777,-2.3502,6.2241,7.2119,4.9893,3.7352,-0.91524,-1.1332,9.1695,14.523,12.581,9.3952,5.1204,1.4402,2.7491,6.5805,7.3914,3.9804,3.4684,8.6779,11.907,11.176,5.9291,0.26492,0.41685,1.219,2.9289,3.73,2.9697,0.32342,-3.5523,-6.2304,-6.2772,-3.7801,-1.8372,-1.8725,0.24417,2.4963,1.8131,0.42238,0.015618,0.54813,-0.25397,-1.0881,-1.2641,-1.3208,-2.1187,-3.6416,-4.4148,-2.1355,1.3956,0.096783,-4.6536,-6.6636,-8.6482,-11.953,-14.474,-14.006,-5.9541,1.6303,1.686,1.7794,1.6155,1.1337
2.7075,2.1852,2.2087,1.2761,-0.21897,-0.76644,-1.4413,-3.3764,-4.8241,-3.6881,-2.3102,-2.128,-2.0166,-3.5443,-2.8991,-0.57051,-1.3932,-1.6529,-1.1558,-0.83777,0.09649,0.14701,-1.9128,-3.0951,-3.863,-2.0857,0.090297,-0.094535,1.1223,1.1555,3.6856,6.5946,3.7882,7.8808,7.6244,2.9534,13.714,22.321,13.876,1.8767,-1.2581,2.3003,0.10763,-11.543,-8.5296,0.50347,-0.20925,-3.456,-3.8754,0.071065,3.8243,1.3219,-1.1309,-1.4253,-3.0604,-7.0443,-14.398,-20.957,-15.128,-4.0011,0.033111,0.93932,7.3486,13.985,13.875,8.6948,1.3075,-4.373,-6.3938,-4.9678,-2.8817,-3.1663,-4.5358,-4.6435,-3.6479,-2.0035,-0.54484,-0.96074,-2.6953,-3.5786,-3.2783,-2.6605,-1.7458,-1.7058,-0.96796,-1.1509,-2.2688,-2.0521,-1.8123,-1.8653,0.59891,3.8102,4.2488,5.2792,4.8438,-2.1459,2.0263,6.1495,6.6879,6.3614,-3.7812,-3.8608,-3.3868,-3.9128,-4.023,-2.7699,-1.2251,2.3642,6.1105,5.1557,0.69251,-0.14334,1.8906,-0.3543,-5.4645,-8.6969,-7.649,-4.1183,0.45404,3.5275,1.9327,-1.66,-3.5368,-4.2887,-4.0068,-3.6475,-3.295,-1.9532,-0.025972,0.60145,0.91274,0.49231,-0.73933,1.7993,2.8606,2.9939,-18.349,-14.651,-3.1224,-3.4044,-0.97746,0.91531,7.1561,16.57,10.404,-6.353,0.50979,8.2185,3.2099,-1.9948,-2.3891,1.4757,6.1656,4.2705,4.6059,11.262,14.49,14.56,14.663,9.6048,1.5311,4.5655,3.6964,5.62,8.3922,5.3058,-0.48874,-3.207,-3.17,-3.4366,-3.6246,-3.0772,-2.8716,-3.2042,-3.1177,-3.3884,-4.0373,-4.2655,-3.7026,-2.9221,-2.4562,-2.2753,-2.6215,-3.1907,-3.6193,-3.7863,-3.6855,-2.6818,-1.6505,-1.6647,-3.3499,-3.0117,-0.78733,0.70091,5.2979,8.465,5.9081,3.0839,0.88024,-1.1612
-0.39304,-0.04365,-0.6207,-0.32561,-1.6306,-3.7375,-3.491,-7.4526,-6.2678,-1.6475,1.1345,2.736,2.6811,0.83275,-2.8932,-1.6975,1.6755,1.2131,0.94655,2.4243,3.8584,3.0451,2.5869,1.9838,3.3528,4.7062,3.6539,3.0025,2.2121,0.55594,-1.4121,-1.6669,-1.0543,-3.5679,13.884,17.357,13.176,8.3381,5.4465,3.4261,-1.277,-1.3197,4.5667,-8.8612,-11.401,-0.59937,-3.3639,1.758,-3.4997,-0.10463,6.2403,7.1451,3.7067,-1.2371,-5.5152,-8.207,-7.7809,-6.3883,-3.6305,-2.0244,-2.213,-2.6817,-3.3928,-5.2526,-8.1872,-10.509,-11.147,-10.394,-10.32,-10.702,-9.8201,-8.2779,-6.2188,-4.5138,-2.665,-0.032666,2.479,2.9154,0.98456,-1.6157,-2.8822,-2.6384,-1.0352,1.4512,4.0486,5.7067,6.2228,6.3202,6.3249,6.0064,5.155,4.0138,2.8636,3.4599,3.4692,-17.877,-26.098,-15.663,-5.8658,-2.9114,1.2955,1.3225,1.9677,2.5212,1.8991,2.4134,4.212,6.486,7.1094,4.2324,-2.8614,-8.5572,-11,-10.672,-8.1903,-5.2928,-3.7132,-3.6712,-3.1271,-1.1432,0.24104,0.17201,0.49158,0.18886,-1.0755,-1.949,-1.3887,-0.5164,-0.17837,-0.85543,-1.5822,-2.5849,-4.381,-5.5802,-12.27,-15.327,-10.127,-1.4871,-0.24174,-0.90852,2.506,4.0353,-0.53771,29.274,30.343,-26.821,-34.064,-12.04,4.7598,0.076309,-3.9963,-2.7487,1.5112,7.1634,10.231,10.552,10.849,10.318,10.54,7.0489,-0.6627,0.99851,0.59819,0.89118,1.7093,1.4754,1.3614,1.1295,0.5543,-0.27911,-0.71537,-1.0387,-1.4997,-1.4654,-2.8796,-3.2021,-2.4154,-3.0494,-2.9366,-1.7039,-0.08796,0.86994,-0.25882,-2.5462,-4.2364,-5.3672,-6.2426,-6.9773,-7.8274,-8.9969,-10.141,-10.529,-9.5588,-11.099,-9.4858,7.1489,7.866,0.90404,-4.2626,-4.5039
2.1851,2.5782,4.4425,5.7321,5.7751,4.9483,2.7223,5.099,1.2201,-2.984,-2.9528,-2.838,-2.9199,-4.4889,-3.6325,-1.2803,-2.124,-2.7518,-3.3165,-3.9514,-1.6723,0.66844,-0.41624,-1.5,-3.14,-5.451,-7.7895,-9.7325,-10.698,-10.988,-6.317,-0.022138,1.5727,7.1399,2.1426,14.326,19.485,13.501,7.9003,-3.1503,-10.543,-0.84185,2.73,-2.8111,-9.207,-7.1739,-2.8358,-3.9989,-8.8272,-11.627,-8.2876,-3.0878,-0.14967,1.1909,1.8487,1.9387,-0.21328,-8.5046,-14.583,-9.0966,-1.5095,-0.20905,4.8128,8.5964,7.6917,6.1205,4.749,4.3251,4.4365,5.3674,6.5662,4.0759,1.0377,1.4842,2.1488,2.021,2.0505,2.8028,2.0075,2.3816,1.0359,-0.28097,0.91302,-1.0753,-1.8584,-2.3354,-3.7704,-3.5404,-3.4459,0.16856,3.6879,2.5314,1.1712,0.08553,-3.6361,-7.4843,0.6999,1.8808,2.1024,2.6266,-3.6166,-3.5836,-2.9225,-1.739,-0.59434,-0.18408,0.82805,2.3035,1.8559,1.1118,0.95669,-2.3027,-4.603,-4.0965,-3.2326,-3.4608,-4.7922,-6.3084,-6.4767,-4.2163,-1.1215,-0.02411,-0.36133,-0.96177,-1.9524,-3.0889,-4.3404,-5.1644,-5.0121,-3.9458,-2.0083,-0.64806,-1.374,-2.7669,-1.8597,-2.8918,-2.9674,-2.1922,3.2315,6.3252,7.5001,6.151,1.4092,3.8973,13.358,16.708,8.6337,2.5189,5.6227,5.3249,2.246,1.5991,2.8484,4.4122,4.0291,3.7185,7.1603,12.243,15.533,11.521,-0.16357,2.2931,0.64211,0.21096,2.0034,2.845,3.0337,1.8438,0.031583,-1.3358,-2.6373,-0.99458,1.0354,0.30858,-0.14877,0.58913,1.3082,0.49454,0.15562,-0.52932,-0.29963,0.69754,-0.032991,-0.4875,-1.0932,-1.1776,-2.2106,-4.1445,-5.8148,-7.1417,-8.5151,-9.8132,-10.678,-8.7202,-9.4314,-6.339,-4.8002,-4.8571,-6.4418,-7.5877
4.9531,4.2822,2.9587,1.8317,2.4007,2.6763,2.2516,5.3008,-0.98071,-5.4652,-5.228,-1.9755,1.56,0.020322,-3.4084,-5.8565,-3.6552,-0.93896,-1.6775,-2.9177,-4.2679,-4.9468,-1.0469,3.5228,5.9869,9.0238,8.3625,8.4869,8.0785,5.9096,3.4351,2.8923,2.6405,-0.53416,0.21326,-1.8925,-7.898,-13.113,-13.332,-10.724,-5.1274,4.4846,2.815,-5.4566,-9.7953,-10.915,-11.42,-10.742,-9.2023,0.91852,3.9771,-5.3226,-8.2792,-5.907,-2.3754,0.078087,1.5857,2.752,4.3923,8.8273,9.649,11.19,8.8273,1.7638,-0.07026,2.7477,5.447,2.8747,0.51617,-0.50869,-1.9356,-2.9441,-2.6916,-2.0223,-0.3946,1.6726,2.5658,2.5579,3.5019,1.3067,-0.80597,-0.3978,0.6507,0.19406,-1.1589,-0.91104,-0.11141,0.04307,-0.20961,2.6276,5.4994,4.4998,3.4648,2.8327,0.6799,-4.5875,0.044956,6.8636,11.358,11.978,-0.31537,-0.50413,-0.38676,-0.2418,0.068678,-0.024554,0.29246,2.0224,2.1858,-0.94541,-1.3104,-3.1115,-6.8424,-8.1825,-7.4849,-5.7294,-4.6352,-4.8839,-6.1729,-7.2032,-6.9004,-4.4996,-2.2264,-1.8035,-0.94456,0.59416,1.3061,2.4423,2.8927,2.3089,1.6629,0.80978,-0.7295,-1.8065,2.7902,12.147,16.646,9.173,4.8569,4.8045,3.464,-0.46714,2.9041,11.876,8.9528,1.9027,4.3533,11.765,10.983,6.1994,10.27,10.949,8.6061,6.1179,-0.35468,-1.7962,-1.0993,-0.082568,-0.46775,-8.3692,-9.4801,1.5386,8.3297,9.1825,9.9944,7.0832,4.4851,1.5624,-1.892,-1.754,0.13818,0.15883,-1.0735,-1.4501,-1.4493,-1.8751,-1.098,-0.043407,-0.92484,-1.1659,-0.28017,0.073643,-0.64955,-2.2345,-4.3863,-6.6494,-9.0381,-10.164,-9.1166,-7.7096,-7.4409,-7.9781,-8.2813,-6.4145,-11.016,-7.6931,-4.5089,-0.34003,-0.14992,-1.8522
