-2.5186,-2.6459,-3.3629,-4.4522,-5.0642,-4.3825,-4.0774,2.2525,5.1919,6.3049,5.4681,1.8206,0.91662,3.3926,4.5223,3.532,2.967,3.0819,3.7081,2.7275,1.4449,-0.35341,-2.6179,-4.2656,-7.0509,-9.2761,-5.6682,-1.379,-4.4111,-5.3308,-5.7893,2.6987,5.7511,0.66643,-2.8136,-3.9918,-7.7876,-10.74,-4.9024,2.5839,4.6019,1.3899,-2.9154,-2.4213,-1.5837,-1.6382,0.78759,2.2555,1.3651,4.3454,5.9061,2.4003,-1.9631,-1.9373,0.29558,-0.43469,-2.2869,-1.0229,-0.16234,-0.3836,3.5797,7.389,7.0254,7.1713,7.6458,7.4861,7.725,8.9646,9.6835,6.9255,3.0001,-0.80607,-7.1419,-10.547,-8.588,-6.633,-5.8853,-6.2294,-6.2042,-5.0112,-4.508,-5.29,-5.7364,-3.2991,-1.1329,-0.83248,-3.5384,-8.2078,-7.2342,-3.5222,1.4502,5.6647,5.872,2.9478,1.6329,0.53302,-0.052259,1.6919,1.1666,-0.39902,-1.7431,-2.0607,-2.7524,-3.4721,-6.0469,-8.1187,-4.301,-7.9794,-4.8849,0.070961,-0.36741,-2.7247,-5.6799,-4.7916,-1.6111,-0.7516,1.0615,1.8226,1.3185,1.03,0.090038,-0.84295,-1.7555,-4.3202,-6.8601,-5.4187,-4.6132,-5.9269,-4.691,-2.7643,-1.5618,-4.3726,-7.7243,-1.6456,-1.4405,-8.2884,-1.0621,7.4056,5.5959,-2.1759,-6.7388,-2.3865,7.2376,16.29,21.19,18.116,9.8667,3.5003,0.72282,-2.5112,-3.5782,2.2825,10.619,13.465,11.169,5.3881,2.1225,5.4272,5.9928,2.6037,0.89988,2.3503,5.0477,4.5633,-0.17024,-4.9438,-5.7844,-4.5109,-4.3121,-2.6863,-0.036126,0.87655,1.8168,2.1946,1.3731,0.4599,0.97906,0.65575,-2.6834,-3.3678,-2.2274,-2.1591,-2.6292,-4.2416,-5.6614,-4.0432,2.4638,6.7381,1.2567,-3.2126,-2.9542,-4.4815,-3.9677,-0.89126,1.2314,4.8633,6.4963,7.2196,5.6514,3.5573
0.14731,-0.11738,-0.91308,-1.1082,-0.11601,0.94553,3.4094,5.5164,9.746,9.4346,2.6865,-2.007,-3.4718,-1.87,-1.8417,-1.7977,-0.50695,0.013257,0.036745,-0.0068601,-1.1395,-2.0783,-2.0283,-3.5012,-6.3502,-4.135,0.60791,-0.55356,2.2209,3.9756,1.2051,0.95092,-5.3653,1.7583,4.5506,-1.1694,-2.3277,-1.1017,-0.88373,-1.5647,-2.297,0.2488,-0.041753,-3.1302,-2.8561,-3.3457,-1.9296,-3.4979,-3.6078,-1.112,-0.34289,-0.60188,-0.66465,-0.06364,0.63578,-1.4532,-4.3986,-3.3908,-2.375,-1.8177,-2.9077,-4.5127,-5.0475,-4.15,-2.9312,-3.4078,-3.2332,-2.1455,3.1764,5.7143,-0.34807,-2.9263,2.2846,4.0385,2.4413,4.014,4.5041,6.2515,2.8459,-1.3715,-1.3102,-0.80092,-3.2252,-3.3104,-0.81418,-0.83315,7.1133,13.408,11.278,5.4038,1.1559,1.4241,3.2199,1.0036,-1.3344,-1.2233,0.73736,2.7854,3.3303,3.8641,-2.1548,-2.6697,-3.4512,-4.2422,-3.8035,-0.9397,-0.0062135,5.0642,2.9462,-2.8844,-5.2546,-3.5174,-1.3103,-4.0105,-5.8825,-2.2549,3.4271,3.307,0.24694,-2.1992,-2.1945,-1.5743,-1.9364,-4.151,-6.9456,-8.0886,-6.5362,-4.4765,-4.8378,-5.7807,-4.8636,-4.6208,1.1733,4.6137,6.8332,6.3671,3.474,1.6245,3.9925,9.3498,13.354,12.928,5.9359,-1.6676,-1.3021,-1.686,5.2048,8.3353,5.3786,4.7082,7.7295,7.968,6.5553,7.8074,8.1585,2.8082,-2.8879,0.052753,2.1613,4.4378,7.788,9.4592,10.021,7.4883,-0.40198,-5.6589,-5.1419,-3.6845,-4.655,-6.5161,-6.7622,-5.6129,-5.2999,-1.0479,4.1576,3.7092,4.2219,1.5025,0.57748,3.6519,6.5067,7.4487,6.4601,2.5969,-0.85535,2.3147,-7.6987,-8.3535,-4.3777,-4.6895,-5.8635,-4.167,-3.4184,-2.7487,0.85987,2.0504,0.75369,-0.46303,-0.066044,0.66237
-0.8286,-0.92644,-1.2607,-2.1268,-2.7,-3.1152,-1.1185,-4.5037,-2.9378,0.24026,6.5765,7.9962,5.9715,3.7365,3.0077,2.2908,2.2974,-0.71456,-2.7323,-2.5123,-3.5593,-4.2326,-3.8944,-2.4902,0.66274,4.4407,4.6605,2.2759,-1.2569,-6.8892,-9.2002,-9.6012,1.5492,4.792,0.88032,-2.5475,-5.7276,-8.5378,-5.8008,-1.035,0.96327,0.27462,-0.84838,0.36695,1.3368,0.79008,0.172,2.9357,2.9195,1.0774,-1.5631,-3.8005,-3.205,-5.1374,-6.5242,-4.2785,-2.594,-2.6099,-1.9572,3.5842,6.3961,4.5162,4.9448,6.5356,4.4431,2.5717,3.9567,3.2519,0.92162,-2.0377,1.9225,12.304,16.297,9.4832,2.0636,1.9808,2.5532,0.89158,1.0216,2.6184,2.9112,1.6573,-1.1899,-3.885,-5.2929,-5.2376,-8.1017,0.16792,7.7313,10.596,9.18,6.2062,2.0139,-2.3755,-4.9219,-5.1526,-4.5033,-6.3389,-7.5463,-6.8108,-4.5251,-4.7794,-4.8405,-5.7447,-5.0256,-6.0913,-8.2064,-0.20276,-7.7508,-10.896,-7.2556,-9.4943,-5.8996,1.7946,1.1991,1.6568,1.4248,4.6236,6.7778,4.8216,0.57649,-2.5169,-2.2552,0.7617,5.6793,10.162,11.579,4.9857,-2.4233,-1.3461,-0.73783,0.5267,-3.6047,-4.0179,2.0109,-0.087391,-1.5739,-0.097508,1.972,1.2721,-1.3805,-1.1022,2.7907,9.3695,13.694,12.048,4.3144,4.0784,8.722,10.622,7.1329,2.3958,4.4297,7.4959,7.924,2.8567,-3.731,-6.4976,-6.2832,-1.2073,6.5201,11.54,10.951,7.7172,6.3692,7.5869,7.5031,2.9763,-1.8267,-8.6003,-9.5735,-4.8926,-4.187,-3.5283,-0.94738,-1.443,-2.1,0.22643,2.8128,1.8857,0.098374,-1.8255,-3.47,-2.866,-1.2237,0.28142,4.4758,-4.6742,-6.5264,-4.3023,-4.5709,-5.1676,-4.8483,-3.202,-0.77933,2.0116,2.9885,1.6406,2.1289,3.617
-2.285,-2.267,-2.2392,-2.3686,-2.2405,0.28631,0.052505,16.979,21.702,17.272,7.2816,-1.8617,-4.5258,-6.0583,-3.977,-0.63811,0.12553,-0.11582,-0.79265,-1.1448,-4.9767,-8.2859,-6.4808,-1.1066,2.1497,0.5577,-2.7784,-7.2228,-10.016,-6.6063,-1.0755,-3.3804,-2.4399,-6.2787,-1.1029,1.6912,-3.0272,-0.50355,2.8472,1.8757,0.16756,-2.6041,-5.7907,-4.3475,-3.6168,-4.7144,-4.2384,-4.5109,-4.8713,-2.5178,-1.0459,0.055789,0.44502,0.95504,2.7122,0.21942,-3.6468,-2.5013,3.4787,6.3086,4.0693,4.9,7.1283,9.2743,10.838,12.412,13.214,9.2748,5.5239,6.0304,3.974,-1.5551,-7.2776,-11.403,-11.289,-7.4933,-4.991,-6.848,-5.9815,-3.524,-3.5808,-4.5501,-4.1591,-4.2867,-5.2871,-3.5138,12.595,20.84,15.616,9.356,4.6091,-0.1898,-2.7943,-3.8092,-4.4167,-4.356,-4.0295,-4.9855,-4.7293,-3.5723,-5.2513,-5.2923,-4.7202,-4.1441,-1.7629,0.87677,8.3543,-3.1416,-2.7513,-2.6682,-4.0881,-2.7645,-3.6152,-3.4822,-0.33896,3.4942,0.66116,-3.6695,-7.635,-9.9002,-11.036,-11.655,-7.4393,3.1005,9.093,3.8277,-2.8509,-3.4565,-2.1868,-2.9507,-5.104,-3.2337,-1.4519,2.9467,1.2053,2.7072,6.9792,5.5401,4.2963,4.7895,5.0747,5.1073,6.6256,12.595,17.582,17.24,16.889,13.422,8.6695,6.315,5.6759,6.7374,9.3257,10.923,9.1311,4.414,3.8305,9.5315,16.639,21.482,20.878,15.469,9.332,2.8526,-0.50792,0.59947,-0.23157,-1.7289,-1.1624,-0.51322,-0.71397,-0.81425,-0.42975,-3.8728,-7.8182,-9.2294,-10.555,-7.3476,-3.0715,-3.2377,-5.2102,-5.4605,-5.6631,-3.952,0.47826,6.2482,-7.2465,-8.1171,-5.889,-4.8834,-4.5426,-3.9446,-3.5003,-3.288,-3.2858,-1.3609,1.0218,-1.2937,-5.0727,-6.8185
1.2004,1.2112,0.97079,0.18009,-0.17233,-0.38441,2.317,3.155,12.896,18.105,15.237,9.9499,3.4364,-1.289,-4.1452,-4.6288,-3.1984,-1.5485,-0.94113,-0.062329,0.71947,-0.72324,-3.0621,-3.1429,-0.80805,-0.56,-3.4315,-3.7455,-5.2085,-9.5646,-11.697,-6.6323,-2.3998,-7.0375,-7.5168,-6.4702,-6.1631,-4.0076,1.2425,3.2369,0.55144,-1.4927,-0.16557,1.1352,2.0323,1.3128,-0.88351,-2.8117,-2.1064,0.10579,1.1878,2.0406,2.9556,3.6899,4.0267,4.6514,5.5883,5.3883,5.2251,6.6233,6.9718,6.4321,5.9196,5.8436,2.0702,-2.4066,-1.8583,-1.8757,-0.94764,0.85657,2.381,-0.32239,-5.0989,-7.1044,-5.8945,-3.1472,-0.34864,-1.1547,-0.71489,1.2318,0.6794,-0.85961,-3.4141,-5.9766,-4.8571,0.10228,8.8351,10.777,8.5458,4.5879,0.62506,-4.453,-6.7577,-5.3575,-5.0186,-4.4259,-2.5865,-0.70702,-0.99644,-1.8918,0.55265,0.3488,0.18628,-1.6453,-3.3525,-3.0135,-4.1091,2.8654,3.3559,-0.22113,-3.8422,-5.0412,-3.9889,-3.6774,-3.0838,-3.7824,-3.0573,-0.62058,0.02566,0.14013,-0.34441,-0.54958,-1.7063,-1.9318,2.7038,5.7352,3.8352,0.60958,-0.45173,1.0124,2.811,0.9426,-1.8383,3.4347,-2.524,0.51134,5.2865,4.0674,0.80094,0.80235,-0.21016,-2.3523,-0.89899,3.5366,7.3378,7.4301,4.837,5.6861,5.2915,2.4205,-0.02201,-2.3148,-4.4052,-6.6877,-9.0499,-9.7327,-7.1871,-5.7292,-6.7985,-2.9568,3.391,5.7199,7.6921,8.8711,6.6556,2.5749,1.51,-2.1957,-3.0404,-0.62598,1.2383,0.99578,0.59569,0.4824,-0.27144,-0.80297,-2.5127,-4.1947,-5.5988,-8.3299,-12.495,-15.291,-15.408,-8.9781,0.7132,3.5638,-1.1756,2.7404,5.4841,4.0312,2.1376,1.4974,0.60536,-1.6286,-1.4935,2.584,5.6658,9.6642,10.617,9.375
1.6801,1.6232,1.2454,0.98707,1.4985,1.9662,4.3073,3.5168,6.3981,10.741,12.634,8.0688,0.64887,0.79275,1.8554,0.56343,0.12227,-1.9919,-4.3554,-4.5341,-3.7701,-2.2867,3.3739,10.079,10.355,7.7064,3.8953,0.61533,-1.6625,-3.9091,-5.0658,-4.3316,-2.8676,-5.1654,-8.5667,-5.4246,-1.5873,-2.3132,-5.4227,-7.0538,-7.0974,-5.652,-3.993,-2.1351,-0.77054,-1.2139,-2.1902,0.34783,2.8754,4.7417,4.3258,2.3073,0.10899,-0.903,1.4864,-1.1612,-5.6562,-4.5864,-3.1669,-2.7644,-2.8546,-2.5369,-2.183,-2.2109,-2.0865,-1.2112,-1.1592,-2.0264,-1.9427,-0.69492,1.5531,1.7668,0.16972,-0.51758,-0.43686,-0.82337,-0.73116,-2.9462,-4.2007,-3.5133,-3.753,-4.5377,-1.0144,2.4833,0.58694,2.3392,0.38922,9.7154,17.408,17.378,11.023,5.0455,1.4396,-1.7757,-1.2866,-1.4506,-2.5093,-1.6511,-1.125,-1.7058,-1.3431,-1.5889,-1.8345,-2.9826,-3.5632,-2.0966,-3.51,3.4139,1.6289,-1.7107,-2.3276,-4.7962,-6.0184,-4.4305,-1.4768,0.058169,0.43543,-2.4496,-6.4953,-8.2751,-7.3636,-4.9396,-1.7479,1.6959,2.5817,1.516,0.56018,0.28355,0.43014,1.8501,4.0336,6.3738,9.412,13.64,11.237,-0.0060051,-6.8282,-8.0965,-3.6719,1.6681,4.2346,4.8734,6.4629,10.421,12.675,10.433,4.0428,1.1658,0.62591,-1.1598,2.4829,9.9658,11.963,9.8468,5.5477,5.7394,13.897,20.444,20.865,15.857,9.4623,3.4605,-0.54374,-3.0739,-3.7392,-2.4385,-2.4682,-3.4976,-2.8599,-0.95916,1.2384,0.48069,-1.2762,-2.4265,-3.9921,-4.2096,-4.2755,-3.5215,-2.4164,-3.3739,-5.901,-5.5998,-5.4338,-5.9652,-5.0002,-5.243,2.1476,-3.8269,-5.6295,-4.2998,-3.6015,-0.98778,0.98221,6.0346,5.9993,0.20212,-3.7691,-2.1429,-0.63328,-1.2581
-1.3839,-1.1556,-1.0334,-1.061,-2.0014,-3.1652,-2.2226,-3.4745,0.65163,3.8039,4.0483,2.9887,1.916,3.2551,4.0247,4.5436,4.655,2.9084,1.7875,0.11498,-1.9943,-2.3307,-2.6321,-3.161,-1.672,0.39515,-0.94442,-0.91627,-0.12939,-1.1248,1.7662,2.7772,-0.29255,-5.5149,-10.605,-8.2671,-3.2771,-0.14248,0.42822,0.2298,-2.12,-3.8393,-2.6727,-1.4625,-0.55265,-1.2214,-3.4668,-5.1597,-4.4228,-1.0207,-0.91743,-2.5821,-1.7092,-0.92615,-0.15658,-0.48485,-2.4869,-3.4148,-2.4872,-2.5787,-3.1523,0.78347,4.5854,4.5535,4.9558,6.2799,3.7345,-1.285,-2.4413,-1.472,1.6635,3.3726,1.9328,0.73353,0.75246,0.49482,1.0988,2.2148,-0.55825,-3.0671,-2.9016,-3.4696,-1.3177,0.2174,-1.8942,-1.1609,0.49521,2.3253,1.9964,1.3272,1.6415,2.5588,2.1839,1.1212,0.53172,0.65948,1.3237,3.7465,5.6004,5.2156,-3.876,-3.6472,-3.1003,-2.2697,-2.4091,-4.1168,-4.9386,0.31245,-1.2294,-3.0776,-3.0912,1.2877,7.1832,5.0505,2.5348,0.33642,-1.5958,-1.2101,-0.86549,-2.1014,-4.9758,-7.7915,-9.2332,-9.7928,-7.3471,-2.5723,-0.090372,-2.4181,-4.8887,-2.8668,-1.2944,0.0059402,5.8789,13.704,12.176,5.5163,1.4678,-2.6732,-2.3032,0.040978,-1.6893,-4.6535,-2.9274,2.3549,7.1292,7.5309,3.8981,7.5132,9.6042,6.0326,1.7534,-0.31172,-0.19394,0.15089,1.4062,1.6002,0.90249,2.8575,5.0154,4.0154,1.8805,0.16181,-1.3726,-3.3022,-2.6967,-0.40361,0.20037,-1.9301,-2.8371,-1.2986,1.2783,2.9832,2.9667,1.6768,0.42415,0.81898,0.92775,-0.40027,-0.32686,-1.4657,-2.9055,-2.5765,-2.3094,-1.4106,-0.60733,-2.4391,-1.836,-1.1972,-0.95956,-0.4214,0.021996,-0.55417,-0.81012,-1.1298,-1.4193,-0.042588,1.2626,1.017,-0.066788,-0.66438
2.7935,2.6242,2.0716,0.79919,-0.12582,-3.2744,-3.7545,-10.837,-19.523,-19.965,-13.351,-5.0342,0.92558,0.64965,-2.5113,-3.1182,-1.9716,-1.7871,-2.0621,-1.6289,-0.32857,2.3063,4.9608,4.9471,1.9752,-1.4382,0.19655,4.3249,3.6466,1.4264,-0.72243,-0.82736,9.76,4.1189,8.103,11.016,3.8146,-0.60017,-0.98766,2.1835,3.5841,3.9755,4.3248,5.5349,6.3773,5.7399,3.4332,1.9637,0.81783,-1.9964,-2.955,-1.4148,-0.55953,-0.39749,0.016485,1.1786,2.4371,3.6314,2.743,-1.4421,-4.9543,-5.8885,-5.8085,-5.3032,-3.79,-2.7606,-2.2007,-0.3083,0.15344,1.2657,5.4654,6.9076,6.9404,1.7232,-6.3625,-7.1686,-2.5512,1.8937,4.7159,5.6498,4.8156,3.581,1.9223,0.025322,0.33242,1.4856,-4.3115,-15.11,-20.57,-18.167,-10.768,-5.6972,-1.4309,1.0688,0.23262,-0.2678,-1.2929,-2.8353,-3.8171,-3.8529,-4.3772,-4.7559,-5.1878,-6.8509,-6.9834,-9.5737,-11.997,-2.3357,6.5101,11.479,12.58,9.0765,2.2462,-0.37898,2.9513,6.3948,5.4508,2.5045,-0.10708,-1.1943,-0.50465,1.6614,4.2855,4.4786,1.9116,0.20202,-0.10952,0.17627,1.5418,3.5596,5.1001,4.7973,-21.337,-36.857,-28.532,-9.7814,-1.7322,0.95471,1.9939,-1.7439,-5.0068,-4.4041,-1.0622,3.5763,5.6727,4.05,-0.98604,-6.0431,-6.5198,-3.286,-2.1832,-5.049,-7.4402,-7.4681,-5.7514,-1.6758,4.4229,8.3803,5.8792,-1.9649,-11.257,-18.385,-19.905,-16.653,-9.5338,-0.30633,5.5225,7.4656,7.1267,7.6137,9.7203,10.323,10.121,8.18,10.893,16.75,15.444,4.5166,-9.2418,-16.984,-17.302,-12.263,-7.5387,-10.765,-17.243,-14.585,-0.46013,10.174,16.216,19.035,19.126,11.213,2.144,-0.72813,-0.049928,-1.3161,-5.1183,-10.116,-11.87,-10.831
3.7589,4.0483,3.9739,3.1186,1.0415,-1.2577,-1.3376,-3.4591,-4.0328,-3.474,-3.2392,-3.8225,-0.98712,1.752,0.036232,-2.1225,-1.8304,-1.3896,-1.5447,-0.63438,1.5257,2.0072,0.48794,-1.0675,-3.9425,-7.0006,-2.1676,4.816,3.5127,1.7754,1.3993,-0.05126,7.114,10.916,8.0862,6.7396,5.0537,5.722,6.5887,3.3285,-0.51212,-0.76967,1.0413,3.424,2.009,-0.72825,-1.0973,-0.23259,2.9782,2.5324,-1.0843,-3.1507,-3.2143,-2.4128,-0.71215,-1.9867,-4.3141,-4.1208,-4.4602,-4.9549,-4.5874,-4.2273,-4.5961,-4.9558,-4.613,-4.0565,-3.9749,-3.3136,-3.4902,-4.1141,-3.417,-2.9714,-2.4579,0.80275,6.1376,9.8051,9.6444,9.8725,8.617,7.3007,6.7132,4.9465,2.4203,-0.48021,-0.64639,3.7242,1.1212,-6.9206,-13.125,-13.526,-8.8256,-2.3861,2.4002,2.7532,1.4298,1.6231,1.6641,-0.58204,-2.5872,-2.3267,1.6978,1.7461,1.7017,1.4929,0.4686,-1.843,-3.8592,0.75927,2.6883,3.4703,4.6355,4.0573,1.1443,-2.1319,-1.4248,3.0279,4.5089,2.1451,-0.15375,0.64563,2.5753,1.8225,-1.2404,-3.4551,-6.514,-7.5519,-7.0474,-8.0924,-6.821,-4.2268,-3.6683,-2.427,-1.5184,-0.77312,-1.2336,-5.024,-6.4584,-6.6587,-5.7489,-0.19659,7.4851,12.453,11.991,6.2689,-2.3517,-4.6427,1.3492,-2.4805,-11.2,-13.161,-6.0257,2.0681,5.5442,6.2596,4.072,0.61627,-0.43868,0.18756,-2.667,-7.3296,-10.007,-10.682,-10.455,-9.5959,-6.1293,-1.1349,1.5955,2.291,-0.051942,-0.96185,1.3644,3.3241,3.951,4.8042,4.8265,3.445,4.6628,5.3707,6.4915,4.9777,0.030298,-3.331,-4.538,-3.174,-5.7561,-11.015,-1.6611,-0.85571,-0.48953,3.2116,4.2993,2.9824,-0.088757,-1.226,1.8705,2.5096,0.79981,0.54175,1.2937,1.7754
-0.72227,-0.4688,-0.19357,0.90978,2.4714,2.7304,1.6664,-3.0804,-4.2721,-2.0245,0.34219,2.1077,4.1668,2.2455,0.11541,-0.062588,0.4645,0.61788,0.7009,1.068,0.29564,-0.29561,-0.49598,-2.3466,-4.4022,-4.0423,-2.0635,1.0032,3.7615,2.2125,2.1321,0.13245,7.8546,7.5284,6.5876,-3.2866,-8.3563,-4.7826,-2.92,-2.8053,-2.0315,-0.064498,2.3375,3.9755,1.1185,-0.34885,-0.77049,-5.8582,-5.6126,-3.5479,-3.7603,-3.4334,-2.1934,-0.938,-1.3443,-1.9159,0.95393,2.255,0.43607,-2.0233,-2.445,-2.2827,-2.1908,-2.6653,-2.3026,-2.53,-3.0028,-1.3462,2.3217,5.1001,3.2619,-0.7556,-3.4824,-3.6162,-1.715,1.0508,2.9379,2.585,3.4151,4.3612,4.3836,3.9943,3.0889,1.1892,-1.4781,-2.4835,-3.9237,-3.6089,-1.6344,-1.7433,-3.437,-3.9548,-1.2966,1.4482,0.76054,-0.35763,-1.1911,-1.2272,0.8658,2.7265,-5.5328,-5.2435,-4.4335,-3.3738,-1.6941,1.7201,2.7713,6.1462,3.9812,1.6878,2.2995,0.38174,-0.51998,1.2779,1.9214,2.4348,1.9337,-0.15578,-2.303,-3.1918,-2.4308,-1.291,-2.2019,-5.32,-6.4826,-4.2936,-0.68493,-1.1874,-3.052,-0.86668,-0.245,-0.059938,-15.552,-22.356,-7.1226,7.5689,7.4456,4.9837,4.9227,6.9376,8.4594,9.2363,8.9024,1.1604,-10.203,-11.322,-1.5819,4.8277,2.0029,-0.61259,1.0539,3.7961,3.7311,2.6513,6.0475,10.31,4.5829,-4.1016,-2.4712,1.7182,-1.0278,-4.1198,-2.2656,2.2623,1.3264,-3.9681,-5.4853,-3.48,0.61822,3.3414,0.76608,0.39683,2.3725,1.7204,0.15429,-1.0338,-2.1229,0.17667,1.9096,-1.189,-3.659,-3.4178,-0.96366,2.3386,3.3374,0.97919,1.664,2.312,0.9681,-0.021842,1.7064,3.1715,1.3303,-3.5378,-4.674,-3.1436,-3.7946,-3.9852,-3.315,-3.3195
-0.26422,-0.52524,-1.3135,-3.4855,-5.4009,-5.5239,-5.0791,-3.6217,-2.3661,-2.8639,-0.34457,-2.0684,-1.2019,-0.75683,-2.2382,-2.9848,-3.0113,-3.1346,-3.4745,-3.7789,-3.8087,-3.9284,-3.9528,0.42368,4.3873,1.283,2.4926,5.2626,3.6848,5.8507,3.501,6.9669,5.9074,-0.0936,-3.0935,-0.78332,6.3734,8.2515,1.1947,-2.3968,2.0063,2.5457,0.48039,1.5214,0.93445,0.28062,2.849,8.5922,11.017,4.8212,-2.5419,-1.71,-0.61544,-0.35245,0.095266,-0.88749,-0.71136,-1.8114,-3.9151,-3.5979,-3.9282,-4.6148,-5.5369,-5.9358,-5.2364,-2.6712,0.085238,1.7847,-10.926,-33.327,-26.677,-8.2429,7.3001,13.897,9.4562,2.3375,4.2626,3.628,5.9338,10.085,11.282,9.4722,5.1458,-2.0462,-6.3539,-5.7329,-10.24,-17.042,-17.323,-11.266,-4.0062,2.52,5.8241,5.7634,4.2748,2.8312,2.0105,1.5694,1.3226,1.3764,-4.6645,-5.1974,-6.015,-6.858,-7.9156,-7.7408,-5.175,-0.54198,7.1099,12.157,12.387,3.5577,-5.3466,-4.5011,-1.1894,-0.053843,0.23463,-1.3634,-4.0831,-6.6385,-9.0994,-11.997,-12.578,-12.053,-12.294,-12.434,-11.538,-10.882,-10.259,-7.9084,-5.9159,-4.4806,0.051214,5.9584,8.8375,8.8973,4.0195,0.51332,9.7202,17.803,15.298,8.1013,1.4851,-1.1578,-2.5195,2.81,9.0855,-1.2986,-10.25,-4.9852,3.3334,5.0328,2.3267,0.37243,2.4125,9.1369,11.57,6.2622,1.9621,-0.3245,-3.3511,-3.5294,-2.4478,-2.5135,-3.2028,1.5978,10.742,16.455,2.7696,-3.591,-5.0068,-6.5264,-5.2633,-5.9575,-3.4569,4.3143,3.4089,6.0651,10.341,10.818,8.947,5.9362,2.4145,0.67765,-1.3746,-5.239,0.92241,5.1938,7.3309,8.4307,3.3638,-2.9557,-6.3523,-7.2121,-4.8829,-5.1545,-5.6069,-6.4058,-6.332,-5.7237
-0.62828,-0.59454,-0.81313,-1.0604,-1.0726,-1.1951,-2.5275,-0.85183,5.1035,8.0536,7.1022,3.8748,-0.10132,-0.15232,0.58446,0.84067,0.58966,0.38372,0.81654,-0.56587,-1.9244,-1.8306,-2.1378,-2.6784,-2.2526,-2.2888,-1.7385,0.066793,-0.6151,2.0076,4.4641,-3.4679,-9.4517,-13.682,-16.949,-10.451,-3.1417,3.6817,5.5386,2.3194,1.7278,-0.31097,-2.7357,-2.204,-1.7722,-1.8646,-3.3008,-3.3443,-3.3114,-1.9769,-1.5321,-2.9116,-3.1658,-1.9256,-0.19295,0.074791,-0.12545,-0.3477,0.26635,-0.11963,-1.6573,-1.8056,-2.2566,-2.9326,-2.2344,1.6841,2.746,2.7983,5.1951,5.4854,6.9106,10.779,10.48,7.2012,1.8783,0.45993,3.7618,5.9373,8.0712,2.177,-3.4977,-4.9801,-4.5691,-0.93967,1.0023,1.7356,1.5055,-0.80399,5.4979,11.592,9.9844,3.2876,-1.2589,-2.3796,-2.7382,-3.0351,-3.8789,-5.6047,-6.3355,-5.7734,-1.1004,-1.2179,-1.2437,-0.75904,-1.5777,-2.6182,0.079562,-1.9052,-3.2897,-3.0926,-3.8345,-1.1333,3.468,1.9189,-0.53113,-2.553,-3.3773,-1.6495,-0.49088,-0.71732,-1.5954,-3.094,-4.2909,-4.4809,-4.4889,-3.6518,-3.8999,-4.5673,-2.8853,-4.1502,-7.2501,-3.556,3.3349,9.8208,6.5157,8.9282,10.891,4.9142,1.0623,3.999,7.4657,4.5006,-3.1781,-4.732,-3.3183,-2.7864,-6.2955,-1.5293,3.0175,1.4678,0.31714,4.3114,8.1403,7.9223,6.441,4.033,-1.0229,-4.8842,-4.8258,-1.8604,0.7993,1.3518,3.6293,6.1965,6.3369,-3.528,-11.375,-11.372,-8.4161,-2.6794,3.3599,5.4548,5.1997,2.6904,3.3367,6.7771,5.8228,4.4004,0.73055,2.4446,3.2863,0.70714,-0.59557,-2.2897,-4.3649,-3.7743,1.4341,6.5627,0.96966,-4.2301,-3.047,-1.0962,0.77979,1.4319,2.5346,1.4047,-2.4814,-3.4659,-1.4397,-0.012201
-0.82913,-0.5902,-0.47743,-0.57215,-1.7133,-2.9254,-1.8051,-0.92344,3.8778,7.452,7.6962,4.82,1.1474,0.58314,0.62773,0.86615,0.65453,0.32347,0.74604,-0.6014,-1.8881,-1.6526,-1.9817,-2.6381,-2.3259,-2.5797,-2.158,-0.36127,-1.1365,1.6998,3.8291,-1.633,-6.9946,-12.819,-12.77,-8.9353,-3.7465,2.2838,3.2866,2.4451,1.9332,-0.19793,-2.6278,-2.0588,-1.778,-2.0058,-3.2982,-2.8334,-2.9867,-2.0635,-1.5008,-2.6555,-2.9057,-1.8903,-0.21506,0.088065,-0.087321,-0.29379,0.17866,-0.26842,-1.6918,-1.7724,-2.2013,-2.8904,-2.2028,1.5318,2.0293,1.9252,4.9235,7.3984,8.5772,9.2099,9.1415,7.0843,2.7279,1.1875,4.1426,6.0371,8.0404,2.228,-3.2861,-4.8147,-4.5056,-1.5112,-0.22026,0.424,4.4022,7.5656,8.2209,7.5683,5.2691,0.93306,-2.4628,-4.0276,-3.6149,-2.928,-3.738,-4.1048,-3.6179,-3.073,-1.4503,-1.2949,-0.89629,-0.21641,-0.39768,-1.9042,-3.5483,0.023194,-1.4976,-3.3678,-3.7381,-1.2783,2.7337,1.3645,-0.54099,-2.693,-3.8493,-2.1495,-0.75085,-0.83103,-1.5389,-2.7245,-3.9439,-4.3801,-4.6109,-4.0158,-4.3165,-4.8358,-3.0095,-3.2615,-5.0288,-1.9968,4.5108,11.65,18.681,13.337,3.7607,-2.2961,-1.466,3.7194,7.0187,4.3779,-2.7069,-4.2602,-3.3314,-3.361,-7.2577,-2.4993,2.626,1.5098,0.14609,3.7144,7.5659,7.8312,6.4435,4.0578,-0.67476,-4.6131,-5.1319,-2.8366,-0.22764,0.75079,3.3491,6.1894,6.8127,-2.3432,-10.735,-11.022,-7.4715,-5.0856,0.32688,5.8802,5.8363,3.5915,3.6562,6.3125,5.3458,3.9082,0.21758,2.4179,3.6996,1.0851,-0.49001,-1.6911,-4.1527,-3.5462,-5.7378,-3.8029,-0.38789,0.12607,-0.09092,0.76904,3.0805,5.1457,5.5701,2.2131,-2.033,-3.3365,-1.9598,-0.65839
1.3338,0.56558,-0.41888,-0.24749,1.0003,1.791,3.2198,4.369,5.4264,8.2264,6.4932,2.531,-0.62937,-3.2172,-3.1548,-2.8108,-3.257,-3.531,-2.5526,-1.0215,1.5055,2.1263,1.9006,4.1586,6.0125,4.2806,-0.95719,-6.1231,-6.7029,-5.0748,-4.1243,-0.044199,-0.67732,-5.7094,-8.6881,-7.0037,-5.8792,-6.8273,-6.8555,-5.5738,-4.4429,-1.2979,3.4921,6.1673,6.6834,6.3959,3.5872,-2.1533,-4.5248,-2.067,-1.2936,-0.84968,0.11417,1.0869,1.999,3.2616,0.97239,-2.0153,-1.3336,-1.8068,-2.5737,-0.39731,1.9181,0.44895,-0.86935,0.063025,0.57023,0.3487,0.6218,2.4696,4.6049,3.1208,-1.4753,-5.4745,-6.0387,-4.6582,-3.3981,-2.5696,-1.2744,-0.00022002,1.1429,4.0818,5.8246,3.5989,1.601,3.4752,0.14066,14.159,19.74,13.65,2.628,-2.424,-0.82087,-0.43764,-1.0851,0.10291,1.9805,3.1547,4.0124,4.1268,4.1664,3.1521,2.1848,2.9502,5.8443,10.286,10.238,8.2401,5.2687,-0.10465,0.74868,0.83906,-0.22362,-0.10931,-2.0308,-3.9604,-4.1412,-1.9207,1.1004,2.796,1.7009,1.1756,3.4663,6.3051,8.393,7.9808,3.9647,0.49342,-1.807,-2.837,-0.4991,0.91172,4.5647,9.7114,5.0882,-1.8269,-3.6482,-3.9935,-2.4277,-1.3866,-1.7444,-1.6226,-2.1272,-1.9267,-0.5633,0.49718,0.060364,2.6787,2.8946,-0.16191,-0.10006,0.19816,-2.7508,-5.4656,-6.7452,-5.7141,-0.54979,7.243,11.459,10.371,6.7556,3.3478,1.7745,-0.51877,-2.4878,-1.6713,-1.2701,-2.0974,-2.1101,-2.4128,-2.2729,-1.5582,-1.5018,-1.9169,-2.4723,-2.1137,-1.1511,-0.48055,-1.2936,-2.1502,-0.79835,0.59062,1.5206,3.863,7.7936,8.6746,13.185,1.5237,-3.936,-5.5141,-3.6204,1.1288,0.30083,-1.0734,-2.235,-4.0016,-3.4723,-1.2575,0.018122,0.19705
-2.5741,-2.5681,-2.7141,-2.6223,-1.7023,0.024202,3.4753,17.767,16.468,17.282,23.665,13.579,-4.0015,-5.5962,-3.1335,-1.3118,-1.068,-1.5202,-1.3227,-1.4038,-1.4452,-2.9672,-3.9032,-1.0793,3.6956,5.1996,2.0267,-0.35421,-2.3737,-7.1037,-9.113,-10.518,-7.3154,-5.554,-5.4832,-3.2172,-4.0695,-3.5718,-2.9281,-2.4408,-3.0908,-3.1407,-1.9765,0.052052,1.655,1.3413,0.16468,-1.8725,-6.3167,-7.1529,-4.1833,-1.3452,0.63298,1.7407,2.485,2.2714,-0.047871,-1.5467,-1.0885,-1.1985,-1.3615,1.3792,2.152,0.025877,0.085014,1.1129,1.3318,-0.13474,-0.12277,2.6942,5.3997,5.116,1.7116,-1.277,-2.5312,-2.3331,-1.1341,-4.1459,-6.3577,-5.1201,-3.574,-2.7891,-2.3274,-0.84998,-0.26979,-0.48908,-1.8703,22.178,31.991,22.507,0.68496,-2.2607,-0.95562,0.86127,1.0787,-0.80598,-1.6652,0.050003,0.44646,0.10955,-1.312,-1.4716,-1.3817,-0.39272,-1.8908,-5.5409,-7.2906,-8.1156,-3.9385,2.5367,4.4498,-0.32766,-0.59808,-1.8309,-6.3884,-6.6906,-2.6971,-1.0742,-1.4149,-3.4211,-5.7339,-6.0464,-4.1471,1.0209,7.72,10.301,7.6036,0.83937,-3.1689,-1.4432,0.099454,2.3,4.3876,3.8628,5.3214,-0.24472,-3.9831,-5.9746,-6.5909,-5.5873,-1.6311,3.7892,7.674,10.937,11.56,7.8792,1.3787,3.0455,8.2412,9.5899,7.4715,4.5913,2.3777,1.612,2.7802,1.9779,4.3294,12.86,16.895,13.529,7.0281,0.83342,-3.4753,-6.8033,-6.1831,-2.9703,-2.0099,-4.2708,-6.8456,-6.0638,-3.6255,-0.95776,0.61411,-0.32535,-1.1436,-0.69827,-0.72054,-1.3337,-3.35,-2.6651,1.1431,4.2112,4.6889,5.2384,6.5136,6.9925,5.0324,-9.7573,-12.815,-4.4371,2.6628,3.8029,3.2343,0.65575,-0.50772,1.4972,3.9827,5.6318,5.5101,4.9666
-0.3073,-0.064987,-0.21831,-1.1865,-2.3891,0.2921,3.334,8.2002,7.1793,6.2442,6.7473,4.3319,-1.1488,-2.8385,-3.3039,-4.3834,-4.8351,-2.9617,-0.96393,-0.9667,-0.51574,0.41199,1.213,0.67594,2.0178,5.3986,4.1677,-1.3622,-3.6425,-3.1236,-3.9338,-2.548,-2.86,2.2821,5.2451,4.6376,1.1839,1.7946,2.1022,0.84648,0.12116,-1.1578,-1.7868,-0.23798,0.77615,0.082175,-1.5928,-3.0524,-3.1423,-1.6593,-0.38519,0.26987,-2.8739,-6.1111,-5.0572,-3.3521,-1.7055,-0.65013,3.7856,6.1353,4.5272,4.7269,5.8463,2.3568,-1.6743,-0.48447,0.46753,-0.76208,-1.8939,-0.14497,-4.3731,-8.8826,-6.174,0.013548,-0.22934,-0.86827,-0.28699,0.63214,1.4339,-2.0102,-3.5395,-1.8962,1.7335,5.3674,3.3755,3.8099,2.1005,8.3448,11.919,10.988,6.2629,1.3867,-1.1407,-2.1805,-2.3337,-0.8273,1.3019,2.6976,3.8648,4.0529,2.7654,2.8219,2.7565,1.9496,1.3554,-1.5417,-1.555,-3.8736,-2.3292,1.6718,1.3632,1.2161,0.45621,-2.3764,-3.2285,-1.6442,0.29632,0.19487,-1.4896,-3.4567,-4.4565,-3.9841,-2.7154,0.42993,5.6014,9.6112,10.234,8.7405,3.3435,-0.76474,1.4841,1.5803,1.7081,-12.714,-17.751,-5.4657,0.66234,-1.0576,-4.8208,-5.0763,-1.3251,0.9849,2.2523,5.5774,8.1978,7.485,4.5182,3.3655,2.3336,-0.252,-2.1271,-0.94927,1.1471,2.2815,2.163,0.91608,1.4013,4.5336,10.263,14.27,13.816,9.7645,5.7491,1.6862,-1.1034,0.25774,0.79005,-0.37781,-0.24985,1.8303,-8.0091,-14.269,-13.793,-8.4373,-1.586,-0.96461,-0.62741,-2.0382,-4.1707,-0.9812,5.4831,9.1675,5.385,1.3965,3.0414,2.1047,4.4922,-1.4861,-4.1161,-2.7984,-2.6832,-1.3576,-0.17435,-0.20537,-2.2118,-3.7083,-2.3592,0.028099,1.5412,1.7696
2.4513,2.5444,2.4726,2.9342,3.8022,3.4609,3.6239,2.4183,3.1868,3.2798,-0.29273,-0.95416,0.3436,-2.5295,-4.4527,-3.609,-3.8071,-2.6811,-0.36469,1.1967,2.8486,1.8903,1.8865,6.1484,10.423,9.646,3.4118,-1.8822,-3.5177,-3.5186,-2.6865,-3.2161,-1.9766,-2.9268,-2.8895,-0.82693,-0.91096,-2.6005,-4.5187,-2.8591,-0.71633,0.61853,1.7279,2.4787,2.7938,2.4186,2.2737,-0.19795,-4.8213,-5.9887,-4.812,-4.1568,-3.8,-0.77075,1.8606,2.7195,2.9551,2.8726,2.5074,1.9138,1.8473,1.6734,3.6547,5.6449,6.2092,6.9866,7.1156,4.9907,4.6885,9.1351,14.253,16.877,13.393,0.40409,-7.8752,-3.6061,-2.1493,-2.1599,-2.9996,-4.503,0.63189,6.168,3.3089,-0.11436,-2.2065,-4.0513,-8.8883,-12.389,-12.451,-10.535,-7.832,-8.4427,-7.1777,-2.8759,-0.99184,-0.33456,0.15274,1.5235,2.7707,2.5925,0.012431,-0.13001,-0.17148,0.8887,2.3759,6.0759,6.6431,7.8231,4.9512,-1.1662,-1.1213,-1.3643,-3.6278,-2.2746,-1.3028,-4.3615,-6.4891,-6.6613,-4.6382,-1.5138,0.14713,0.6912,3.1209,7.8484,11.365,11.093,9.9311,9.6679,10.814,6.8755,0.72941,1.4265,2.1953,2.5338,0.90985,-5.5044,-9.006,-8.8889,-6.3783,-3.5586,-2.8926,-4.4756,-4.8717,-2.5293,-0.94109,-1.2499,-2.2279,-1.1832,1.8457,3.3383,3.9141,2.38,-1.7612,-5.3093,-8.3855,-10.391,-10.505,-8.3826,-4.794,-1.7209,0.43035,2.0311,2.3758,0.8618,-1.1983,-2.5528,-3.9462,-2.2399,2.1057,5.5367,8.0336,8.8393,7.3343,6.7343,9.574,7.4204,-2.6289,-13.208,-13.728,-9.2536,-8.9651,-11.948,-14.036,-14.84,-12.048,-9.5306,-1.907,2.3585,5.221,7.8187,9.7884,9.7562,7.3572,2.632,-0.5994,1.2284,4.5924,7.2455,7.8885,7.4854
-3.818,-4.148,-4.8955,-5.2673,-4.4635,-3.2072,-2.6561,7.319,11.17,10.047,5.3054,-2.6059,-5.21,-2.7935,-3.1194,-5.7025,-4.749,-2.783,-2.7239,-2.1259,-3.1934,-3.9136,-1.7701,0.3732,0.34341,1.0849,1.4992,-1.7584,-4.4524,-3.7844,-3.5126,-2.3649,-2.4965,-2.6614,-2.7958,-4.9172,-4.4465,-4.9308,-2.9392,-0.23578,0.90206,0.30534,-0.60908,0.76895,1.8291,1.2552,0.37941,1.6395,0.9621,-1.6086,-1.2498,1.0518,2.8898,-0.47727,-4.8357,-3.5622,-1.6921,-0.1871,4.3585,5.657,3.2009,4.5631,7.0496,6.3832,3.5532,3.0716,4.4319,5.1213,5.2456,4.7022,4.9628,5.5429,4.1324,2.4416,0.37003,0.82115,1.1065,-4.4262,-7.8527,-7.0754,-7.1062,-7.884,-5.3657,-2.7527,-3.6653,-2.6411,17.571,28.573,25.035,10.512,-1.7625,-0.88314,-0.27545,-2.7294,-2.1753,-0.29095,-0.10509,0.59126,1.0623,1.0458,-1.2608,-1.8884,-2.6229,-2.2278,-2.9901,-4.7655,-3.7808,-7.557,-2.6914,1.682,-0.17531,-1.2449,-1.9855,-5.0956,-6.2472,-2.2034,1.447,0.65399,-1.7788,-2.0348,-1.4219,-0.21751,3.0334,6.4479,7.3224,3.6176,-0.05985,-0.10139,0.95686,0.60105,-0.21256,-0.11725,1.7121,5.1976,4.5243,0.038147,-3.3553,-3.1059,-0.42304,1.9785,1.4185,1.7196,4.6871,10.51,14.347,12.726,5.8428,4.8933,8.178,7.7038,5.566,4.8467,2.9226,2.3404,4.0174,5.1115,6.4121,8.7868,14.949,21.199,21.127,14.546,7.7554,2.7715,-0.41437,-0.17499,1.2126,1.0027,0.0053956,-1.0852,-6.642,-10.39,-10.362,-6.3219,-1.2508,-1.0661,-0.99215,-0.94932,-3.4999,-5.5634,-5.9733,-5.0222,-4.3822,-1.6287,3.1914,8.1998,-10.818,-9.8258,-6.1524,-5.359,-2.5608,-2.9251,-3.3336,-2.0829,-1.2799,-1.1322,-1.0374,-0.1896,0.39861,0.49291
-4.6369,-4.9357,-5.663,-6.0981,-5.0723,-3.1379,-1.7049,-3.1072,-7.3467,-11.428,-10.693,-4.7137,1.9677,2.9236,2.0264,2.2471,3.2796,1.6627,-0.40125,-2.0362,-3.3175,-2.8464,-2.5749,-3.1626,-1.2017,0.48289,-2.3178,-3.5539,1.0731,5.9056,4.0391,5.1558,-1.1015,2.1,5.1515,3.2376,2.084,-0.3811,-2.2633,0.25242,2.7697,0.6482,-2.4625,-1.0479,0.32852,-0.30826,-2.7432,-1.7437,-0.85801,0.58782,4.9786,7.6066,8.2155,3.8777,-3.3895,-1.7145,3.7213,3.7107,3.015,4.6045,4.3245,1.7,0.22385,2.4374,1.6036,-1.5269,-0.47711,0.45676,-0.36137,-1.3184,0.92721,-1.47,-5.3301,-6.7318,-5.6635,-1.7564,2.5053,4.2204,4.5195,0.34618,-4.5787,-7.3754,-10.233,-8.6124,-6.0173,-5.6139,-8.2963,-11.168,-7.9532,-5.3268,-2.3084,-0.098855,-0.6121,1.9591,5.1003,5.0433,4.5232,4.2385,3.5897,3.1256,-5.5992,-6.2289,-6.9314,-6.4327,-7.5013,-10.054,-8.0727,-5.1842,-2.8393,0.25095,1.8979,0.52149,1.2041,5.1656,6.3016,7.5974,6.4393,3.5159,0.17074,-0.99595,-1.443,-2.0765,-1.9292,-2.2228,-4.7804,-6.5619,-5.5319,-3.5163,-4.4645,-6.6364,-6.2502,-7.7972,-2.8799,0.99417,1.1321,-1.614,-1.3419,1.8498,5.0001,3.6719,0.15148,1.5732,7.0958,11.807,11.05,4.9439,-4.0363,3.2857,10.073,8.542,3.1681,-1.3242,-3.3907,3.6699,16.093,14.843,2.8121,-0.43403,5.122,9.6679,12.336,15.211,17.397,13.135,4.1989,-0.98574,0.16314,0.80364,1.0465,2.0265,4.0952,-1.3146,-6.0822,-6.6585,-7.8664,-4.6236,-1.2063,-3.8937,-4.4368,0.54697,-2.4365,-12.55,-12.896,-6.3794,-4.7849,-6.3704,-0.55693,2.3272,-2.4294,-5.888,-3.8751,-2.8057,-3.1651,-1.8438,0.34439,-2.4589,-3.6735,-4.2978,-5.2999,-5.8026
3.626,3.3885,2.6468,2.6507,3.6873,4.2648,4.5288,0.84233,-5.8821,-10.032,-11.347,-8.4129,-2.9079,2.0329,3.8657,3.6069,3.3218,2.3351,1.9901,3.1028,4.8182,5.6763,4.4676,2.0903,-1.1221,-4.9765,-3.7581,0.7758,0.43055,2.6127,2.6682,1.0237,-2.5726,5.9833,12.88,13.115,10.345,3.467,-8.3753,-17.014,-16.63,-12.882,-8.0663,-9.0351,-10.24,-1.9453,2.5818,0.54785,1.3821,1.9808,0.74881,0.65643,0.51833,0.082848,-1.7036,-1.9937,0.32512,-0.10378,-0.93024,-4.6628,-9.5053,-9.0711,-8.636,-8.7646,-8.2123,-6.1883,-3.6692,-1.4152,1.8324,1.5138,0.22255,1.5331,-4.0684,-3.8111,-4.6565,-2.8699,3.5174,6.6062,7.4814,7.6761,6.7401,6.5681,5.5216,2.5517,1.9892,3.0973,-3.0463,-10.299,-11.904,-10.07,-4.4076,1.1611,2.3506,1.8531,2.3125,3.2752,3.2759,0.78575,-1.2214,-0.91736,-2.4191,-2.8934,-3.5936,-4.1832,-3.5382,-0.60086,-0.47687,5.4539,5.8556,4.6005,6.7375,6.6263,3.6969,1.2016,-0.1797,-1.5591,-1.2644,2.3834,3.8155,3.3918,3.8385,3.5904,2.1056,-0.3444,-3.3862,-4.9619,-6.572,-7.1182,-4.9072,-3.6174,-3.4115,-3.7356,-1.3442,-7.8116,-9.2755,-6.1721,-0.62366,7.5442,9.6351,8.5346,11.435,10.298,6.1438,-23.852,-35.722,-22.261,-3.2552,-3.568,-5.0894,-5.0944,-3.6409,-1.6558,2.0169,6.7559,8.5231,7.0392,2.9696,-3.7937,-8.2256,-7.237,-6.2064,-9.3651,-9.3604,-7.1307,-2.5414,3.9055,9.172,11.427,13.565,14.846,15.74,17.298,16.929,15.651,12.443,9.3417,4.6231,-2.312,-9.0949,-13.927,-16.017,-16.714,-18.2,-19.344,-19.16,-13.775,-4.2893,-2.036,0.61579,3.4623,3.9879,2.9105,2.1807,2.3681,3.7593,3.6679,1.3956,0.33609,0.77422,1.2043
-4.5967,-4.5496,-4.6316,-4.5143,-3.5382,-2.3731,-1.587,4.9875,8.3342,10.831,13.681,9.8676,-0.52793,-4.8215,-5.7253,-4.8583,-3.9192,-5.741,-7.9759,-7.6337,-6.4065,-5.4427,-3.5106,-2.3542,-2.9173,-0.36269,1.8646,-0.16709,-2.3042,-2.1269,-2.7593,0.71119,6.291,4.6261,2.1156,-1.0105,-8.6351,-11.112,-2.3763,5.9578,8.0742,9.0378,5.5431,1.9851,2.9579,1.8815,-2.0296,-6.1835,-7.7305,-6.0334,-3.7983,-2.1448,-0.28934,0.79659,1.6953,1.0894,0.19937,0.74162,1.7105,2.0903,1.8289,1.688,1.4638,1.3006,2.1316,3.7955,4.5602,1.5872,-1.5337,0.082507,4.0426,6.33,4.1846,2.9469,3.1023,1.7399,1.5315,1.1782,-1.8157,-2.8711,-1.8161,-2.9499,-1.4319,-0.34799,-2.7296,-3.0576,9.288,17.335,17.954,15.334,9.6532,5.4586,2.5326,0.15343,-2.9937,-4.2062,-3.8862,-4.0365,-5.1133,-5.9258,-1.0136,-1.0689,-0.83705,0.16652,-0.63644,-3.0406,-3.6242,-5.7901,-7.1847,-7.342,-7.2886,-5.0503,0.15782,2.2327,3.3453,3.181,2.3993,0.55904,-2.5057,-3.0664,-1.6225,-0.96097,-1.8811,-3.3327,-2.192,-0.23131,0.87612,1.5813,2.7929,2.1717,1.1694,3.9796,2.6284,-0.65614,-6.4796,1.9558,11.569,13.894,9.6488,0.48148,-3.5236,-1.8146,2.5041,6.6308,8.8855,8.27,3.7225,8.4914,12.696,11.808,7.5402,2.0144,-0.76721,-2.5099,-1.9899,-2.2311,-3.6083,-2.1809,-0.41282,0.16847,0.9,1.882,3.594,4.2847,3.8959,2.6804,0.18771,-2.1022,-2.2853,-0.44741,-5.3623,-9.7038,-9.8997,-11.566,-8.8322,-2.6396,-0.88023,2.1852,11.153,14.578,12.609,10.422,6.4552,3.7764,4.9613,5.2521,-10.865,-11.166,-5.7039,-6.0661,-9.6074,-6.7744,-1.8878,-0.80163,3.0636,4.1125,3.0835,1.6876,-0.39152,-1.5854
-1.3903,-1.0471,-0.59175,0.46306,2.0657,2.5986,12.956,24.804,16.311,7.7477,4.5099,-0.96976,-5.3446,-3.26,-0.31876,0.56587,1.3357,1.6161,2.0749,-1.0484,-4.2037,-3.5595,-2.8197,-2.1101,0.16204,1.0725,0.16179,-0.78164,-3.233,-5.2079,-3.4,-2.4537,-10.235,-13.8,-14.994,-11.269,-7.3545,-3.7793,-2.1108,-3.3989,-2.9869,-1.7012,-0.44888,-0.66951,-1.3439,-1.9199,1.9654,3.5662,-1.3911,-4.6442,-4.7509,-1.9016,1.2572,-0.28851,-3.1314,-1.8725,-0.65784,0.16562,0.74353,4.9967,8.0681,7.7015,8.3595,8.8852,9.6304,11.04,11.653,7.5446,2.672,2.8764,3.3165,2.1213,-0.38303,-2.5127,-3.2685,-6.1542,-9.1407,-8.9134,-5.2566,-1.7469,-0.74959,-0.57251,0.1295,-0.54623,-2.5183,-2.1766,7.8627,13.437,8.6757,4.314,2.0387,-0.50044,-2.6992,-1.9858,-2.103,-3.3536,-4.0378,-4.1771,-4.8761,-5.6826,-2.2603,-1.957,-1.1234,0.92806,3.1679,7.4186,-10.972,-8.9391,-1.8929,-1.6839,-4.439,-6.1136,-6.7209,-2.13,4.2619,3.2411,1.3229,-0.29225,-0.81363,-0.13616,-0.76947,-1.1218,-0.207,1.4592,3.0206,3.4615,1.7519,-0.12571,0.84312,3.3374,1.3222,-1.442,5.9386,12.054,7.616,7.7685,10.138,7.8673,2.1432,-3.1294,-2.8992,-2.6612,-0.44607,4.2016,7.9215,6.5998,3.3492,2.3839,5.4361,7.8388,9.3593,9.2879,5.2802,-1.0487,-5.8347,-6.0188,-3.0539,0.96243,1.157,1.6993,5.4361,6.6541,3.9808,0.93144,0.3009,0.8872,-0.91001,-2.3321,-2.5477,-1.9652,-0.87286,-0.12258,-0.12886,-5.0097,-9.6063,-7.2073,-1.9564,0.70416,0.015768,-0.39398,0.25009,1.6465,1.2,1.1828,3.4435,6.0448,-6.4269,-7.6536,-4.532,-2.84,-2.4611,0.55629,5.4782,6.7626,5.9043,1.5873,-2.2769,-2.9563,-3.8874,-5.0667
-1.3212,-1.59,-2.2914,-2.7686,-3.3777,-3.826,-2.8052,-12.285,-21.066,-19.591,-10.828,-2.2745,4.2116,6.9299,6.5867,6.0619,4.8033,3.2764,1.2483,-0.38211,0.028511,0.83767,1.7233,4.4306,5.8638,3.1774,0.62812,-0.74449,-0.87632,0.34712,1.1196,-0.57447,-2.8209,-5.8107,-0.38242,5.2449,3.662,1.1185,-0.83816,-0.30201,0.80717,0.60832,0.60755,1.7827,-0.20558,-2.2863,-2.455,-4.5738,-2.4976,-1.2531,0.50527,2.0038,1.4359,-0.64871,-4.6732,-7.1105,-4.8787,-2.9353,-3.0212,-4.9457,-5.55,-5.4308,-5.1768,-7.5772,-9.5291,-7.5929,-5.5605,-4.165,-11.347,-25.045,-24.994,-6.0966,11.321,14.853,10.005,3.9911,6.0818,5.4648,5.7038,6.8975,6.5734,4.9581,1.961,-1.714,-3.3492,-1.1395,-3.8439,-10.51,-12.198,-9.374,-3.057,2.4029,1.631,0.50701,5.2849,9.1679,7.952,6.7601,5.3836,4.6066,-8.1195,-8.6837,-9.341,-8.969,-8.8101,-12.023,-11.954,-0.096351,8.8931,13.2,13.521,11.659,8.0536,5.0148,3.6997,3.4989,1.968,-1.8859,-5.0963,-6.4796,-7.2598,-6.7685,-5.0152,-5.3762,-7.0766,-7.2353,-6.1311,-4.3759,-1.9412,-1.0577,-1.4336,0.31809,3.9911,7.4347,7.7494,1.9749,0.38656,2.7621,6.4531,7.1928,5.4371,4.8577,3.3272,0.81822,-5.6322,-8.2159,-0.29422,1.2599,-5.299,-9.0696,-7.3122,-0.94844,3.9525,1.316,0.25704,7.1609,2.1531,-6.1141,-1.6268,4.6161,3.4766,0.83753,-0.099962,2.1293,7.3475,13.402,14.362,11.665,-2.8268,-7.4805,-3.3409,-2.7505,-0.77499,-2.31,-0.76065,6.1119,4.7384,4.1286,2.4177,-1.5502,-5.2356,-8.2174,-10.533,-11.331,-11.981,-12.026,-2.6964,3.9743,7.9428,7.1019,4.2993,3.6169,5.6083,8.2953,4.0261,-3.3347,-8.8858,-12.078,-14.614,-15.754
1.0666,0.99492,0.73941,0.20525,0.027177,2.1666,1.4052,18.127,20.681,14.825,8.3312,4.1124,2.7906,2.471,1.8304,-0.10384,-1.4057,-1.7825,-1.4333,-3.0199,-4.5184,-4.5329,-3.8895,-1.7742,0.81103,3.0681,2.276,-1.6139,-5.4159,-5.2442,-4.5676,-7.6143,-10.768,-18.792,-22.058,-14.744,-9.3779,-6.1812,-2.1246,-0.12818,-0.58468,-1.0992,0.0010814,1.2707,2.1184,0.86022,-1.456,-4.0636,-6.0099,-5.5288,-2.6805,0.59742,2.1325,2.9525,3.8709,0.91413,-2.5203,-1.4397,-0.60681,3.7032,6.4026,5.9026,6.6706,7.3168,8.454,10.201,10.788,9.0103,6.512,3.0869,-0.50068,-1.8589,-4.1242,-5.0532,-3.5551,-5.6996,-7.9294,-7.6903,-6.7465,-5.7903,-3.3919,-1.4675,-0.084465,0.42263,-1.3734,3.0933,6.1394,12.353,14.033,10.064,5.6792,-0.021316,-4.6169,-5.4093,-3.9257,-4.0294,-5.0655,-5.5702,-6.3401,-6.6489,-1.8181,-2.0954,-2.2251,-2.23,-0.031432,3.0455,11.467,-0.53089,-1.3628,-2.228,-4.9083,-6.5566,-5.3297,-3.101,-5.1655,-4.8208,-3.8114,-1.7319,-0.59212,-0.84865,-1.7964,-3.842,-3.3118,1.4547,3.6802,1.5109,-0.30517,-0.7021,-0.12781,-0.75293,-1.5651,-1.5413,1.184,9.3133,6.0081,7.7597,10.868,9.283,4.9112,-0.43771,-2.2437,-2.0147,1.677,7.8139,12.327,12.668,13.406,10.873,7.8732,7.2066,4.8535,0.67096,-1.6513,-1.847,-1.4653,-1.1745,1.2257,5.6942,6.9176,8.1881,10.301,9.3532,6.6109,4.5628,3.1979,2.4867,0.19689,-4.9409,-8.7163,-6.214,-1.9555,-0.42089,0.2594,-0.29445,-1.6614,-3.7287,-4.4983,-3.4554,-3.4003,-2.8318,-2.1111,-0.83894,-1.1326,-1.9036,0.23518,-0.39504,3.8966,0.9867,-3.4548,-3.9429,-3.6364,-1.1936,2.9684,6.5363,5.0194,-0.29968,-3.3517,-4.4842,-5.5567,-5.6441
-5.2351,-5.2873,-5.3948,-5.1596,-4.091,-2.9516,0.022815,4.5474,-1.8169,-2.9105,-1.1008,0.29089,1.3671,2.0107,1.8026,2.9278,4.4631,4.1392,3.8422,4.081,4.7703,1.5974,-2.3477,-4.3772,-7.5504,-9.7073,-3.5015,7.4032,12.119,15.102,14.328,7.4196,-2.6009,-8.4999,-9.4296,-5.6587,-2.1955,-2.3181,-3.4404,-3.3066,-2.654,-1.3272,2.4196,2.241,-1.6928,1.9578,2.8045,3.743,4.1012,2.7274,1.0109,-1.3751,-2.5547,-2.2524,-2.3153,-0.50833,1.7267,0.49037,1.4917,3.8933,2.8102,0.57413,0.79249,1.1222,1.8123,-0.13274,-2.1757,0.28414,2.148,4.1762,1.7641,-3.4552,-3.7483,-6.4432,-2.2778,-5.7805,-6.1859,-3.034,-3.1533,-2.6062,-3.6834,-5.8018,-7.8982,-4.9442,-0.18637,0.71697,1.0466,-1.4838,-5.3923,-7.0527,-3.9424,-0.14666,1.6995,3.4126,3.9624,3.0894,2.3057,2.5326,2.934,2.8105,-7.06,-7.1818,-6.6657,-5.0065,-1.6272,3.2675,2.3081,2.4903,10.889,7.6557,2.5245,1.0897,-1.4665,-1.525,-0.36245,-0.96144,-1.8387,-3.5655,-4.9143,-5.4175,-5.6514,-5.7851,-7.6798,-13.082,-19.075,-16.263,-5.6812,0.32423,1.3126,1.4869,1.8037,5.3299,13.599,20.414,15.46,0.77515,-2.9234,0.4097,3.3952,7.0593,8.79,5.4106,-5.447,-14.56,-15.745,-1.2345,4.7126,-7.3088,-11.413,-5.5588,1.7731,4.3473,3.8724,6.0019,9.0345,6.9458,-4.6059,-12.166,-10.775,-7.0458,-2.311,1.4189,1.1859,-1.0022,-0.37529,4.5603,9.3069,11.776,11.816,11.778,12.431,13.947,15.078,15.194,12.973,5.44,-3.9886,-8.029,-3.4151,-0.00069185,-6.039,-12.304,-10.385,-6.9076,-7.7276,-7.0187,-6.1094,-3.9401,-0.8741,0.65705,1.6556,1.1463,-0.47142,-2.3511,-3.2026,-4.6477,-5.6728,-5.0948,-3.979,-3.859
-1.2703,-1.4047,-1.9392,-2.0549,-1.319,-0.80977,1.5633,0.41484,5.7602,11.654,10.488,5.2246,0.76748,-0.36348,-3.1854,-6.0415,-6.3813,-6.1092,-6.1955,-6.1477,-5.8292,-5.9274,-5.871,-4.5436,-1.0938,2.7561,2.7821,-0.12992,-2.3386,-0.92158,2.2704,-5.6616,8.4183,13.641,8.6415,1.2463,-0.61359,2.0948,4.0737,4.9125,0.87523,-3.0403,-1.5136,-0.14798,-0.489,-2.503,-4.9981,-1.9416,1.6638,1.0064,-0.36572,-0.56966,-4.134,-7.9108,-6.3002,-4.3136,-3.3567,-3.2411,-2.5876,1.6807,3.8545,4.3722,7.1433,4.5462,0.26341,0.50307,0.074214,-0.62856,2.3622,4.2588,2.5938,3.5541,2.324,-1.9192,-1.7379,0.25155,2.0341,3.5891,4.8473,-1.4801,-6.098,-5.9474,-4.0121,-2.8668,-5.211,-4.3319,7.4372,15.34,14.724,10.543,6.802,3.7134,-0.17965,-3.1157,-2.0475,-1.7134,-3.4217,-3.0205,-2.566,-2.3022,-1.4365,-1.7737,-2.2003,-3.2473,-3.7377,-2.6083,-4.3806,1.5782,-1.7072,-5.2132,-6.3555,-4.358,-0.058262,-1.3852,-2.694,-0.9459,2.4123,2.3105,-0.37371,-2.2061,-3.4682,-5.5749,-6.0844,-2.3603,1.8625,1.8374,0.50558,0.49938,1.538,-2.1453,-8.0851,-4.3911,-7.5191,-4.9514,4.3799,7.8098,4.864,3.118,4.0124,5.3832,3.2339,-0.21763,0.83177,3.5691,4.9513,4.6572,-1.4273,2.4971,6.864,5.6048,7.0422,11.357,9.8342,5.6702,4.1955,2.7147,2.3354,5.5095,8.6109,15.858,20.658,16.549,9.1623,1.4453,-4.2727,-4.4488,-4.9219,-5.7817,-9.0555,-11.288,-10.442,-9.006,-3.7768,0.74987,-0.55081,-1.7086,-1.1087,-0.71818,-3.2034,0.77954,4.7927,5.8256,1.684,-2.7029,-2.5948,-2.1782,-11.87,-10.763,-5.5921,-3.4455,-3.34,-3.7993,-2.8636,-0.55134,1.6186,3.3734,3.2493,2.8752,3.2031,3.6631
1.9663,1.6669,0.80229,0.2976,0.86305,1.5241,2.9622,-0.46912,-6.9315,-11.265,-12.791,-9.2125,-2.9112,1.5193,1.4899,-1.8395,-3.2042,-3.1057,-3.1734,-2.4794,1.3145,4.6766,4.3973,3.8749,2.6629,1.1352,1.3195,1.0767,-1.9635,-2.6851,-3.9637,0.43107,4.2027,0.23326,5.2411,9.2305,6.6437,2.9604,-0.26407,-1.579,-2.6201,-3.4372,-2.1211,-2.6106,-8.9849,-5.7902,0.52696,-0.30888,1.4103,1.3321,-0.35077,-1.0337,-2.1185,-3.4147,-6.2591,-10.21,-5.3975,-3.8029,-7.9696,-6.4485,-4.5926,-3.8914,-8.6218,-14.127,-13.569,-9.7961,-6.2078,-9.7715,-18.49,-21.092,-15.804,-4.11,25.104,45.671,34.718,-8.5127,-3.2907,1.9518,0.37954,-1.9758,4.2147,17.057,17.059,13.303,7.5027,0.59601,-7.4454,-15.421,-15.378,-8.5946,-4.8803,-3.8196,-3.4317,-3.4881,1.6385,6.52,5.1422,4.5666,4.3781,4.317,-1.4955,-2.0676,-2.9643,-4.4232,-4.8552,-2.8191,-3.3586,3.4377,3.5024,2.1134,4.4982,4.1479,0.69385,-1.3286,0.13968,3.3794,3.2125,-0.58228,-3.1615,-2.6348,-3.88,-6.8323,-7.9657,-8.1174,-7.6368,-5.8344,-4.3942,-4.1063,-2.9244,-3.2248,-3.9746,-5.408,-9.8353,-6.6295,0.55448,1.5666,2.6172,6.2306,11.338,12.097,10.931,15.563,13.237,-11.36,-25.247,-22.078,-6.1698,2.1365,-2.5441,-3.6892,-0.58328,3.9593,7.0143,9.6366,15.91,22.975,17.239,-1.3431,-10.321,-10.083,-6.8542,-0.3605,8.4425,14.447,17.749,17.079,11.365,-0.2127,-5.8079,-2.2184,1.5541,1.1079,-1.3372,4.6881,10.691,21.77,21.067,12.495,-10.44,-23.866,-12.831,3.9325,5.3231,4.6916,3.1848,-4.6846,-1.3003,4.8496,7.5035,8.5135,2.6102,-2.7784,-2.9782,-4.8351,-7.6407,-9.6289,-12.05,-11.201,-9.6056,-8.7724
-3.7637,-3.0639,-1.8528,-0.68443,0.34358,0.51387,0.52395,-1.4052,-5.437,-6.208,-4.3539,-2.6254,-2.6429,-4.0389,-4.4299,-3.3976,-2.4842,0.36444,3.0246,2.5217,2.7165,3.3449,4.0855,5.2622,5.1728,2.878,0.50543,1.3511,1.7384,1.6652,2.6204,-1.284,-3.922,-8.8991,-5.5145,1.5605,2.1581,-1.4591,-3.5563,-1.024,-0.89164,-1.6438,0.09163,2.4153,0.32453,-3.189,-5.3773,-9.8262,-8.204,-6.8533,-1.8712,1.3264,-0.12156,0.25764,0.99435,0.34087,-0.75248,3.0012,0.060744,-10.018,-7.4811,-8.4308,-15,-9.3182,-2.3148,-4.5582,-2.9905,-3.0007,-3.2578,-1.6748,-1.6127,-3.1288,-3.5676,-0.64951,5.1085,8.9641,6.7164,4.6814,5.9152,6.9508,3.2599,-2.2519,-4.9584,-5.3418,-0.88598,5.4523,-1.5004,-10.65,-12.961,-8.5667,-3.1487,0.44489,-0.034661,-2.0955,-2.1334,2.4411,6.5051,5.1662,3.9736,3.3903,-8.9825,-7.5485,-4.7456,-1.9556,-2.3314,-5.4273,-5.386,-3.6997,0.97904,6.1211,7.2992,6.4947,3.927,3.16,4.001,2.337,-2.1686,-7.0465,-10.98,-13.665,-14.341,-13.274,-10.705,-8.3789,-7.5112,-7.0718,-5.7141,-5.9439,-6.7634,-6.9757,-7.4583,-5.2825,-1.3677,4.3712,6.3648,6.1897,6.9792,8.7506,11.585,11.015,6.1462,1.4325,1.9182,-0.49057,-8.4159,-8.5103,6.6872,8.9359,8.5237,11.752,8.1176,-1.0102,-5.2489,-2.443,-0.58281,-1.7515,-3.3045,-9.0293,-21.68,-32.368,-20.518,22.308,36.441,33.157,17.03,1.9657,2.922,1.5537,1.2853,3.2115,2.6247,2.2786,2.9402,1.5735,-1.2764,-3.6225,-1.5941,2.6913,1.462,-0.30615,1.1368,-0.57922,-3.3514,0.95511,-1.592,-8.4122,-0.09687,3.5993,7.9271,9.8906,3.0032,-3.9584,-2.4459,1.2932,2.038,-3.394,-11.072,-15.081,-16.465,-16.561
2.8543,2.5722,1.7419,1.925,2.9265,2.637,1.2664,-3.9083,2.1185,6.3393,4.617,2.3061,3.9124,3.9519,3.0335,1.9159,-0.57622,-2.071,-1.1782,-0.69315,-0.51095,-0.79095,-1.7332,-2.2498,-2.6773,-3.3314,-3.926,-1.2576,2.5308,1.8166,3.2065,2.358,9.1469,9.8071,5.0819,-3.567,-9.7117,-7.2893,-1.2181,2.3298,3.4892,4.9691,1.2837,-3.1774,-2.3265,-2.9061,-0.6719,1.1693,-1.2711,-3.8386,-4.2101,-2.4461,-1.1662,-0.51855,0.11439,-0.20846,-0.63745,-0.62512,-2.0647,-3.7634,-4.2125,-3.9104,-3.3905,-3.1396,-2.9819,-1.6549,0.10023,0.47001,-3.3101,-7.4037,-5.1052,-1.9112,-0.89338,-0.09578,1.1414,3.1831,4.2065,3.8397,4.566,6.1689,6.9748,4.8529,2.1543,2.4752,2.4766,0.31983,-0.98082,-3.7494,-3.9484,-2.0776,-0.23543,0.77069,0.46346,0.26971,0.26521,0.51788,0.2579,0.17572,-0.52453,-1.1705,-0.99374,-1.5264,-2.3438,-2.6671,-1.6332,1.6301,3.7206,7.5835,4.2513,0.8632,-0.50595,-3.0429,-2.4042,-0.30047,-1.9697,-2.0169,-0.85088,0.68276,1.6021,0.65999,-1.1622,-2.526,-4.1255,-4.3747,-2.3182,-2.7477,-2.8497,-3.0826,-3.9201,-1.5599,-0.72621,-0.48181,-7.1342,-10.577,-2.0479,4.9971,5.0309,6.3507,7.0377,3.2601,-0.9798,-1.6343,-0.35838,2.7319,6.196,5.2796,1.5734,-2.6431,-2.3346,0.48839,1.1993,-0.97625,-2.6093,-1.8065,0.37056,0.52849,-1.4285,-2.8798,-4.0938,-6.9237,-11.549,-15.416,-15.513,-12.192,-5.6374,2.1054,6.2925,6.0078,-0.20594,-3.1204,-0.53127,1.8953,2.6708,1.5034,-2.2802,-3.9027,-2.6185,-1.0583,1.4643,2.6026,2.0062,1.6818,3.0925,6.5303,8.5481,3.7527,-0.47241,1.19,4.4153,5.4001,2.7815,1.2237,1.242,0.9143,2.4315,3.1865,1.659,0.22532,-1.1602,-2.0383
-1.4983,-2.3458,-3.9284,-4.8262,-3.6422,-2.0326,-2.3902,-4.7843,-7.5945,-7.85,-4.1284,-0.7691,1.4779,3.0549,3.8672,4.024,4.1205,4.0104,4.1799,0.36847,-2.2504,-0.80058,-1.2035,-2.9182,-4.3225,-2.2064,1.0099,1.7759,2.8597,1.1061,2.5921,2.0897,1.1451,-0.59066,-4.4461,-4.1691,-3.6398,-3.3715,-1.6093,0.54435,2.0524,3.4717,4.5594,3.8625,2.761,2.5197,-1.7613,-10.132,-11.758,-6.5626,-0.65588,1.1397,0.73246,1.3396,2.2012,3.0083,3.677,3.5019,2.5582,3.0353,2.5996,1.7172,0.34977,-1.5648,-1.4009,-0.85934,-1.0449,-0.84806,1.1637,1.4993,-2.3415,-8.2243,-10.738,-7.4866,-3.2185,-0.99603,0.94028,2.2485,1.4347,0.62422,0.74232,-0.092515,-1.261,0.26164,2.4013,2.1431,0.15169,-2.7927,-1.978,-1.6634,-2.594,-1.4387,0.54195,1.4858,0.56614,-0.15723,0.77483,2.9217,3.7224,3.1222,-2.9792,-4.49,-6.7179,-7.2152,-6.9842,-6.7033,-3.5391,-2.926,-1.9861,0.71309,1.8754,0.65829,0.15924,1.7972,1.6308,0.33775,-0.83237,-1.5006,-1.9732,-0.34292,1.8068,2.8024,1.6539,-0.732,-1.0555,0.15435,2.1075,0.53791,-1.4385,0.62792,-0.88188,-2.719,-0.040858,3.867,2.8933,3.3424,5.3614,4.5986,3.3487,0.72713,-1.7335,-1.8158,1.5907,3.3981,-2.8254,-3.9015,5.9113,10.033,7.3404,6.321,4.5471,-1.1419,-6.3114,-7.6234,-6.3363,-2.8536,-0.034029,-2.2196,-7.4699,-9.0912,-6.5378,-4.2864,-2.9676,-1.9855,-1.6306,-1.6021,-2.7496,-3.1238,-0.57809,1.8308,2.7869,4.236,4.813,3.1892,1.4241,1.552,1.4822,0.51644,0.12346,-1.4233,-3.3114,-3.8479,-1.7375,-0.65664,-0.87516,0.5715,4.4224,7.7532,5.4804,0.24921,-1.3153,-1.3045,-1.832,-3.7632,-5.1018,-2.1673,1.5141,1.1673,-1.3933,-2.241
2.5373,2.6515,2.9626,2.3612,1.4878,2.041,1.104,12.769,15.709,9.1621,0.33113,-0.25523,-3.8397,-4.4188,-3.1315,-6.0671,-7.0784,-6.7381,-6.3167,-5.1598,-2.976,-1.4521,-1.3974,-3.0227,-3.1767,0.28904,2.707,1.6266,0.15272,-1.2311,1.4297,2.9552,5.8328,5.5312,2.5291,2.2669,-1.3627,-3.0408,-2.248,-0.61273,-0.49816,0.62537,1.5674,2.4835,3.155,4.6049,3.7385,2.943,3.6529,5.3314,4.8054,2.8146,3.6339,4.3143,5.1174,2.5917,-0.16967,1.0309,1.9545,1.774,1.2302,1.4431,1.6287,1.2115,1.256,1.8946,2.4269,2.5593,1.9028,-1.2541,-3.3318,-3.7068,-5.3168,-6.5044,-6.012,-6.8933,-6.8343,-5.5232,-4.5472,-3.786,-3.4681,-3.5498,-0.95911,1.1502,-0.08228,-0.36371,13.61,25.664,22.526,14.219,7.3866,2.7411,-0.99463,-3.7676,-5.025,-5.5491,-6.0473,-6.0761,-4.1931,-2.1029,2.0407,1.9499,2.3641,1.5646,1.9153,0.35587,1.4352,-2.8465,-0.49357,0.38573,-5.5942,-10.281,-11.328,-7.3852,-4.5578,-3.4758,2.1814,4.7663,3.4501,3.6223,5.5763,6.5042,6.0746,3.9643,1.7152,1.673,3.1003,4.0638,5.1753,7.3431,3.8148,-1.1459,-5.3067,-8.6893,-8.9709,-11.055,3.7523,13.873,9.7973,-0.35,-4.8006,-5.9996,-5.0592,-1.287,1.6933,2.8133,1.395,7.1678,11.331,9.0272,3.9491,0.50765,0.39103,1.0324,2.2431,2.6062,4.9927,9.8806,10.765,6.7487,1.0654,-3.8826,-6.1848,-6.8465,-5.5805,-2.3492,-0.036904,-0.016644,-1.0167,-3.6411,-3.8212,-1.8122,-0.80019,-1.0007,-1.5997,-1.7786,-2.3316,-3.0803,-3.8437,-3.7573,-3.095,-1.2921,1.6923,6.048,10.653,15.448,-2.772,-4.02,-1.9289,-3.113,-4.6496,-5.1375,-4.7648,-2.9522,-1.8174,-3.3962,-3.5173,-2.87,-2.7678,-2.6975
4.1826,4.4104,3.9542,2.2186,2.1437,2.5676,2.6872,-2.3607,0.37468,5.61,6.5895,5.8338,4.8145,2.5064,-0.17648,-2.982,-5.1911,-5.5656,-4.1785,-1.877,0.6133,2.7942,3.182,1.6326,-1.3093,-3.7105,-4.7207,-3.0556,-0.74382,-1.9579,-2.2154,1.7278,1.6929,2.3162,4.1112,3.1803,1.0701,-3.3864,-6.0751,1.0043,7.2994,8.6299,4.3831,-0.40548,0.4707,-0.090436,-0.1609,-0.11668,-2.2404,-3.8114,-2.4275,0.60248,0.50922,-2.2112,-3.064,-1.8456,-0.56558,0.53793,1.4796,4.9296,7.2043,7.1444,8.0279,8.2945,4.4229,0.7541,1.4724,1.2493,0.36063,0.20859,1.5725,1.2827,-1.3968,-3.1924,-5.3714,-6.2782,-5.9063,-6.4347,-6.5129,-3.2756,0.44173,0.7464,1.2688,0.57582,-1.7418,-0.94124,5.7291,7.5491,3.151,2.8555,9.2511,11.887,4.9215,-1.5445,-3.0118,-2.6969,-2.6232,-1.2076,1.0305,1.6503,6.9705,6.8399,6.3204,5.3715,0.24596,-1.6675,-1.6444,4.454,-0.56587,-6.0904,-6.5835,-8.1869,-10.311,-7.7846,-2.4435,-3.8188,-5.1217,-2.0192,2.9295,6.095,7.8695,9.1708,9.1308,7.4093,4.887,1.7838,1.2825,1.7262,2.1014,4.3937,5.993,1.8638,-1.7188,1.0065,-1.5599,-6.2795,-6.8599,-3.5084,0.7285,0.96153,-1.5446,-0.69558,1.57,2.7796,5.7569,5.0454,1.5381,1.1611,3.4467,4.9543,4.4065,1.3522,-1.7274,-3.7947,-5.5337,-5.9539,-2.4966,3.6033,6.871,8.0815,8.5093,5.8171,0.92323,-2.0615,-0.84288,1.3548,1.703,-0.0079707,-2.9222,-3.4507,-1.437,-0.0081509,0.32852,-0.54556,-4.8548,-7.7887,-7.3576,-6.1622,-3.0234,0.45098,3.2607,4.3978,4.7573,6.4161,7.3063,3.3642,-3.1651,-0.80837,-2.0716,-3.6987,-3.7401,-5.6895,-5.3509,-2.1143,0.35779,2.2248,1.8357,-0.41495,-0.74047,0.29369
-7.1848,-5.1285,1.346,6.0289,4.8358,3.2547,1.6212,7.3689,6.2468,0.85877,-4.1368,-1.5138,3.2127,5.7059,5.6539,5.0378,4.8854,5.1654,3.2307,1.3024,1.3867,1.134,0.86476,1.6775,3.0131,1.1132,-3.1363,-5.6257,-1.8427,1.4042,3.2455,3.2434,-1.9296,-5.6233,-3.9639,0.56064,-0.89767,-1.177,0.93525,1.4606,-1.6964,-3.5402,-2.0885,-0.79645,0.11916,-0.46627,1.9117,3.3284,2.1951,1.8996,2.4535,1.4713,-0.90327,-0.44528,0.77112,-1.6561,-4.7365,-3.5422,-2.6901,-2.3453,-2.8791,-3.8718,-4.7647,-5.0979,-3.3537,-3.1354,-6.0353,-5.5859,-1.9463,5.3705,13.08,15.369,10.836,2.6026,-3.911,-5.6196,-2.859,0.5836,2.5016,3.1132,2.8089,0.35011,-2.506,-1.9917,-0.6837,-0.32969,2.9386,2.5207,-0.14377,-3.044,-0.66361,1.1043,-1.8285,-3.4938,-2.0855,-1.4316,-2.9767,-4.9565,-6.3184,-7.0237,-2.1677,0.6299,2.3643,0.57173,-0.18773,-2.1616,-2.6563,-5.2417,-2.0001,1.358,-1.5964,-5.7861,-9.6645,-6.6253,0.91114,1.2577,1.808,1.9339,4.864,6.3,4.3668,2.4053,1.4839,-0.06925,-3.9805,-7.4154,-8.0029,-6.6944,-5.1367,-4.0568,-2.7166,-1.0269,4.1063,8.84,9.1726,3.5138,1.3668,-0.31594,-2.1013,-0.30404,0.44383,-1.6534,-1.2418,2.7336,6.9832,7.6389,6.6968,3.8575,3.6869,5.4723,5.5127,3.7768,4.0526,5.7776,5.3648,3.2243,3.4861,8.1909,9.9856,9.5314,8.8643,8.3794,9.8745,10.842,8.3471,-0.020882,-6.0238,-5.2792,-1.5636,3.6319,7.6689,8.4831,6.0895,3.0762,2.483,4.6875,5.1384,1.6578,-3.3878,-7.6778,-9.4372,-7.569,-3.878,-2.8718,-5.0891,-4.3693,-9.8783,-9.9087,-5.1761,-4.9954,-6.9732,-7.3574,-2.1334,4.735,2.911,0.69742,-2.3503,-6.0321,-8.6222,-9.5258
4.1231,3.9691,3.4633,1.2677,-1.0103,-0.53026,0.92224,0.040707,-0.02317,7.3829,12.206,5.3612,-0.077487,-0.19622,1.2477,1.9075,2.504,-0.47255,-3.5615,-4.1842,-4.6582,-4.5841,-4.3005,-3.886,-3.875,-4.4345,-2.6835,-0.55192,-1.7754,-2.011,2.0896,4.0053,11.99,12.498,9.4893,6.4273,1.0975,-0.23204,0.92544,2.6509,2.9575,0.47501,-1.399,0.15228,0.82695,0.11663,-0.86343,-0.25811,2.1157,3.4995,3.2265,1.3469,-1.7959,-2.4606,0.92408,4.6365,2.7556,-0.84798,-0.1778,-0.16537,-1.1538,-1.2431,-0.93965,-0.93743,0.071529,1.9849,2.7433,-2.2047,-10.746,-11.384,-4.6411,2.0097,4.3528,4.596,5.4574,5.1598,3.0485,0.96649,1.1611,0.78649,-0.017041,1.9659,2.5204,-1.5103,-5.5254,-6.0026,-5.505,-4.6088,-4.1034,-2.1308,2.2787,4.5538,0.99408,-2.5953,-3.2517,-2.4118,-2.9013,-4.3245,-5.4693,-5.9944,1.763,1.2781,0.52823,-1.5903,-2.0968,-6.1898,-6.5001,-10.89,-10.384,-4.2705,-4.9563,-8.108,-2.9946,5.4171,3.5176,3.1113,3.3628,6.2012,5.6635,1.7623,-1.5095,-3.081,-1.8047,0.80604,2.7144,4.8184,2.9797,0.078578,1.4257,4.0798,1.703,-2.1671,-10.73,-19.875,-17.014,-2.3289,3.1812,3.0804,2.8387,2.8207,4.8798,5.3235,2.7088,2.9458,3.5591,3.0917,2.9931,2.3933,-0.69269,-4.7199,-6.0829,-0.15661,10.13,14.229,8.4438,-0.10126,-2.7381,-1.4612,1.3868,4.818,7.4663,6.6775,4.8857,4.2066,4.775,5.6609,3.9046,-3.8026,-8.9936,-6.8385,-2.9033,-0.010403,0.61349,-1.1248,-3.7853,-4.7537,-3.5649,-0.46229,2.2331,2.7948,2.3925,2.761,3.3332,3.0789,0.99341,-3.4427,-3.4462,-3.8492,-4.9949,-5.2048,-5.0108,-4.6493,-2.4116,0.36897,3.2854,4.1534,4.2529,2.875,0.55386,-0.15043
