-0.23923,-0.098204,0.056733,0.023351,-0.06525,-0.015573,0.064264,0.066498,0.073488,0.086978,0.090362,0.076782,0.049409,0.015522,-0.0089002,-0.037945,-0.070857,-0.093173,-0.10287,-0.09713,-0.063468,0.080888,0.177,0.16711,0.11018,0.012536,-0.070161,-0.062281,-0.0071273,0.003522,-0.0714,-0.057742,-0.094991,-0.21315,-0.19238,-0.13947,-0.1094,-0.04984,-0.035956,-0.085839,-0.046581,-0.026694,-0.0091427,0.057581,0.081688,0.068784,0.011071,-0.04182,-0.098755,-0.086135,-0.033681,-0.0071318,0.028255,0.04927,0.064403,0.15236,0.25188,0.10056,-0.115,-0.051219,-0.15583,-0.25621,-0.13701,0.077242,0.12499,0.060898,0.022446,0.063537,0.10485,0.062853,-0.022697,-0.054508,-0.015391,0.012183,-0.0058151,-0.05245,-0.07952,-0.066378,-0.049139,-0.043151,-0.029786,0.0039614,0.038229,0.043449,-0.0066433,-0.084659,-0.066075,-0.0044967,0.01666,-0.051408,-0.11116,-0.05673,-0.019715,0.02386,0.093715,0.083752,0.27141,0.27311,0.13326,0.02194,-0.00048961,-0.011447,-0.0027256,0.0085503,0.028793,0.016922,0.014569,0.023874,0.061811,0.085882,0.071504,0.012697,-0.053333,-0.096655,-0.11627,-0.060996,-0.058264,-0.12077,-0.12299,-0.10472,-0.071611,0.068777,0.15422,0.14795,0.15684,0.066182,-0.025686,0.01952,0.082779,0.02555,0.016274,-0.48924,-0.54626,-0.043982,-0.069376,-0.068618,-0.08637,-0.12497,-0.14981,-0.10095,-0.019243,0.12274,0.25015,0.31078,0.33493,0.32708,0.23028,0.20789,0.26623,0.20102,0.10644,0.070589,0.031147,-0.05228,-0.32493,-0.28605,0.20214,0.2623,-0.034292,0.011167,-0.10531,-0.10477,-0.035304,-0.017204,-0.00039942,0.041388,0.065377,0.036076,0.018788,-0.011997,-0.0090995,0.0089259,-0.0073904,-0.020098,-0.030051,-0.034795,-0.031891,-0.04173,-0.066409,-0.074929,-0.059767,-0.0023037,0.043298,0.033729,0.064292,0.11618,0.097038,0.10394,0.2244,0.13985,-0.088074,-0.074657,-0.051309,-0.10446,-0.10664,0.0044578,-0.23559,-0.22339,-0.11964,-0.10056
0.22935,0.21555,0.14683,0.076229,0.014776,-0.031232,-0.05836,-0.08155,-0.07391,-0.042575,-0.0025207,0.063697,0.085788,0.063866,0.037638,0.040616,0.047696,0.037794,0.038811,0.026282,-0.016204,-0.084671,-0.13419,-0.13641,-0.06864,0.06369,0.18173,0.20098,0.16189,0.089045,0.004288,-0.042943,0.004989,0.020423,-0.0099927,0.0039276,0.024648,0.042487,0.07077,0.07865,0.02993,-0.040962,-0.043618,-0.02453,-0.049537,-0.034397,-0.022657,-0.012478,0.044106,0.082629,0.072708,0.04872,0.031221,0.024599,0.024159,0.054751,0.030644,-0.021179,-0.027449,-0.064519,-0.012469,0.13577,0.037289,-0.21312,-0.36055,-0.34777,-0.17378,0.0048642,-0.010675,-0.081915,-0.11915,-0.094654,-0.025785,0.016931,-0.016617,-0.076442,-0.1044,-0.09476,-0.088245,-0.072963,-0.037959,-0.0209,-0.020606,-0.018318,-0.082551,-0.055757,0.057769,0.10183,0.18733,0.2392,0.14638,0.047032,0.030298,0.055596,0.042081,0.10871,0.17709,0.18498,0.25701,0.2959,-0.20654,-0.15756,-0.082203,-0.051325,-0.0413,-0.11118,-0.20498,-0.23974,-0.19464,-0.088623,0.034671,0.1113,0.1102,0.078531,0.052358,0.065826,0.045646,0.0035923,0.0015751,-0.0060301,-0.02725,-0.082783,-0.11921,-0.11563,-0.099009,-0.077311,-0.051123,-0.064832,-0.06633,0.019554,0.12695,0.1991,0.20636,0.038528,-0.017123,-0.029955,-0.029371,-0.0065934,0.040523,0.058466,0.058011,0.087952,0.093007,0.03897,-0.027408,0.010501,0.077635,-0.0034515,-0.16487,-0.24929,-0.20917,-0.2,-0.22394,-0.16175,-0.083692,-0.031204,-0.0031337,-0.029363,-0.08089,-0.11059,-0.049614,0.046124,0.023775,-0.0019785,0.0042626,-0.022979,0.044538,0.13349,0.1056,0.080607,0.051619,0.025286,0.0062591,-0.0071666,-0.0071985,0.0025479,0.0049952,-0.0087182,0.00043175,0.011166,-0.019326,-0.046193,-0.055685,-0.046575,0.071236,0.11381,0.10336,0.15855,0.31986,0.32516,0.16981,0.15717,0.13431,0.041901,-0.11497,-0.215,-0.12269,0.046766,0.086205,0.037699
-0.34459,-0.64133,-0.11674,0.32624,0.42963,0.18904,-0.0092231,-0.030835,-0.059814,-0.10151,-0.086014,-0.023719,-0.0013594,-0.01094,-0.012079,-0.0059269,-0.0022636,0.019026,0.055388,0.061859,0.033615,0.010086,0.067397,0.1818,0.235,0.21703,0.18821,0.16115,0.16821,0.025033,-0.17558,-0.2332,-0.27843,-0.19163,-0.073698,-0.044943,-0.043411,-0.065417,-0.063251,-0.072339,-0.03178,-0.039341,-0.11241,-0.10806,-0.071467,0.068278,0.16501,0.16682,0.20397,0.22589,0.20232,0.16626,0.14947,0.17699,0.10275,0.0010285,0.050614,0.094587,0.13503,0.12178,0.096423,0.1805,0.23243,0.18407,0.11658,0.10397,0.1096,0.1071,0.12606,0.156,0.14644,0.082757,0.01185,-0.062661,-0.17723,-0.2322,-0.18491,-0.10353,-0.083763,-0.085233,-0.064167,-0.088169,-0.12622,-0.14419,-0.20614,-0.19763,-0.023162,0.093707,0.12708,0.12317,0.045697,-0.013096,-0.046351,-0.018238,0.1043,0.13952,0.43752,-0.47169,-1.0478,-0.96459,2.9489,1.7495,-0.35123,-0.37282,-0.53574,-0.39102,0.089056,0.24983,0.15527,-0.011378,-0.11254,-0.098626,-0.074461,-0.07836,-0.067905,0.020835,0.12277,0.15912,0.17562,0.17181,0.14923,0.16162,0.18837,0.12779,0.074375,0.10085,0.14439,0.18629,0.24096,0.18254,0.15779,0.37422,0.30261,-0.04642,-0.24042,-0.29074,-0.27972,-0.19082,-0.13067,-0.081861,-0.10897,-0.16618,-0.14019,-0.067415,-0.0013777,0.013165,0.0019502,-0.017654,-0.088954,-0.11824,-0.0061528,0.15674,0.28129,0.30223,0.13608,-0.070506,-0.14357,-0.17769,-0.13845,-0.17205,-0.16968,-0.097364,-0.037315,0.013756,0.035098,-0.011224,-0.077515,-0.066805,-0.037052,-0.053489,-0.090421,-0.12777,-0.14707,-0.126,-0.0634,-0.035809,-0.084347,-0.16969,-0.11997,0.0058685,0.016937,0.072251,-0.015423,-0.27121,-0.39992,-0.34181,-0.16552,-0.051583,0.081124,0.10036,-0.098342,-0.17185,-0.19385,-0.14864,0.045453,0.16662,-0.74201,0.035833,1.4023,0.57418
-0.049063,-0.058369,-0.044414,-0.0066564,-0.039238,-0.099375,-0.086375,-0.04069,-0.040443,-0.041452,0.0025471,0.051274,0.067409,0.082123,0.074098,0.033158,-0.019782,-0.059167,-0.072063,-0.062928,-0.026279,0.14712,0.285,0.3036,0.26865,0.22591,0.15607,0.062805,0.026778,-0.0084249,-0.090045,-0.1457,-0.19054,-0.22321,-0.20066,-0.054964,0.046825,0.034002,-0.0025355,0.020779,0.020996,-0.01002,-0.042473,-0.063296,-0.02866,-0.0071827,-0.011302,-0.01454,0.0048652,0.0054881,0.01381,0.025317,0.029451,0.038701,0.043723,-0.033818,-0.10049,-0.070672,-0.058657,-0.036291,0.035427,0.20899,0.28696,0.21449,0.097747,0.03723,0.015243,0.016286,0.037347,0.030929,0.017028,0.034178,0.024873,-0.056952,-0.13795,-0.14488,-0.1259,-0.10426,-0.085752,-0.11612,-0.088154,-0.02728,-0.032807,-0.046268,-0.10809,-0.089753,-0.071853,-0.1088,-0.019306,0.074649,0.072762,0.0084323,-0.0275,0.074572,0.19214,0.09546,0.14902,0.10745,-0.056733,-0.18126,0.023347,0.029371,0.049671,0.034643,0.02651,0.019227,0.021564,0.02437,-0.010417,-0.012725,-0.035962,-0.068899,-0.06191,-0.040027,-0.042361,-0.0044015,-0.024824,-0.10637,-0.11452,-0.096994,-0.067548,0.080188,0.16139,0.14269,0.14957,0.1816,0.23742,0.13377,-0.00020826,0.10359,0.22711,0.29749,0.21946,-0.10214,-0.27086,-0.2635,-0.20269,-0.14977,-0.087691,-0.060132,-0.053693,-0.13254,-0.2018,-0.17147,-0.070711,0.016138,0.028682,-0.027708,-0.013373,0.026338,0.023022,-0.010065,-0.04648,-0.03205,-0.0065828,0.0047464,-0.051884,-0.1521,-0.15501,-0.10487,-0.13617,-0.13144,-0.057211,-0.004216,0.010664,-0.0058384,-0.04287,-0.084058,-0.10592,-0.0044939,0.097948,0.069958,0.057728,0.041359,0.032989,0.030147,0.017964,0.0033653,-0.018942,-0.023999,-0.026646,-0.045672,-0.085325,-0.11312,-0.077178,-0.10072,-0.12573,-0.068247,0.13148,0.19599,0.0058212,0.00016408,0.044804,0.054306,0.18895,0.2636,0.036697,0.10919,0.16596,0.17666
0.22044,0.2635,0.2732,0.17352,0.047378,0.014261,0.035259,0.050969,0.053359,0.039252,0.07128,0.10299,0.087792,0.077968,0.06403,0.081012,0.064831,0.002648,-0.021958,-0.029772,0.0036554,0.081313,0.083934,0.031103,-0.0016981,0.022811,0.059355,0.013221,-0.05752,-0.088476,-0.065734,-0.068784,-0.13088,-0.22346,-0.20356,-0.16637,-0.15793,-0.090615,-0.041057,-0.06501,-0.11093,-0.063987,-0.019261,-0.044329,-0.037544,-0.017258,-0.0074906,-0.0032924,0.023972,0.038605,0.007269,-0.028125,-0.024124,0.0058441,0.027724,0.0093513,-0.039,-0.030143,0.034522,0.023776,-0.11788,-0.058355,0.15693,0.24733,0.20417,0.19439,0.22092,0.24014,0.19176,0.043434,-0.051242,0.0043108,0.08506,0.1211,0.10624,0.057078,-0.0090269,-0.072038,-0.096341,-0.078301,-0.041278,-0.010191,0.0090386,-0.022284,-0.11136,-0.078357,-0.0082086,-0.022209,-0.0037281,-0.025381,-0.081605,-0.12263,-0.19265,-0.15263,0.0088388,0.006419,-0.093186,-0.15168,-0.1078,-0.035427,-0.1875,-0.14578,-0.093257,-0.099494,-0.017751,0.092415,0.12091,0.10241,0.00798,-0.10773,-0.16694,-0.09355,-0.039889,-0.052382,-0.062302,-0.026588,-0.0011282,-0.026815,-0.048153,-0.053391,-0.035019,0.054463,0.11127,0.10479,0.11306,0.13885,0.13409,0.093851,0.11841,0.15498,0.1111,0.01388,0.10802,0.062148,-0.022058,-0.028995,-0.011319,0.038304,0.060928,0.050743,0.046072,0.0023571,-0.023584,-0.036157,-0.031946,0.012864,0.046806,-0.016648,-0.10375,-0.12557,-0.066591,0.031654,0.092495,0.084332,0.088411,0.15711,0.23321,0.28042,0.30174,0.15875,0.014597,0.037957,-0.031376,-0.081124,-0.051691,-0.016475,0.00038137,-0.031921,-0.079313,-0.079011,-0.061189,-0.045811,-0.018622,-0.037929,-0.060464,-0.079063,-0.081782,-0.046682,6.96e-05,0.018238,0.025853,0.042127,0.061867,0.078782,0.12172,0.088086,0.022292,0.023834,0.1433,0.10556,-0.11744,-0.090323,-0.056885,-0.03049,0.091325,0.15234,0.18761,-0.034351,-0.17431,-0.1747
0.099963,0.097393,0.077822,0.020202,-0.078617,-0.033205,0.061854,0.069432,0.073433,0.069421,0.013171,-0.019184,0.019296,0.07214,0.11849,0.16967,0.1633,0.11323,0.1318,0.15929,0.1555,0.060432,-0.051676,-0.075597,-0.013994,0.13507,0.26214,0.26471,0.12286,-0.075172,-0.052161,-0.005086,0.014937,0.011699,-0.0078648,-0.021679,-0.02268,-0.040383,-0.084164,-0.01216,0.031101,-0.05705,-0.081315,-0.085002,-0.13594,-0.12271,-0.064769,-0.071532,-0.12272,-0.079093,-0.010443,0.018492,0.027951,0.028133,0.029864,-0.04586,-0.11252,-0.081528,-0.058968,-0.044328,-0.094919,-0.056603,0.025184,0.0118,-0.035484,-0.055371,-0.056355,0.018662,0.13221,0.24373,0.30011,0.2775,0.19738,0.075058,-0.015345,-0.011959,-0.028501,-0.026978,0.01521,-0.019975,-0.039445,-0.017052,-0.011162,-0.011661,-0.064733,-0.1337,-0.14367,-0.11978,-0.019939,0.073713,0.030121,-0.041594,-0.1005,-0.09171,-0.0021548,0.012141,0.061115,0.068909,0.07715,0.059887,-0.26734,-0.21736,-0.11009,-0.051848,-0.022201,0.023241,0.084505,0.054047,0.011945,-0.021433,-0.016638,-0.004665,0.029613,0.086258,0.12782,0.12422,0.081779,0.058337,0.057425,0.058591,0.042142,0.10353,0.16739,0.16657,0.062685,-0.060132,-0.059835,-0.029842,0.085933,0.22254,0.09465,-0.11425,-0.11486,-0.22493,-0.25406,-0.28856,-0.27339,-0.21289,-0.12278,-0.082504,-0.066838,-0.047128,-0.05131,-0.099717,-0.17403,-0.16527,-0.033242,0.20138,0.29096,0.17179,0.0084799,-0.10528,-0.11938,-0.072934,-0.032812,-0.063734,-0.17444,-0.25041,-0.19403,-0.10938,-0.1054,-0.060123,-0.060824,-0.08425,-0.070619,-0.078683,-0.1048,-0.13111,0.0012885,0.1598,0.12736,0.071288,0.02637,0.046516,0.087736,0.065113,0.063768,0.066069,0.0095063,0.003391,0.013698,0.002746,-0.0033684,-0.012851,0.022732,0.024224,-0.074131,-0.089224,0.12549,0.19271,0.097695,0.11881,0.078618,0.052096,0.082285,0.017557,0.0071605,0.11547,0.12031,0.06948
0.32018,0.22935,0.0046023,-0.12618,-0.12877,-0.04668,0.037574,0.057329,0.061674,0.048274,0.074098,0.039949,-0.022733,-0.012995,-0.015119,0.0041931,0.028974,0.015622,0.0080715,0.0072282,0.078422,0.1618,0.15915,0.088735,0.030268,-0.024944,-0.084086,-0.14045,-0.16146,-0.078937,-0.040103,-0.046699,-0.069135,-0.11995,-0.052596,0.021713,0.025758,0.027085,0.010541,0.032424,0.028628,-0.0047757,-0.032872,-0.06775,-0.066357,-0.048605,-0.025955,-0.019925,-0.015838,-0.011674,-0.03747,-0.043848,-0.011144,0.013832,0.026395,0.010676,0.01999,0.019906,0.023189,0.089032,0.075817,-0.25691,-0.34729,-0.17562,-0.014955,0.07208,0.12655,0.16105,0.12555,-0.015188,-0.10162,-0.087263,-0.042045,0.0027027,0.031965,0.027094,-0.01367,-0.029168,-0.0087319,0.0063284,-0.0051581,-0.017227,-0.018799,-0.025017,-0.076036,-0.045893,0.002373,-0.003064,0.078265,0.12801,0.081253,0.00020703,-0.03804,-0.050439,-0.049546,0.0044608,-0.036676,0.047344,0.17073,0.22929,-0.1574,-0.094709,0.045962,0.13483,0.1323,0.12974,0.17728,0.14645,0.059559,-0.043662,-0.13607,-0.082327,-0.0077984,0.0091447,0.013527,0.031509,-0.013989,-0.089075,-0.096162,-0.094234,0.062965,0.14688,0.10608,0.096457,0.10561,0.026029,-0.047584,0.005065,0.087562,0.11635,0.2149,0.3986,0.31105,0.018981,-0.10191,-0.10321,-0.080088,-0.041218,-0.017889,-0.0060394,0.02758,0.0078374,-0.041209,-0.072557,-0.075495,-0.048073,-0.003655,0.006978,-0.0092827,-0.025259,0.010538,0.044681,0.023463,0.0074322,0.0418,0.060749,0.0081549,0.0019,0.094672,0.1615,0.15824,0.071359,0.03843,-0.0040242,-0.029432,-0.0095579,-0.0016001,-0.030444,-0.066829,-0.11058,-0.05606,0.01719,0.0021623,-0.01458,-0.038842,-0.063863,-0.042721,-0.016474,-0.053266,-0.091626,-0.070104,-0.045683,-0.060854,-0.076353,-0.027265,-0.041423,-0.047241,0.025609,0.20139,0.21806,-0.0074339,-0.024884,0.014235,-0.01045,-0.07517,-0.086349,0.066236,-0.086679,-0.20469,-0.20152
-0.089361,-0.0993,-0.080255,-0.016685,-0.051897,-0.029638,0.051042,0.075271,0.099778,0.11462,0.061319,-0.0018431,-0.034387,-0.055022,-0.044885,-0.015502,0.0071472,0.0098121,0.011968,0.0084489,0.037276,0.06092,0.018924,-0.029164,-0.04372,-0.055498,-0.058637,-0.076453,0.05529,0.17209,0.061368,0.046893,0.12724,0.13668,0.078653,0.038061,0.066988,0.049519,-0.02897,-0.06075,-0.11057,-0.046436,0.020328,0.015839,0.021491,-0.023911,-0.070971,-0.072434,-0.078265,-0.051881,-0.039724,-0.031923,0.011418,0.041683,0.048183,0.076717,0.13611,0.18559,0.10478,-0.061623,0.012661,0.072354,0.098172,0.14727,0.15573,0.024369,-0.16951,-0.25026,-0.20086,-0.12853,-0.1019,-0.10018,-0.068275,-0.002342,0.045328,0.0070287,-0.050084,-0.055611,-0.050957,-0.042753,-0.019391,0.018512,0.0479,0.065781,0.021551,-0.0040459,-0.043384,-0.12281,-0.11543,-0.099719,-0.14653,-0.18441,-0.17084,-0.027423,0.1498,0.14982,0.13622,-0.024067,-0.036818,0.017523,-0.070366,-0.0097848,0.060722,0.035074,0.044331,0.09639,0.13846,0.14678,0.15791,0.1361,0.10467,0.046034,-0.028657,-0.054428,-0.028183,0.021824,-0.010766,-0.072578,-0.070358,-0.06875,-0.039197,-0.052392,-0.087586,-0.089623,-0.079183,-0.088987,-0.093378,-0.055625,-0.12167,-0.41341,-0.40817,-0.22193,-0.016939,0.11089,0.21588,0.26707,0.27237,0.15844,0.033612,0.050963,0.084262,0.075625,0.063984,0.073297,0.06305,-0.020024,-0.086427,-0.0062655,0.068908,0.016866,0.033798,0.081448,0.0099415,-0.055634,-0.042038,-0.01327,0.070157,0.20993,0.22485,0.071098,0.11348,0.051005,0.027133,0.04247,0.022767,0.0026499,-0.045876,-0.092922,-0.064661,0.020559,0.046193,0.02795,0.015535,-0.0054362,-0.035665,-0.039132,-0.021855,-0.027643,-0.040381,-0.043747,0.0135,0.084566,0.11223,0.11345,0.14117,0.11585,0.047567,0.02088,0.12975,0.10451,-0.12897,-0.17788,-0.15633,-0.15738,-0.10536,-0.041306,-0.12573,-0.17038,-0.16914,-0.16719
0.15121,0.22564,0.30368,0.24693,0.1341,0.089829,0.080527,0.073425,0.083742,0.10738,0.068,-0.0088286,-0.056378,-0.078232,-0.075089,-0.051317,-0.037514,-0.04266,-0.045095,-0.060663,-0.073883,-0.057741,0.039881,0.1332,0.09728,-0.030549,-0.17663,-0.15567,-0.08824,0.026639,0.089935,0.055066,0.048635,0.078861,0.0039033,-0.11543,-0.097777,-0.043245,-0.013674,-0.019903,0.040889,0.067481,0.032755,0.046799,0.061045,0.07099,0.055991,0.035946,0.054371,0.089913,0.10407,0.052912,-0.038838,-0.060636,-0.040585,-0.050861,-0.015605,0.0055137,-0.034823,-0.016171,-0.0057244,-0.17793,-0.24117,-0.12586,-0.058247,-0.095964,-0.15391,-0.18342,-0.17966,-0.14706,-0.096416,-0.072214,-0.05711,-0.040112,-0.023541,-0.038423,-0.072821,-0.074205,-0.05845,-0.061707,-0.052488,-0.032901,-0.020849,0.0077257,0.0033474,-0.003768,0.030792,0.022766,-0.013341,-0.10351,-0.20162,-0.13683,0.030432,0.13694,0.17622,0.26607,0.20481,0.16032,0.20571,0.22559,-0.18712,-0.14994,-0.10593,-0.14178,-0.1189,-0.04768,-0.020669,0.0087596,0.059163,0.10021,0.1118,0.03401,-0.063945,-0.088943,-0.069244,-0.023563,-0.029751,-0.060484,-0.058424,-0.062633,-0.063771,-0.081195,-0.094862,-0.10758,-0.10326,-0.077559,-0.038527,-0.090877,-0.12116,-0.13796,-0.23173,-0.1749,-0.18837,-0.15484,0.014019,0.11348,0.14119,0.14574,0.13507,0.1165,0.12079,0.15489,0.19254,0.22971,0.21728,0.15703,0.097221,0.024383,-0.10077,-0.26219,-0.33854,-0.15834,0.16939,0.33967,0.42497,0.56543,0.56513,0.29536,-0.0024436,-0.024799,0.020238,-0.022232,-0.040757,-0.038597,-0.055701,-0.056956,-0.076408,-0.11913,-0.13812,-0.14636,-0.068972,0.019314,0.008668,-0.0020114,-0.022574,-0.015117,0.019751,0.025796,0.0014245,-0.015363,-0.035512,-0.06029,-0.0419,0.018502,0.13317,0.21878,0.17064,0.10562,0.17365,0.14715,-0.038085,-0.061518,-0.018533,0.096508,0.097937,-0.32999,-0.082435,-0.0025437,0.0070771,0.016461
0.12391,0.119,0.081902,0.027551,-0.051101,-0.015684,0.063741,0.079688,0.099011,0.11585,0.096753,0.088381,0.068381,-0.0086371,-0.028597,0.066476,0.10496,0.044826,0.035486,0.021965,0.044791,0.082297,0.068993,0.038763,0.020328,-0.0087616,-0.037522,-0.065031,-0.073232,-0.035743,-0.028529,-0.052671,-0.10666,-0.018087,0.062461,0.067652,0.029191,-0.025581,-0.029258,-0.058069,-0.038064,0.029108,0.028364,-0.032184,-0.061809,-0.050885,-0.015854,-0.0094631,-0.05219,-0.065333,-0.034522,0.030962,0.074302,0.081275,0.070237,0.08239,0.11403,0.12201,0.15888,0.038836,-0.051765,-0.0091259,-0.015046,-0.088587,-0.10883,-0.062041,-0.1222,-0.22862,-0.21469,-0.13757,-0.039263,0.043048,0.098892,0.12031,0.10999,0.042338,-0.016344,-0.0070764,-0.062879,-0.084243,-0.041249,-0.017423,-0.0038686,0.0058287,-0.14999,-0.22798,-0.10086,-0.011593,0.040985,0.0075551,-0.10151,-0.18613,-0.26569,-0.35709,-0.17847,0.048066,-0.093094,-0.17775,-0.091143,-0.013415,-0.1341,-0.082878,-0.0040105,0.016315,0.042047,0.067434,0.10203,0.11505,0.12841,0.11739,0.13927,0.14936,0.088952,-0.0090994,-0.028758,0.016953,0.011845,-0.014208,-0.024,-0.032851,-0.017601,-0.037572,-0.072553,-0.076389,-0.067193,-0.040031,-0.059535,-0.087907,-0.03665,-0.013971,0.065973,0.21545,0.14197,0.16832,0.28205,0.28047,0.15363,0.0092205,0.019653,0.021493,0.021929,0.011879,-0.034561,-0.12016,-0.17538,-0.17107,-0.095266,0.077448,0.17493,0.14762,0.10542,0.012244,-0.093347,-0.12837,-0.15111,-0.19467,-0.043133,0.20513,0.071203,-0.24853,-0.26657,-0.11089,-0.033019,-0.036321,-0.028603,-0.034911,0.04113,0.11294,0.093135,0.084111,0.059727,0.046512,0.043098,0.026007,0.0014353,0.021967,0.070135,0.0591,0.064051,0.032917,-0.022756,-0.032152,-0.00072279,0.018893,0.064444,0.027603,-0.028506,0.029178,0.18489,0.13772,-0.13027,-0.21986,-0.28522,-0.29123,-0.21931,-0.085986,-0.029196,-0.010251,0.082105,0.07719
-0.12433,-0.069662,0.032217,0.16963,0.22424,0.17033,0.10033,0.080425,0.093001,0.11375,0.053155,-0.047517,-0.090387,-0.095595,-0.086232,-0.051359,-0.045924,-0.09813,-0.13773,-0.15879,-0.1537,-0.096206,-0.077091,-0.10793,-0.075525,-0.053639,-0.027104,-0.022805,-0.018772,0.016786,0.004717,-0.027936,-0.086059,0.013478,0.081214,0.037552,0.077964,0.048265,-0.03598,-0.061232,-0.10676,-0.045024,0.03601,0.056948,0.069889,0.039296,0.025773,0.027382,0.043004,0.11421,0.16566,0.20736,0.23645,0.22864,0.15968,0.11509,0.1761,0.089073,-0.035045,0.044379,-0.15449,-0.34938,-0.3865,-0.31672,-0.17778,-0.090831,-0.11571,-0.18945,-0.21238,-0.17841,-0.11365,-0.039632,0.047609,0.10089,0.071499,-0.00035401,-0.066579,-0.092837,-0.079896,-0.051921,-0.022848,-0.010174,-0.012978,-0.028867,-0.03591,-0.0021945,0.016963,-0.027418,-0.05754,-0.093899,-0.1591,-0.16455,-0.087097,-0.011104,0.023822,0.013913,-0.023147,0.085976,0.16747,0.1738,-0.073169,-0.040907,-0.012274,-0.10474,-0.23182,-0.19268,0.00040659,0.081104,0.1197,0.12059,0.074125,-0.051947,-0.13933,-0.12624,-0.092004,-0.030185,-0.056882,-0.15308,-0.18911,-0.1903,-0.15443,-0.18372,-0.23858,-0.23206,-0.21106,-0.17953,-0.13608,-0.10336,-0.070967,-0.064798,0.031907,0.19875,0.13537,0.097598,0.20615,0.26058,0.26012,0.16841,0.06045,0.072876,0.11208,0.17967,0.28594,0.35436,0.29443,0.17241,0.11787,0.071023,-0.01342,-0.098435,-0.12957,-0.16583,-0.15745,-0.01255,0.16103,0.24374,0.20952,0.14018,0.14359,0.21397,-0.032399,-0.072269,0.035434,0.040481,-0.011469,0.013788,0.079426,0.080188,0.060217,0.052133,0.028939,0.0016009,-0.018366,-0.037228,-0.052253,-0.053346,-0.038959,-0.033031,-0.038211,-0.050209,-0.070975,-0.072392,-0.07055,0.1162,0.35876,0.3215,0.12236,0.023604,0.091906,0.036408,-0.18626,-0.20481,-0.14719,-0.041796,0.046825,0.0042924,0.093153,-0.090936,-0.21161,-0.20357
0.077313,0.024147,-0.073161,-0.069822,0.031314,0.078683,0.060011,0.061616,0.069137,0.085067,0.067186,0.053193,0.053112,0.01161,-0.020206,0.0054498,0.030127,0.0058673,-0.018196,-0.035083,-0.036396,-0.021925,0.010353,0.031012,0.023941,-0.0098275,-0.027423,-0.026725,0.03033,0.03349,-0.034912,-0.063403,-0.070025,-0.12487,-0.16164,-0.11096,-0.055695,-0.02098,0.024241,0.053382,0.018629,-0.009454,-0.044734,-0.074948,-0.055036,-0.040788,-0.012876,-0.020646,-0.057655,0.015855,0.089447,0.046009,0.0027107,0.024573,0.043337,0.01728,0.010361,0.016748,0.0070258,0.0011461,-0.056349,-0.075174,-0.073802,0.017815,0.11819,0.17369,0.23426,0.24781,0.16222,0.033351,-0.063917,-0.075451,-0.027745,0.028498,0.079031,0.074935,0.0077733,-0.068199,-0.097058,-0.078214,-0.037179,-0.0062952,0.014935,0.031383,-0.019084,-0.09298,-0.085114,-0.064788,-0.034786,-0.032318,-0.07602,-0.09071,-0.11016,-0.10186,-0.014903,0.03129,-0.018184,-0.085191,-0.055574,0.0062479,-0.14985,-0.0798,0.036177,0.037655,0.049915,0.090596,0.043943,0.027554,0.026934,0.049523,0.087076,0.087563,0.054483,0.0018736,-0.029015,0.01286,0.015335,-0.036038,-0.05597,-0.064551,-0.060395,-0.079761,-0.047853,-0.0019824,0.0078303,-0.069464,-0.15032,-0.11749,-0.096581,-0.03632,0.13173,0.26394,0.35089,0.23827,0.1495,0.094509,0.075175,0.1011,0.14068,0.12811,0.087223,0.028251,-0.049643,-0.076991,-0.046686,-0.025631,0.019674,0.11265,0.15044,0.066084,0.015448,0.030255,0.053765,0.057114,0.044671,0.031279,-0.058201,-0.13799,-0.10571,-0.0658,-0.023877,0.059035,0.13992,0.081733,0.013274,0.035886,0.051905,0.017812,-0.0011134,-0.0058386,-0.044729,-0.072306,-0.088548,-0.064286,-0.049015,-0.074076,-0.06376,-0.014639,0.022538,0.026543,0.0074352,0.0033046,0.033356,0.052359,0.084121,0.088378,0.022545,-0.0043891,0.12912,0.11447,-0.098768,-0.13683,-0.14636,-0.098676,-0.015195,-0.028502,0.088269,-0.054287,-0.17042,-0.16882
0.014511,0.0061987,0.011716,0.094718,0.15618,0.13285,0.095866,0.091768,0.087527,0.087109,0.027534,-0.019208,-0.029508,-0.064608,-0.096031,-0.13497,-0.12205,-0.079104,-0.071309,-0.042886,-0.0052523,0.016722,-0.031049,-0.10278,-0.12576,-0.11964,-0.068143,-0.069653,-0.072969,-0.10811,-0.063895,-0.088121,0.16567,0.23318,0.060819,0.0075594,-0.01393,-0.026193,-0.016084,-0.039771,0.057764,0.11014,0.06825,0.1119,0.14743,0.055205,-0.039947,-0.036099,-0.03256,-0.03122,0.10153,0.23992,0.25047,0.1566,0.05473,0.053739,0.099603,0.046696,-0.084221,-0.076348,-0.47562,-0.70191,-0.61644,-0.40779,-0.21021,-0.051754,0.03753,0.064581,0.0066402,-0.072921,-0.10959,-0.079035,-0.0018497,0.081591,0.13756,0.15425,0.12759,0.039045,-0.0007418,0.024419,0.0038995,-0.010654,-0.0010044,-0.0064114,-0.065891,-0.081675,-0.063513,-0.090536,-0.071032,-0.06623,-0.11543,-0.10706,-0.10082,-0.11173,-0.043175,-0.0073891,0.015934,-0.11361,-0.11024,-0.05199,0.073164,0.13084,0.20468,0.15537,0.049521,-0.050002,-0.06557,-0.027933,-0.027754,-0.015523,0.10364,0.15758,0.11442,0.068831,0.038384,0.078561,0.020938,-0.099403,-0.087896,-0.058276,-0.029028,-0.045826,-0.075865,-0.080997,-0.070004,-0.03998,-0.084755,-0.12857,-0.10282,-0.029426,-0.43423,-0.66692,-0.39007,0.044334,0.3093,0.36801,0.23355,0.040044,0.0048025,-0.045486,-0.12225,-0.10456,-0.00032064,0.060475,0.027754,-0.032626,-0.073063,-0.037795,0.026433,0.023939,-0.013941,-0.11137,-0.13959,0.0059406,0.21337,0.39762,0.40897,0.21379,0.04479,0.076478,-0.045066,0.079096,0.16312,0.058827,0.029827,0.072592,0.11313,0.12888,0.08925,0.060857,0.031953,0.0055638,-0.060199,-0.060863,-0.022229,-0.062689,-0.097878,-0.043333,0.015196,-0.039422,-0.022491,0.024069,0.031016,0.0073962,0.024421,0.030917,-0.0017852,-0.0072055,0.11437,0.10347,-0.10609,-0.24466,-0.36924,-0.30334,-0.096751,-0.10515,-0.17987,-0.17944,-0.17463,-0.17237
0.2881,0.27497,0.23852,0.17158,0.0024645,-0.10369,-0.15296,-0.16755,-0.076955,0.022935,0.056745,0.10034,0.12022,0.14716,0.17751,0.17973,0.11309,0.043995,0.013675,-0.017835,-0.013311,0.00099019,-0.056537,-0.16558,-0.35324,-0.50441,-0.26745,0.18405,0.25971,0.2023,0.084163,0.035498,-0.014693,-0.068835,-0.01716,0.032037,0.020984,0.027994,0.033334,0.021237,0.022875,0.02556,-0.038796,-0.093045,-0.060796,-0.022428,-0.0073314,0.0020766,0.012847,0.011345,-0.006185,-0.040913,-0.049694,-0.04358,-0.10357,-0.13977,-0.091277,-0.038429,0.028282,0.10627,0.069764,-0.26763,-0.52534,-0.38168,0.0018901,0.20733,0.25163,0.26101,0.20859,0.14168,0.12751,0.084668,0.0014942,-0.060978,-0.058632,-0.06482,-0.051594,-0.0036953,0.00059975,0.0087965,0.038948,0.026744,0.010159,0.0097329,-0.043131,-0.078468,-0.052204,-0.078631,-0.46477,-0.741,-0.20374,0.68678,0.54394,0.23349,0.20697,0.25461,0.10855,0.084461,0.1656,0.2156,-0.3913,-0.34651,-0.29594,-0.21728,-0.06641,-0.050569,-0.034624,0.021648,0.036257,0.016813,-0.053733,-0.10184,-0.08902,-0.052214,-0.018969,0.053719,0.088214,0.054497,0.02874,0.0062001,0.055888,0.12929,0.14543,0.13077,0.089385,0.043887,-0.01866,-0.15533,-0.13857,-0.073836,0.12722,0.31921,0.25151,-0.017667,-0.071664,-0.0039329,0.049974,0.091993,0.08544,0.04442,0.032753,-0.018761,-0.13794,-0.18761,-0.13663,-0.084179,-0.054444,-0.034019,-0.020008,-0.011559,0.033204,0.023963,-0.092455,-0.17396,-0.19362,-0.21607,-0.27604,-0.28916,-0.16642,-0.044205,-0.064434,-0.07227,0.064175,0.028496,-0.048963,-0.014116,-0.01006,-0.047361,0.02943,0.12393,0.080637,0.04056,0.052574,0.082554,0.069571,0.059754,0.043832,-0.0099835,-0.016666,-0.0098511,-0.046254,-0.01455,0.012729,-0.0057938,0.025853,0.033425,-0.04765,-0.13343,-0.59577,-0.80835,0.036191,0.55323,0.38169,0.24789,0.23643,-0.098557,0.24281,0.36355,0.4186,0.42265
0.23788,0.24152,0.21875,0.17428,0.10226,0.023162,-0.015532,-0.023491,-0.024299,-0.021892,-0.008256,0.012419,-0.0018037,-0.0098975,0.012814,0.069577,0.073171,0.018349,0.0068775,-0.026466,-0.066241,-0.019248,0.012364,-0.0084086,0.011348,0.063411,0.093036,0.065461,0.01318,-0.011459,-0.033412,-0.031651,-0.047422,-0.093583,-0.076711,-0.048493,-0.04453,-0.05711,-0.098021,-0.025554,0.022403,0.013218,0.016144,-0.0056632,-0.053043,-0.080736,-0.054405,-0.043104,-0.018332,0.003813,-0.00038033,-0.009611,0.0079914,-0.076669,-0.18246,-0.15094,-0.094974,-0.040469,-0.046235,-0.074898,-0.0076753,-0.047767,-0.046776,0.015712,0.11357,0.14768,0.1105,0.12216,0.17642,0.16663,0.092512,0.037413,0.044883,0.038856,0.023567,-0.011909,-0.044436,-0.040136,-0.02654,-0.038922,-0.020751,0.017329,0.03783,0.05003,0.0080671,0.015093,0.046702,0.024015,0.070947,0.12516,0.018884,-0.090874,-0.039437,0.020922,0.0044252,0.0034227,0.11308,0.15702,0.1687,0.16004,-0.1746,-0.12831,-0.070637,-0.095881,-0.059799,-0.0016824,-0.038953,-0.033769,0.013868,0.030489,0.031475,0.028147,-0.014395,-0.025425,0.0091928,0.023537,-0.0029395,-0.023649,-0.033175,-0.053797,-0.078116,0.021806,0.11347,0.11925,0.12813,0.03348,-0.062148,-0.013962,0.072938,0.11788,0.22307,0.36445,0.24657,-0.047543,-0.20391,-0.24554,-0.23124,-0.16959,-0.076825,0.007167,0.047085,-0.034775,-0.080567,-0.07656,-0.1029,-0.08735,-0.0049875,0.0028586,-0.063277,-0.086967,-0.037443,0.025866,0.039713,0.044722,0.084394,0.092547,-0.0067966,-0.090978,-0.0646,8.3683e-05,0.0972,-0.035403,-0.12281,-0.077703,-0.088665,-0.11243,-0.085283,-0.064535,-0.077521,-0.10545,-0.049556,0.032009,0.016223,0.0042178,-0.01421,-0.0069732,0.016906,0.011604,-0.006429,0.041719,0.10559,0.11392,0.10923,0.095251,0.12629,0.12318,0.08408,0.085336,0.22535,0.24232,0.085249,0.069057,0.080839,0.027894,-0.022852,0.020792,-0.032585,0.069502,0.086663,0.041719
0.046795,0.0025791,-0.055022,-0.050092,-0.081891,-0.033176,0.055817,0.069852,0.072609,0.065587,-0.0012864,-0.057129,-0.036585,0.002646,0.018905,0.050357,0.050055,0.0044646,0.0052021,0.032592,0.039551,-0.0030511,-0.0057413,0.03746,0.092339,0.12065,0.12866,0.10552,0.1078,0.061157,-0.011139,-0.0057577,-0.035739,-0.065292,-0.041688,-0.016626,-0.026698,-0.055095,0.017662,0.075818,0.018835,-0.010297,-0.015325,-0.019476,-0.013294,0.042083,0.086952,0.023755,-0.010107,0.0027695,0.0075154,0.0046308,0.0093289,0.015619,0.012972,0.039127,0.10578,0.060604,-0.006643,0.036174,0.068397,-0.072137,-0.12986,-0.1246,-0.17046,-0.20531,-0.21941,-0.25501,-0.16499,0.086633,0.30962,0.34772,0.28042,0.12549,0.020876,0.028083,-0.052487,-0.1164,-0.085563,-0.045777,-0.015082,-0.013052,-0.027597,-0.044414,-0.10585,-0.083296,0.013463,-0.0026052,0.010398,0.043429,0.00076499,-0.024353,-0.0017547,0.06317,0.10992,0.10061,0.013311,-0.038118,0.030173,0.079595,-0.1102,-0.04179,0.058055,0.07076,0.08595,0.1119,0.1222,0.071201,0.013643,-0.035804,-0.050189,-0.071065,-0.051255,0.010114,0.037323,0.078704,0.10845,0.093511,0.14667,0.20945,0.20204,0.14346,0.10894,0.012964,-0.089315,-0.06806,-0.029519,0.011428,-0.010566,0.0074815,0.21595,0.34472,0.23255,-0.10731,-0.28718,-0.32385,-0.27218,-0.15913,-0.017913,0.046483,-0.00098722,-0.070749,-0.058668,-0.010924,-0.0091707,0.028919,0.08664,-0.067617,-0.17597,-0.12433,-0.10047,-0.061912,-0.059044,-0.091158,-0.094646,-0.061894,0.041057,0.09651,0.069321,0.065511,0.080132,-0.083131,-0.16788,-0.133,-0.13463,-0.095976,-0.070951,-0.11084,-0.12189,0.01873,0.17525,0.14123,0.091675,0.071828,0.080629,0.056755,0.054906,0.067105,0.02406,-0.04563,-0.0821,-0.058598,-0.061652,-0.10763,-0.077505,-0.093762,-0.1785,-0.069528,0.18984,0.20285,-0.01538,-0.049804,-0.025685,0.099988,0.15802,-0.15453,0.031166,0.065263,0.054652,0.059139
-0.096961,-0.083788,-0.06103,0.010868,0.068456,0.063726,-0.0049011,-0.053302,-0.054428,-0.059737,-0.071814,-0.075666,-0.057904,-0.020448,0.00075812,0.044984,0.07313,0.072687,0.11755,0.13004,0.10433,0.039061,-0.044291,-0.072837,-0.030089,0.046794,0.077844,0.064495,0.049433,0.031777,-0.08082,-0.1898,-0.23688,-0.15601,-0.034488,-0.0054287,-0.010269,-0.034882,0.042087,0.09948,0.042663,-0.029806,-0.079435,-0.032936,0.026198,0.024639,-0.0076253,-0.05984,0.014369,0.11655,0.11866,0.024428,-0.041816,0.018063,0.059099,-0.015722,-0.095943,-0.07742,-0.051807,0.028218,0.18589,0.37418,0.42735,0.37125,0.28416,0.236,0.24142,0.28223,0.34067,0.3625,0.2927,0.15399,0.028407,0.0088012,-0.043801,-0.067895,-0.029983,-0.082605,-0.13329,-0.10415,-0.062227,-0.037487,-0.03252,-0.13603,-0.28952,-0.28504,-0.217,-0.21087,-0.72714,-0.65552,0.10483,0.18734,0.17711,0.15087,0.2018,0.15508,0.031996,-0.13524,-0.17762,-0.16508,0.11236,0.16543,0.24228,0.21705,0.14105,0.054649,-0.01028,-0.009872,0.025538,0.0074403,-0.036442,-0.061564,-0.044221,0.012905,0.046302,0.042659,0.031136,0.047911,0.069568,0.067237,0.042024,0.078149,0.12239,0.12081,0.13344,0.15832,0.089957,0.0081918,0.072417,0.16933,0.26135,0.29515,0.22059,-0.093283,-0.26209,-0.31461,-0.28419,-0.18709,-0.069695,0.015795,0.069563,0.090039,0.091767,0.091887,0.089345,0.12712,0.20725,0.20941,0.19018,0.15529,0.16217,0.21748,0.234,0.16787,0.055026,-0.007305,-0.12101,-0.24514,-0.21611,-0.10076,-0.095947,-0.10875,-0.05446,0.0017726,0.028988,-0.038154,-0.11717,-0.081175,-0.027724,-0.056346,-0.13325,-0.057649,0.085849,0.076226,0.076224,0.074342,0.038627,0.034879,0.064752,0.057353,0.010785,-0.01546,-0.015557,-0.0065203,0.026247,-0.030961,-0.15839,-0.18733,-0.72005,-0.8214,-0.26332,-0.22332,-0.22766,-0.091691,0.07805,0.097591,-0.049309,-0.052158,0.088417,0.10873
-0.13114,-0.16006,-0.15671,-0.04561,0.0085142,-0.0075092,-0.024447,-0.031608,-0.033881,-0.032716,-0.033204,-0.023791,0.0096555,0.030845,0.049831,0.12212,0.14136,0.089266,0.081275,0.055607,0.014296,0.043572,0.13851,0.19659,0.15254,0.073806,0.046226,0.076267,0.071419,0.073617,0.034512,0.0066714,-0.031774,-0.087825,-0.060178,-0.019614,-0.02407,-0.038322,-0.069271,-0.11185,0.013648,0.087276,0.034561,0.036235,0.044019,0.0035679,-0.035376,-0.032878,-0.038337,0.0020532,0.056981,0.064434,0.052138,0.029539,0.013378,0.025083,-0.0094031,-0.075179,-0.089209,-0.16294,-0.17165,-0.049731,0.045577,0.028489,-0.048729,-0.10068,-0.10086,-0.10641,-0.12648,-0.096734,-0.013269,0.044554,0.032348,-0.027355,-0.085264,-0.097084,-0.073285,-0.041657,-0.010038,0.010322,0.0066439,0.0033673,0.013132,0.022951,-0.021384,-0.050708,-0.056136,-0.059924,0.027519,0.11475,0.13392,0.073529,-0.045182,-0.068039,0.024906,0.039613,0.17297,0.17585,0.23383,0.27366,-0.037928,0.033297,0.11541,0.054767,-0.029935,-0.032986,0.00744,-0.010765,-0.0372,-0.02064,-0.013139,-0.021563,0.010034,0.039209,0.060428,0.081148,0.063113,0.041102,0.03003,0.011159,-0.014859,0.047213,0.10663,0.09616,0.10609,0.14041,0.053273,-0.074682,-0.01875,-0.0033583,0.10282,0.26697,0.18782,-0.071624,-0.18864,-0.19702,-0.15328,-0.084594,-0.043279,-0.02833,-0.094989,-0.083596,-0.011939,-0.050748,-0.12537,-0.1011,-0.060506,-0.034959,0.027107,-0.010967,-0.072056,-0.066652,-0.12168,-0.20719,-0.22415,-0.22662,-0.12859,-0.0335,-0.081199,-0.12548,-0.06367,-0.0052051,0.031378,0.034695,-0.00078651,-0.0098457,-0.035817,-0.07815,-0.054531,-0.015515,0.0038245,0.022906,0.011646,0.01248,0.014378,0.0020029,0.0048161,0.0045023,-0.047053,-0.099887,-0.088298,-0.046956,-0.02032,0.001218,0.054253,0.036717,-0.038359,-0.020568,0.16931,0.21803,0.03187,0.024858,0.026605,0.029551,0.15604,0.12137,-0.017772,0.089143,0.15312,0.154
-0.13958,-0.11832,-0.058078,0.096436,0.25161,0.29001,0.24801,0.22748,0.1155,0.14228,0.21728,0.26876,0.25243,0.18529,0.10374,0.04456,-0.033257,-0.07091,-0.076512,-0.12608,-0.19571,-0.29412,-0.41324,-0.52136,-0.58993,-0.85655,-1.1367,-1.3307,-1.5104,-1.6415,-1.5406,-1.3955,-0.98252,0.40257,0.42337,0.45004,0.45253,0.68182,0.83773,0.7809,0.86189,0.96091,0.81099,0.565,0.57526,0.59972,0.56145,0.37351,0.2247,0.26596,0.24352,0.18829,0.076213,-0.010086,-0.00083625,0.047393,0.11947,0.15471,0.19904,0.17802,0.14584,0.37329,0.47843,0.43065,0.32906,0.17269,0.047828,0.048276,0.078435,0.12959,0.13222,0.12095,0.17329,0.22605,0.286,0.36742,0.82747,1.1332,1.0084,0.89575,0.84191,0.83204,0.96028,0.73836,-0.075189,-0.16596,-0.16132,-0.20835,-0.25171,-0.35362,-0.42715,-0.44946,-0.58081,-0.72182,-0.78213,-0.83134,-0.87549,-0.70997,-0.59133,-0.64047,-0.18049,-0.1486,-0.12126,-0.096022,-0.1233,-0.23859,-0.24681,-0.27805,0.11052,0.40566,0.42298,0.39734,0.33641,0.34057,0.34297,0.35045,0.35612,0.30514,0.2618,0.23009,0.16438,0.072174,0.018437,-0.014932,-0.037685,0.04408,0.053216,-0.16004,-0.50517,-2.1221,-2.8123,-2.5657,-1.7617,-0.27028,-0.23704,-0.25452,-0.28608,-0.34732,-0.41119,-0.31335,0.35071,0.58515,0.21033,-0.12301,-0.23819,-0.29176,-0.42037,-0.50248,-0.39578,-0.30755,-0.13555,0.071922,0.23563,0.34867,0.42499,0.39027,0.27735,0.11827,0.10428,0.25552,0.34082,0.4602,0.52626,0.56638,0.57485,0.45386,0.33893,0.3086,0.29514,0.28898,0.28164,0.27416,0.26029,0.24377,0.21396,0.16231,0.19018,0.68162,1.0978,1.1364,1.0492,0.94516,1.7346,1.6484,0.55968,0.4277,0.27279,0.18345,0.21039,0.25379,0.20952,0.18276,0.06368,-0.048832,-0.066372,-0.047623,-0.1034,-0.26928,-0.51775,-0.66356
-0.091789,-0.064284,-0.038592,-0.0092967,-0.0018019,0.03719,0.079033,0.086739,0.11229,0.13607,0.08092,0.0099495,-0.017034,-0.03381,-0.041542,0.0026178,0.034611,0.051095,0.13888,0.18554,0.14324,0.045361,-0.043261,-0.083944,-0.075605,-0.072106,-0.084689,-0.13479,-0.11552,-0.064066,-0.054596,-0.032054,-0.05936,-0.03973,-0.029858,0.011015,0.12856,0.19073,0.14669,0.077209,0.026409,-0.0051705,-0.012483,-0.015276,-0.016131,-0.015428,0.0089183,0.0080475,-0.03371,-0.054618,-0.039406,0.0094898,0.05769,0.079274,0.057322,0.042427,0.067312,0.10701,0.08164,0.043575,0.12541,0.19803,0.089647,-0.067978,-0.16741,-0.228,-0.27686,-0.3081,-0.30613,-0.27514,-0.23217,-0.19409,-0.18004,-0.15641,-0.11917,-0.082909,-0.04913,-0.031131,-0.029822,-0.046452,-0.036643,-0.013607,-0.0023532,0.0036051,-0.04198,-0.033542,0.037337,0.040914,0.061675,0.031938,-0.076347,-0.14762,-0.14723,-0.039367,0.098858,0.04849,-0.032861,-0.034534,-0.046795,-0.062092,-0.073799,-0.028758,0.039638,0.022211,-0.034664,-0.031682,0.051273,0.10475,0.15552,0.16007,0.12266,0.04829,-0.018207,-0.038051,-0.036353,-0.045059,-0.05901,-0.023672,0.029424,0.048696,0.019806,-0.05571,-0.10278,-0.10294,-0.088091,-0.096932,-0.09125,-0.028933,-0.017,-0.04106,-0.01212,0.070539,0.057866,0.13828,0.28335,0.24225,0.14327,0.11345,0.097143,0.064367,0.051182,-0.0074916,0.0021321,0.043227,0.027736,0.031156,0.058495,0.073456,0.12678,0.19364,0.23889,0.15282,0.0077726,-0.069867,-0.13483,-0.22346,-0.35866,-0.40419,-0.18576,0.025729,0.096589,0.13042,0.028245,-0.041326,-0.034493,-0.04937,0.02034,0.092139,0.07798,0.075367,0.05883,0.040022,-0.0098586,-0.015779,0.012409,-0.0173,-0.053143,-0.084689,-0.11708,-0.086582,-0.015659,0.0098054,0.018094,0.018175,0.060156,0.072989,-0.00038966,-0.047333,0.074216,0.11289,-0.077388,-0.15865,-0.15786,-0.028968,0.16454,0.19727,0.1819,-0.0508,-0.17217,-0.14989
0.28549,0.21294,0.026177,-0.11317,-0.15507,-0.059027,0.054198,0.075744,0.091129,0.098268,0.088719,0.029234,-0.029243,-0.037089,-0.015926,0.0047594,0.015106,0.021967,0.021536,0.038045,0.15661,0.25613,0.1904,0.031418,-0.049413,-0.086852,-0.11174,-0.13492,-0.066805,-0.026808,-0.051994,-0.019403,-0.045915,-0.051565,-0.019454,-0.013788,-0.027769,-0.020236,-0.022954,-0.055384,-0.10926,-0.057812,-0.015169,-0.061841,-0.073083,-0.066767,-0.063584,-0.091935,-0.15124,-0.16123,-0.12617,-0.085759,-0.04385,0.012958,-0.010891,-0.089924,-0.089922,-0.04791,-0.021123,-0.018903,-0.047721,0.082197,0.23048,0.25954,0.25365,0.3069,0.38176,0.37538,0.26916,0.15891,0.12988,0.14841,0.14388,0.096151,0.018924,-0.049121,-0.10631,-0.12759,-0.10172,-0.064245,-0.031944,-0.024084,-0.068909,-0.11339,-0.18156,-0.21798,-0.16207,-0.08154,0.056595,0.15098,0.1315,0.049595,-0.063311,-0.087728,-0.015025,-0.045372,-0.16298,-0.068761,0.13101,0.25431,-0.16105,-0.10112,0.025413,0.12655,0.17835,0.15098,0.11716,0.096702,0.090698,0.067981,0.018869,-0.020658,-0.046254,-0.052521,-0.017528,0.086278,0.049976,-0.078372,-0.081885,-0.073004,0.10017,0.17953,0.13087,0.12256,0.012572,-0.094858,-0.049698,0.0078899,0.025697,0.06026,0.2438,0.35915,0.25528,-0.0098574,-0.098749,-0.097849,-0.037904,0.00056519,-0.0016311,-0.0080289,-0.0026434,-0.033126,-0.067929,-0.11205,-0.13782,-0.11617,-0.040158,0.10801,0.19747,0.16706,0.15191,0.18326,0.19539,0.13707,0.070736,0.03085,-0.045184,-0.12416,-0.10068,-0.069021,-0.097402,-0.12737,-0.10437,-0.034996,0.0094193,0.058254,0.092766,0.049423,-0.041586,-0.055807,0.00065575,0.01208,-0.010127,-0.024656,-0.03188,-0.032091,-0.0049709,0.028569,0.0028786,-0.071656,-0.14483,-0.16435,-0.093877,-0.049059,-0.030582,-0.060859,-0.12264,-0.060681,0.18254,0.23654,0.058908,-0.0033771,-0.070258,-0.044246,0.070563,0.14476,0.22766,-0.041883,-0.20182,-0.20639
-0.14738,-0.072581,0.15361,0.22,0.007389,-0.12351,-0.19115,-0.099733,0.016686,0.016337,0.05391,0.095708,0.097188,0.07814,0.114,0.18162,0.18585,0.21541,0.2595,0.23036,0.11203,-0.044451,-0.11301,-0.013715,0.14413,0.15149,0.010074,-0.025852,0.055947,0.028477,-0.046702,-0.034666,-0.054482,-0.072391,-0.038358,-0.0044815,-0.00032623,-0.017133,0.020449,0.038401,-0.032564,-0.11933,-0.17047,-0.16868,-0.11632,-0.021096,0.010759,-0.042184,-0.083354,-0.057362,0.021067,0.079985,0.094375,-0.017033,-0.14244,-0.11291,-0.068717,-0.032525,-0.024917,-0.026822,0.038132,0.14807,0.22508,0.23123,0.18428,0.1461,0.14158,0.17732,0.19464,0.10343,-0.0090734,0.0039132,0.026655,0.030225,-0.029626,-0.09488,-0.11397,-0.11679,-0.10985,-0.10405,-0.0711,-0.031399,-0.014034,-0.016461,-0.082109,-0.10818,-0.16995,-0.25546,-0.69566,-0.59769,0.43696,0.79801,0.7634,0.24663,0.053384,0.18886,0.045015,0.039595,0.12532,0.17513,-0.31565,-0.28393,-0.27924,-0.24753,-0.116,-0.073814,-0.010437,0.046333,0.051517,0.0084244,-0.050935,-0.098045,-0.10902,-0.05598,-0.013472,0.055193,0.13107,0.14751,0.15418,0.12777,0.11666,0.12307,0.12927,0.13972,0.14317,0.1687,0.17786,0.1743,0.11625,0.10043,0.33221,0.47144,0.35431,0.0066091,-0.19004,-0.25047,-0.24516,-0.17804,-0.12415,-0.12549,-0.12578,-0.08446,-0.0093649,0.052943,0.046116,0.030255,0.077774,0.17123,0.19123,0.10919,0.046939,0.043271,0.076111,0.10814,0.09053,0.028268,-0.1174,-0.22032,-0.18893,-0.10973,-0.006924,0.069157,-0.014283,-0.079825,-0.051412,-0.048332,-0.085909,-0.13416,-0.15594,-0.069848,0.02323,-0.0066628,-0.021987,-0.0334,-0.034606,-0.023523,-0.0153,-0.0057934,-0.004835,0.028695,0.077929,0.10152,0.10327,0.070348,0.066669,0.035305,0.0023182,-0.061894,-1.0671,-1.0856,0.19733,0.25009,0.17454,0.14718,0.023741,-0.011817,0.2795,0.34033,0.37765,0.38168
-0.096745,-0.078192,-0.040854,0.012017,0.05159,0.08447,0.08905,0.076504,0.069668,0.064992,0.038195,0.048922,0.080929,0.053279,0.014492,0.0263,0.036898,0.016763,0.013751,0.00055283,-0.025369,-0.04841,-0.045729,-0.036952,-0.025805,-0.023515,-0.033184,-0.067767,-0.071175,-0.11786,0.075705,0.11816,0.18373,0.19798,0.064366,0.11529,0.090246,0.0026859,-0.017297,-0.052754,0.028627,0.07351,0.024393,0.0041598,-0.032826,-0.053997,-0.045318,-0.048637,-0.03627,0.0051857,0.036337,0.040956,0.032521,0.025923,0.059006,0.11971,0.17819,0.11616,0.040167,0.044869,-0.053212,-0.10114,-0.21309,-0.33148,-0.33619,-0.30608,-0.30215,-0.25615,-0.18139,-0.12267,-0.058795,-0.0093841,0.013163,0.015006,-0.0070124,-0.0247,-0.01201,0.0056396,-0.0065863,-0.01191,0.010919,0.020178,0.04604,0.070158,0.0090645,-0.02038,0.035425,0.089054,0.17129,0.18232,0.059349,-0.10214,-0.25837,-0.25214,-0.12749,-0.10442,-0.14679,-0.14375,-0.089749,-0.054902,-0.095445,-0.047542,0.012229,-0.022062,-0.040106,-0.02276,-0.017079,-0.0036512,0.0023281,-0.010456,0.046113,0.11255,0.12238,0.084943,0.045396,0.067628,0.050994,-0.00019361,-0.0041143,-0.011116,-0.024418,-0.062601,-0.032754,0.019114,-0.034547,-0.077401,-0.031628,0.027606,-0.0035393,-0.0036506,-0.30558,-0.59337,-0.49261,-0.00034551,0.28347,0.23406,0.078161,-0.039218,-0.020616,-0.030671,-0.048653,0.0069287,0.071138,0.047239,-0.02837,-0.048258,0.0080051,0.052856,0.015707,-0.091065,-0.17049,-0.20018,-0.19521,-0.1304,-0.036209,0.018544,0.070941,0.16259,0.21824,0.13506,0.051772,0.086705,0.07877,0.047489,0.022338,-0.016071,-0.052535,-0.047188,0.027585,0.064701,0.041281,0.015546,0.0010603,-0.011462,0.00010964,0.010616,-0.018745,-0.059868,-0.063424,-0.043765,-0.052193,-0.052828,-0.044736,-0.055879,-0.038438,0.023397,0.077328,0.13509,0.29571,0.28058,0.007112,-0.055625,-0.08743,-0.20459,-0.23194,-0.038609,0.054742,0.068771,0.078429,0.08759
-0.33237,-0.361,-0.37929,-0.26971,-0.14819,-0.0089919,0.10917,0.11672,0.087583,0.069054,0.12133,0.189,0.25305,0.33403,0.38732,0.3851,0.30668,0.21895,0.1716,0.22971,0.3986,0.45186,0.30139,0.12316,-0.031174,-0.15214,-0.22227,-0.1668,-0.047774,-0.029396,-0.097992,-0.073847,-0.082424,-0.030563,0.074939,0.13374,0.15484,0.14392,0.10067,0.17898,0.23199,0.14917,0.16319,0.26184,0.30381,0.24176,0.13948,0.083446,0.084893,0.13615,0.12848,0.094686,-0.029977,-0.15367,-0.15712,-0.12487,-0.061823,-0.076515,-0.11883,-0.025378,0.14843,0.36967,0.44567,0.33216,0.16711,0.063495,-0.018059,-0.1389,-0.26754,-0.35324,-0.38566,-0.38218,-0.40818,-0.41361,-0.38598,-0.35757,-0.3067,-0.30735,-0.32862,-0.31297,-0.28972,-0.29584,-0.3095,-0.33131,-0.31186,-0.19038,-0.13629,-0.13163,-0.075112,-0.013684,0.029428,0.17392,0.35271,0.43425,0.16711,0.093401,-0.067449,-0.26481,-0.32302,-0.32419,0.018273,0.10381,0.22935,0.18957,0.060566,0.021128,0.041461,-0.035152,-0.034904,-0.0022808,-0.025297,-0.041035,0.033332,0.11256,0.13036,0.18092,0.20184,0.15831,0.17273,0.29037,0.34511,0.26266,0.28272,0.3487,0.35867,0.31285,0.28318,0.34145,0.24866,0.15306,0.38855,0.52436,0.40016,0.093058,-0.089708,-0.21757,-0.27844,-0.26141,-0.19133,-0.12248,-0.077581,-0.056053,-0.045452,0.14954,0.43078,0.26383,-0.092477,-0.2827,-0.43259,-0.47423,-0.36451,-0.21397,-0.077971,0.087751,0.2384,0.25214,0.093704,-0.14781,-0.20124,-0.066457,0.010563,0.062887,0.12303,0.15784,0.15915,0.14511,0.10917,0.056166,0.040636,0.055831,0.064422,0.066317,-0.014747,-0.097594,-0.10191,-0.11038,-0.14141,-0.13317,-0.10134,-0.091964,-0.062091,-0.16489,-0.44959,-0.59285,-0.44769,-0.38216,-0.49524,-0.47224,-0.23653,-0.13518,-0.26277,-0.24028,-0.22632,-0.13728,-0.18729,-0.39697,-0.14046,0.11558,0.27595,0.31529
0.02074,-0.0025182,-0.015841,-0.0015643,0.051162,0.082537,0.062338,0.059365,0.052767,0.041853,0.059247,0.10119,0.12621,0.12816,0.13178,0.13294,0.084054,0.024932,-0.00055109,-0.023244,-0.10101,-0.20235,-0.21426,-0.11037,0.018269,0.080931,0.10707,0.11441,0.1243,0.062335,0.034389,0.044564,0.0011889,-0.018358,-0.0049796,-0.008292,-0.013598,-0.00096466,0.0040011,0.032972,0.022906,0.00047853,0.011112,0.032844,0.070524,0.12129,0.1255,0.10789,0.13837,0.096252,0.031225,0.047304,0.05596,0.03472,0.028517,0.0635,0.024933,-0.060654,-0.075537,-0.12816,-0.11727,-0.064973,-0.090913,-0.14666,-0.18488,-0.22803,-0.2501,-0.21173,-0.12492,-0.043606,0.008388,0.024178,0.025211,-0.0028411,-0.04598,-0.044837,-0.017779,-0.016696,-0.021542,-0.0034944,0.018099,0.040485,0.063054,0.068592,0.016174,0.0088614,0.093088,0.11025,0.11864,0.12958,-0.032035,-0.23887,-0.33972,-0.22855,-0.038989,-0.10802,-0.18945,-0.14948,0.013318,0.11189,-0.25224,-0.19498,-0.124,-0.14353,-0.055307,0.076188,0.018215,-0.02451,-0.064206,-0.083694,-0.053242,0.063045,0.13802,0.12943,0.12505,0.19194,0.18117,0.094376,0.072352,0.007584,-0.085853,-0.16024,-0.17084,-0.12401,-0.085932,-0.12334,-0.16546,-0.13663,-0.12736,-0.073836,0.0070418,0.11086,0.11638,-0.018146,-0.032721,-0.023273,0.022455,0.060781,0.062454,0.012314,-0.037227,-0.055917,0.0059768,0.12051,0.21299,0.22462,0.10814,-0.077211,-0.15443,-0.098145,-0.020183,-0.035238,-0.15868,-0.2366,-0.19066,-0.10769,-0.019852,-0.0087463,-0.074463,-0.12136,-0.06691,-0.011723,-0.0133,-0.012684,-0.014621,-0.031356,-0.062595,-0.013661,0.068671,0.061743,0.036819,0.0087041,-0.0063448,0.012543,0.03492,0.015589,-0.022521,-0.035068,-0.034712,-0.058555,-0.063531,-0.0036119,0.047095,0.033466,0.057149,0.15579,0.16977,0.12819,0.2363,0.22259,0.043721,-0.021855,-0.092461,-0.044422,0.14138,0.23445,0.14309,0.14936,0.16442,0.15069
0.16725,0.12742,0.050581,0.016519,-0.035391,-0.10672,-0.085125,-0.031573,-0.027534,-0.021891,0.021427,0.064467,0.076238,0.075951,0.055594,0.023253,-0.0042056,0.00081546,0.018158,0.017661,0.0018791,0.052558,0.11757,0.13878,0.12597,0.12092,0.089594,0.022875,0.006705,-0.0097625,0.063208,0.11254,0.076131,0.026893,0.027056,0.040301,0.039908,0.042114,0.021971,-0.01466,-0.025032,-0.063933,-0.084539,-0.053599,-0.033396,-0.023555,-0.041296,-0.041316,-0.015421,0.0070082,0.0039706,-0.011847,-0.020499,-0.007698,0.0067072,0.019328,-0.018465,-0.070281,-0.059656,-0.086826,-0.072423,-0.11615,-0.20985,-0.16001,-0.025343,0.010115,0.01814,0.065447,0.10266,0.094757,0.035363,-0.045796,-0.11643,-0.14413,-0.12269,-0.060095,-0.0057049,0.0080836,0.0057997,0.012853,0.02578,0.043582,0.062715,0.059379,-0.0033973,-0.03311,-0.0091519,-0.011726,0.039646,0.079524,0.046762,0.034658,0.00058634,-0.016272,-0.017681,-0.039806,-0.074624,-0.041765,0.032174,0.079777,-0.031008,-0.022524,0.019443,0.028389,0.043433,0.061795,0.036468,0.037127,0.043888,0.043441,-0.0044143,-0.058998,-0.062966,-0.0591,-0.074472,-0.025684,-0.017972,-0.056232,-0.040994,-0.037978,-0.049081,0.03409,0.10625,0.10132,0.10769,0.13374,0.13428,0.045236,-0.012936,0.04594,0.034473,0.060395,0.036826,-0.15809,-0.16222,-0.10779,-0.074084,-0.033151,0.0011609,0.0076294,-0.0032634,0.0032494,-0.009803,-0.010148,0.021955,0.042431,0.024453,0.018992,-0.0085635,-0.066977,-0.05134,-0.0025561,0.059478,0.10374,0.029759,-0.11747,-0.12645,-0.031774,-0.020268,-0.059165,-0.028251,-0.023464,0.0099152,0.037075,0.016479,0.0080779,0.037311,0.059924,0.040231,0.01442,-0.02787,-0.012138,0.038134,0.044737,0.026749,-0.018255,-0.073412,-0.076846,-0.057393,-0.07725,-0.07938,-0.010368,0.044623,0.020491,0.030426,0.033618,0.017023,0.032349,0.18186,0.195,-0.019657,0.00044094,0.044276,-0.047433,-0.12223,-0.025071,0.030212,-0.085546,-0.17112,-0.16639
-0.10442,-0.086882,-0.063367,-0.0063194,0.030037,0.054536,0.071908,0.07307,0.077082,0.076036,0.024937,-0.018962,-0.026653,-0.036394,-0.038355,-0.0049006,0.0074874,0.00019512,0.017483,-0.0016009,-0.036126,-0.085088,-0.106,-0.02592,0.076478,0.095845,0.068327,0.0098579,-0.036762,-0.11704,0.0076253,0.12282,0.22554,0.16474,0.12889,0.09563,0.052636,0.063481,0.071481,0.067397,0.028598,0.0099051,0.00081978,-0.038284,-0.039508,-0.014182,-0.021766,-0.0516,-0.083817,-0.12281,-0.11464,-0.023282,0.036322,0.04511,0.051586,0.024573,-0.024738,-0.011056,0.070486,0.1305,0.028085,-0.06705,-0.060329,-0.064074,-0.082117,-0.060581,-0.035635,-0.10077,-0.18994,-0.16611,-0.081865,-0.042294,-0.022467,0.0083625,0.028245,0.030879,0.010707,-0.029795,-0.057099,-0.049051,-0.023551,-0.011848,-0.02725,-0.042248,-0.08487,-0.047762,0.042154,0.045497,0.049293,-0.0047147,-0.12961,-0.20401,-0.18994,-0.09764,0.033883,0.027854,-0.019483,0.024204,-0.032675,-0.095543,0.041152,0.091153,0.1637,0.14007,0.073118,0.036053,0.056669,0.073777,0.068157,0.033295,0.028358,0.015114,-0.016708,-0.025895,-0.017728,0.031796,0.077934,0.041662,-0.0037225,-0.014574,-0.030182,-0.076246,-0.097311,-0.089455,-0.086157,-0.059793,-0.013555,0.043282,-0.016565,-0.061011,-0.35169,-0.42148,-0.078508,0.1178,0.11947,0.091139,0.10714,0.15809,0.16204,0.099752,0.071,0.11634,0.11834,0.025713,-0.0083854,0.039955,0.08083,0.089422,0.10424,0.12718,0.12156,0.014548,-0.059661,-0.0088919,0.041991,0.070488,0.116,0.21397,0.33104,0.29662,0.11971,0.083778,0.083441,0.082933,0.0392,-0.013297,-0.033672,-0.081041,-0.10843,-0.07206,-0.04669,-0.027604,0.0048015,-0.011019,-0.034781,-0.063934,-0.088783,-0.067719,-0.013051,0.01124,0.0020439,-0.038409,-0.078204,-0.087709,-0.017694,-0.018837,-0.12283,-0.16392,0.0096527,0.090404,-0.11154,-0.19338,-0.1752,-0.052348,0.12524,0.17367,0.17714,-0.17726,-0.36638,-0.33942
-0.16879,-0.1555,-0.11779,-0.04646,0.044167,0.078471,0.054613,0.050541,0.056099,0.068967,0.052895,0.03395,0.0232,0.005436,0.014473,0.044719,0.014466,-0.043454,-0.052869,-0.032994,-0.0060655,-0.042568,-0.10991,-0.15076,-0.11924,-0.00389,0.11704,0.17855,0.21573,0.20581,0.16506,0.10494,0.20828,0.2092,0.13108,0.020004,-0.081507,-0.064781,-0.035755,-0.026055,-0.061292,-0.048223,-0.016583,0.0017359,0.034472,0.019805,-0.027485,-0.028732,0.016398,0.022669,0.00061616,0.0076911,0.023466,0.012226,-0.015429,0.017015,0.0010324,-0.046892,0.059545,0.14788,0.077263,-0.037769,-0.10628,-0.13781,-0.1782,-0.21029,-0.19162,-0.17289,-0.15006,-0.089453,-0.0096661,0.054583,0.088944,0.097272,0.092457,0.06447,0.030643,0.032825,0.006262,0.014528,0.055233,0.051175,0.03718,0.0382,-0.0073968,-0.014804,-0.019352,-0.0805,-0.0838,-0.085593,-0.16489,-0.23199,-0.17674,-0.03213,0.10666,0.14285,0.13331,0.038185,-0.049401,-0.095671,-0.06508,-0.013632,0.049716,0.014022,0.026617,0.065689,0.025661,0.034096,0.050788,0.066483,0.10505,0.10257,0.057814,0.032948,0.04616,0.087236,0.091041,0.067259,0.058841,0.02156,-0.013471,-0.055582,-0.088688,-0.084772,-0.06693,-0.045261,-0.025015,-0.014504,-0.017511,-0.071345,-0.42524,-0.5444,-0.29451,-0.043691,0.1046,0.12477,0.13762,0.18366,0.16284,0.084701,0.026943,-0.027318,-0.010304,0.088513,0.15674,0.1153,-0.028678,-0.18023,-0.2059,-0.14253,-0.067202,-0.061693,-0.12299,-0.20398,-0.26468,-0.17242,0.090441,0.32979,0.39419,0.29969,0.11752,0.080774,0.04042,-0.0071982,-0.0094141,-0.024671,-0.054561,-0.048094,-0.017474,-0.026144,0.0023955,0.030691,0.013021,-0.0046096,-0.032084,-0.013248,0.027541,0.0054339,0.032026,0.044082,-0.010265,0.0048749,0.022161,0.001972,0.041715,0.079035,0.077397,0.071624,0.16889,0.12412,-0.14178,-0.21696,-0.16183,-0.024608,0.081731,-0.067373,0.0394,-0.076678,-0.16703,-0.14063
-0.58095,-0.20224,0.12073,0.078389,0.057361,0.033726,0.024315,0.021899,0.019475,0.010782,0.046455,0.11836,0.16465,0.17422,0.14695,0.099426,0.012325,-0.032654,0.0069803,0.016695,-0.021681,-0.12018,-0.26849,-0.38007,-0.3938,-0.28407,-0.030175,0.16926,0.17496,0.1533,0.11393,0.10263,0.09684,0.057567,0.020736,-0.0050475,-0.023598,-0.012642,-0.0024404,-0.00084354,-0.032129,0.018002,0.06809,0.054905,0.049866,0.0098401,-0.020158,-0.011584,-0.041057,-0.0579,-0.049768,-0.032274,0.02236,0.069531,0.074165,-0.015583,-0.11171,-0.075442,0.015408,0.039703,-0.090948,-0.019616,0.035927,0.05778,0.070584,0.07614,0.074372,0.028931,-0.073964,-0.17297,-0.19342,-0.1576,-0.063645,0.026832,0.03415,0.0072603,-0.032656,-0.035449,0.0098062,0.041637,0.063251,0.076991,0.055585,0.029808,-0.038425,-0.02571,0.080141,0.12533,0.17342,0.077892,-0.078932,-0.12144,-0.1254,-0.056844,0.13708,0.17252,0.46832,0.62138,-0.66598,-1.4246,0.79923,0.18323,-0.14136,-0.16216,-0.12932,-0.0067606,0.038868,0.026053,0.0026364,-0.028393,-0.055002,-0.038163,0.0013346,0.012728,-0.01187,0.017103,0.098721,0.14299,0.16527,0.16699,0.093465,-0.028106,-0.090692,-0.10756,-0.090606,-0.029549,-0.014758,-0.058443,-0.00025263,0.050629,0.14269,0.20322,0.076096,-0.10397,-0.09327,-0.011227,0.095537,0.17082,0.16793,0.10074,0.051231,0.0062962,-0.0082765,-0.0031856,-0.027866,-0.096093,-0.13344,-0.025038,0.13142,0.15313,0.15616,0.18394,0.10915,-0.060931,-0.13268,0.0038563,0.22886,0.32861,0.40826,0.18205,0.0050509,0.066807,0.12567,0.099622,0.050996,0.057259,0.038857,-0.065867,-0.15517,-0.16986,-0.18753,-0.20953,-0.12903,-0.039152,-0.058539,-0.076336,-0.085386,-0.017988,0.024735,-0.028873,-0.030178,-0.047296,-0.033853,-0.034017,-0.032842,-0.033449,-0.080662,-0.080063,0.069062,0.15842,0.015007,-0.047834,-0.04746,0.031787,0.14199,0.25063,-0.14966,-0.22413,0.031529,0.39554
0.033268,0.054719,0.077081,0.11558,0.10876,0.042623,-0.011518,-0.028965,-0.031592,-0.034188,-0.026279,0.0079968,0.034064,0.026291,0.029589,0.1141,0.15301,0.086773,0.054753,0.016544,-0.020737,0.011579,0.11495,0.20062,0.2362,0.27192,0.27391,0.18863,0.056475,-0.012515,0.02618,0.064994,0.056797,0.059256,0.030712,-0.009132,-0.022821,-0.037881,-0.044555,-0.041493,-0.027637,-0.0037103,-0.0014077,-0.014874,-0.014491,0.014456,0.026676,0.014348,0.032235,0.035762,0.013828,0.024081,0.04984,0.06015,0.05073,0.087521,0.027638,-0.072393,-0.085558,-0.15997,-0.17221,-0.052638,0.039579,-0.029909,-0.15388,-0.14086,0.0060092,0.087697,0.083698,0.089011,0.086783,0.055439,0.0023075,-0.064544,-0.12362,-0.14208,-0.13017,-0.10264,-0.09766,-0.081916,-0.039839,-0.019004,-0.020326,-0.028505,-0.12748,-0.15535,-0.068607,-0.03174,0.017416,-0.017244,-0.11538,-0.14445,-0.1474,-0.11988,-0.098719,-0.16649,-0.28377,-0.19771,-0.11974,-0.10503,-0.0060151,0.040466,0.10169,0.065334,0.0074941,-0.034792,-0.041121,0.0096199,0.034865,0.012036,0.0071115,0.033356,0.048067,0.036979,0.041507,0.073345,0.070811,0.03914,0.012202,-0.013365,-0.034756,-0.017897,-0.038385,-0.095395,-0.1022,-0.091363,-0.056518,0.0083175,0.11259,0.17517,0.14231,0.044202,-0.065333,-0.070337,-0.013563,-0.013968,0.047767,0.13512,0.16488,0.091092,-0.018387,-0.045649,-0.00096643,0.012867,-0.0044639,0.016823,0.039413,0.022479,0.067148,0.11554,0.088767,0.037049,0.009987,-0.12469,-0.21768,-0.10241,0.045173,0.041698,-0.078021,-0.13443,-0.066695,-0.0066231,-0.021715,-0.014452,-0.0021682,-0.009061,-0.014334,0.0527,0.12173,0.096746,0.058632,0.024105,0.010697,0.024416,0.04864,0.056442,0.051713,0.035882,0.049533,0.063945,0.029171,-0.012823,-0.043922,-0.065902,-0.0094378,-0.036581,-0.14403,-0.13707,0.025274,0.064007,-0.11413,-0.15893,-0.1595,-0.19417,-0.13953,0.12688,0.22609,-0.021116,-0.14438,-0.1297
