0.43932,0.36435,0.17515,0.10662,0.034519,0.012687,0.0052596,-0.035383,-0.066433,-0.048797,0.06308,0.1626,0.12894,0.081834,0.040264,0.042167,0.083948,0.087274,0.073242,0.056567,0.0023238,-0.057869,-0.060931,-0.041692,0.012424,0.036484,0.068399,0.13797,0.12164,0.1112,0.12284,0.067785,0.010067,0.028356,0.020486,0.04523,0.01424,-0.010605,-0.0209,-0.044876,-0.062253,-0.065526,-0.07953,-0.10381,0.058875,0.15011,0.091394,0.081928,0.036544,-0.031446,-0.052527,-0.10268,-0.1161,-0.18969,-0.23207,-0.065192,0.027323,0.0014861,-0.013788,0.052178,0.042026,-0.011503,0.11157,0.21283,0.087828,-0.0063232,-0.10461,-0.20095,-0.17086,-0.2207,-0.18532,-0.14992,-0.22475,-0.13665,-0.13025,-0.027655,-0.0086215,0.021264,-0.06419,-0.23643,-0.28795,-0.23956,-0.17656,-0.14155,-0.13231,-0.1403,-0.15481,-0.080496,-0.009547,-0.021643,-0.029026,-0.026474,-0.029845,-0.0414,-0.036205,0.0087962,0.14477,0.31472,0.38804,0.38897,0.47829,0.27009,-0.29639,0.02319,-0.014906,-0.12717,-0.15464,-0.1183,-0.077702,-0.094956,-0.10302,-0.10209,-0.13463,-0.14169,-0.12441,-0.043059,0.024626,-0.014467,0.07127,0.14905,0.096469,0.03435,0.063484,0.097088,0.089596,0.069876,0.012079,-0.036764,1.4756e-05,-0.00070142,0.00097584,0.038547,-0.022081,-0.054273,0.012372,-0.034829,-0.033386,-0.027765,-0.0014685,-0.0043029,-0.028008,0.029927,0.062364,0.082554,0.16798,0.20557,0.18316,0.14515,0.13486,0.10099,-0.028702,-0.25081,-0.31714,0.067499,0.17658,0.076837,-0.061747,-0.11148,-0.09002,0.049998,0.15561,0.13405,-0.23752,-0.47958,-0.38717,-0.28704,-0.2529,-0.12254,-0.0024285,0.20579,0.3722,0.26774,0.095503,0.18968,0.21123,0.227,0.072826,-0.069225,-0.0055293,0.1535,0.22829,0.18573,0.14407,0.11864,0.080278,-0.052824,-0.12471,-0.030051,0.085471,0.11501,0.083511,0.0024402,-0.067563,-0.067899,-0.079165,-0.087553,-0.042963,-0.0067313,-0.015195,-0.019493
0.24034,0.15873,0.14973,0.26468,0.16487,0.020196,-0.048585,-0.035103,0.016719,0.080964,0.11653,0.057858,-0.037102,-0.038138,-0.01439,-0.028548,-0.035827,-0.044391,-0.041573,0.019505,0.19124,0.3328,0.30413,0.15065,0.080607,0.11303,0.073035,-0.025911,-0.037043,0.038299,0.14519,0.19137,0.13023,0.052889,-0.0093633,-0.016116,-0.0029357,0.027313,0.03817,0.021193,0.023437,-0.0075081,-0.06579,-0.13002,-0.17807,-0.14005,-0.1121,-0.1515,-0.14352,-0.094857,-0.10033,-0.039418,0.032648,0.040762,-0.010685,-0.059208,-0.0039972,0.066129,-0.043027,-0.063634,-0.046156,-0.081308,-0.11694,-0.11359,-0.069787,-0.028217,0.044533,-0.01798,-0.0039368,0.03159,-0.055007,0.034981,0.04419,-0.0034894,0.0026163,0.032883,0.079196,-0.099422,-0.17651,0.054767,0.23354,0.19612,0.15148,0.11819,0.035785,-0.03461,-0.037213,-0.0095074,-0.041856,-0.036948,-0.0085457,-0.0152,-0.013723,-0.028893,-0.028382,-0.090917,-0.12363,0.017525,0.17042,0.21751,0.18711,0.13837,-0.44551,-0.37654,-0.24488,-0.06138,0.11248,0.13679,0.1137,0.047582,-0.021355,-0.060993,-0.06143,-0.031454,-0.0045312,0.00042592,-0.018558,-0.059002,-0.088951,-0.06866,0.026671,0.062863,0.035214,0.0050936,-0.010455,-0.028396,-0.035677,-0.011006,0.015487,0.071101,0.028204,-0.072639,-0.045559,0.031816,0.11731,0.087529,0.031902,0.0015628,-0.087274,-0.03753,0.030448,0.047611,0.029451,-0.022914,-0.085683,-0.11428,-0.13176,-0.10992,0.049679,0.18432,0.19246,0.14846,0.082967,0.042791,0.072917,0.15196,0.22469,0.10955,-0.044712,-0.074768,-0.033737,-0.087008,-0.11947,0.0016286,0.13495,0.1567,0.33661,0.65418,0.63327,0.28735,0.0047199,-0.093575,-0.21206,-0.18955,-0.13468,-0.089859,-0.031204,0.074686,0.10476,-0.076718,-0.17675,-0.15079,-0.1476,-0.15746,-0.12135,-0.16848,-0.26667,-0.30525,-0.2913,-0.15002,-0.0025146,0.011645,-0.017024,-0.045474,-0.075275,-0.015659,0.044582,0.10723,0.16415,0.17958
-0.011915,-0.020332,0.014778,0.057768,0.24212,0.17854,-0.029356,-0.12907,-0.15698,-0.14722,-0.10986,-0.076512,0.026079,0.11847,0.088674,0.050818,0.064804,0.1239,0.14185,0.24819,0.31213,0.20265,0.021205,-0.017676,0.059355,0.15271,0.1617,0.10967,0.087902,0.19183,0.33005,0.30433,0.1693,0.051132,-0.061538,-0.11114,-0.15252,-0.091886,-0.05031,-0.047588,-0.015473,0.026418,-0.0022593,-0.072914,-0.10788,-0.11559,-0.14353,-0.19158,-0.19977,-0.15839,0.069466,0.19627,0.20711,0.31758,0.28279,0.072737,-0.0067067,-0.11098,-0.17511,-0.16044,-0.21842,-0.2919,-0.26449,-0.18235,-0.12355,-0.10652,-0.014313,0.05236,0.034383,0.057822,0.11394,0.094234,0.052516,0.0016897,-0.095384,-0.064929,-0.063171,-0.14888,-0.20266,-0.15343,-0.10204,-0.06422,-0.0010703,0.055437,0.14867,0.18556,0.13703,0.11642,0.093468,0.056319,0.013547,0.010446,0.0159,0.0062348,0.0055093,-0.066014,-0.067704,0.051597,0.19642,0.3061,-0.22325,-0.14084,0.24449,-0.0013106,-0.19034,-0.18298,-0.10887,-0.027963,0.022274,0.017636,-0.05415,-0.15429,-0.174,-0.14346,-0.14125,-0.10382,-0.0082924,0.037372,-0.028415,0.10585,0.15653,0.082442,0.027556,0.0053073,-0.0069235,0.030361,0.079855,0.096251,0.045834,0.018091,0.10433,0.1472,0.03155,-0.056703,0.042248,0.026781,0.03907,-0.012177,-0.05545,0.037554,0.093974,0.074842,-0.040932,-0.10848,-0.13781,-0.099596,-0.11531,-0.13138,-0.00076276,0.131,0.23324,0.27525,0.17774,-0.038389,0.063001,0.114,-0.065666,-0.21208,-0.24328,-0.23438,-0.1972,-0.096195,0.0091359,0.17697,0.24586,0.22482,0.16628,0.076337,0.060417,0.11867,0.22132,0.17327,0.13066,0.051283,-0.001833,0.041241,0.018101,-0.024584,-0.021459,-0.031876,-0.090254,-0.1242,-0.14942,-0.20762,-0.16368,-0.13339,-0.17737,-0.15154,-0.14806,-0.11095,-0.019099,0.038012,0.0022786,-0.028205,-0.066742,-0.011817,0.082449,0.13064,0.14778,0.14941
0.026813,-0.093236,-0.086019,0.14813,0.10418,-0.026416,-0.047268,0.00065064,0.05345,0.094058,0.10303,0.12385,0.1408,0.12563,0.091808,0.035627,0.015555,0.017635,0.021985,0.044402,0.14068,0.18953,0.081046,-0.0026389,0.033291,0.052848,0.026763,0.032873,0.12577,0.14924,0.042119,-0.0010255,0.0021543,-0.055974,-0.10085,-0.050145,0.0074798,0.032458,0.040179,0.010111,0.020716,0.031677,0.019464,-0.019245,-0.030699,-0.078357,-0.13644,-0.18699,-0.24271,-0.24902,-0.12777,0.0047741,0.03545,0.049679,-0.057561,-0.15799,-0.045685,0.040328,0.040117,0.0025375,-0.037635,-0.039966,-0.043741,-0.075853,-0.082878,0.034424,0.1321,0.18613,0.18399,0.21577,0.19944,0.010687,-0.01361,0.023201,0.2346,0.37183,0.061732,-0.32787,-0.39635,-0.3932,-0.3156,-0.19546,-0.066983,0.016963,-0.070717,-0.056002,0.037205,0.054709,0.058655,0.041202,0.002135,-0.011736,0.0092657,0.015949,0.032473,0.076688,0.12948,0.063052,-0.058581,-0.087694,0.16072,0.10415,-0.27841,-0.33505,-0.22992,-0.047651,0.099458,0.091065,0.064911,0.027194,-0.0063616,-0.041193,-0.10188,-0.15799,-0.165,-0.08618,-0.02355,-0.045146,-0.076187,-0.064431,0.038833,0.085187,0.047265,0.018403,0.0049007,-0.018923,-0.047059,-0.061476,-0.052936,0.0040634,0.025247,-0.056237,-0.078496,0.0087767,0.095914,0.071624,0.027299,0.028976,-0.038459,-0.011169,-0.02304,-0.034518,0.0035857,-0.00062488,0.079012,0.12935,0.041452,-0.061479,-0.066368,-0.0070925,0.12908,0.26851,0.15887,-0.00426,0.061105,0.16747,0.15772,0.022782,0.040127,0.083012,0.048893,0.06948,0.14571,0.045457,-0.029859,0.11317,0.25309,0.26619,0.32217,0.30739,0.049522,-0.23514,-0.19598,-0.14171,-0.17426,-0.21301,-0.089303,0.27176,0.44655,0.21985,-0.043355,-0.12851,-0.11645,-0.087598,-0.045793,-0.03583,-0.038625,-0.06568,-0.10188,-0.093931,-0.047367,0.033357,0.071714,0.056707,0.020349,-0.005541,-0.018666,-0.027487,-0.03262,-0.027631
0.0069275,0.085751,0.16057,0.10676,0.053084,0.070745,0.10879,0.050108,-0.040788,-0.074085,-0.028026,0.038653,0.037285,0.037177,0.023266,0.025421,0.060134,0.057469,0.048645,0.086556,0.05382,-0.071952,-0.10973,-0.11683,-0.17688,-0.24166,-0.29767,-0.37168,-0.43737,-0.39811,-0.12432,0.13952,0.11069,0.0071443,-0.080883,-0.11117,-0.13242,-0.17885,-0.16177,-0.14611,-0.25402,-0.34211,-0.088956,0.22801,0.20733,0.098745,0.069343,0.062344,-0.12613,-0.12794,0.0032667,0.095162,0.095717,0.065423,0.018767,-0.094484,-0.10434,-0.28508,-0.2346,-0.14345,-0.21002,-0.25911,-0.18615,-0.024257,0.075271,0.069954,0.20101,0.11978,-0.1488,-0.12137,-0.081905,-0.071769,-0.063126,-0.071773,-0.1105,-0.05554,0.10033,0.25133,0.24626,0.047826,-0.10223,-0.087129,-0.043093,-0.025205,0.067611,0.13016,0.088215,0.053814,0.017883,0.0054355,0.0051771,0.0090858,0.011538,0.059493,0.13748,0.14617,0.046529,-0.047473,0.034382,0.11797,-0.45094,-0.24794,-0.13175,0.014189,0.10376,-0.062313,-0.21405,-0.18587,-0.11881,-0.080811,0.012941,0.074812,-0.0069944,-0.089742,-0.11995,-0.044855,0.019364,-0.030183,0.067274,0.089011,0.023993,-0.0099691,-0.030442,-0.03396,-0.04567,-0.051014,-0.044347,-0.042751,-0.06894,-0.069209,-0.049467,-0.056875,-0.018213,0.066155,0.159,0.071719,-0.029874,0.057963,0.015893,0.15233,-0.21874,-0.43622,-0.26451,0.13865,0.33781,0.52141,0.53502,0.10853,-0.30169,-0.23298,-0.051592,0.10068,0.16191,0.17905,0.1613,0.16715,0.018917,-0.26581,-0.20276,-0.20557,-0.36575,-0.45983,-0.30581,-0.057556,0.032669,-0.056879,0.033889,0.60796,0.91998,0.60382,0.11576,0.049939,0.010654,-0.07199,-0.1368,-0.088191,-0.068061,-0.087437,-0.06802,-0.025394,0.0081613,0.03169,0.01772,-0.0028848,-0.0055972,-0.0685,-0.10536,-0.039185,0.012315,0.063479,0.057417,-0.0051416,-0.054601,-0.0063125,0.018333,-0.041012,0.075584,0.1778,0.20235,0.23139
-0.11109,-0.11053,-0.013638,0.038395,0.19159,0.19979,0.11221,0.083517,0.08562,0.061965,0.028457,0.072396,0.13219,0.12526,0.099644,0.047578,0.037851,0.075226,0.068286,0.073971,0.16897,0.27892,0.2657,0.083691,-0.014624,0.014372,-0.012976,-0.045873,0.0041825,0.072636,0.0015024,-0.27042,-0.42079,-0.18826,0.095408,0.10972,0.13444,0.13658,0.11386,0.090944,0.080841,0.066743,-0.0042844,-0.09085,-0.088193,-0.090517,-0.14443,-0.17917,-0.18465,-0.019697,0.13881,0.12106,-0.014604,-0.01693,0.18895,0.12714,-0.056624,0.069819,0.18163,0.02785,-0.058718,-0.028836,-0.0463,-0.091188,-0.096931,-0.05534,-0.0004337,0.05501,0.079085,0.11006,0.1359,0.095594,0.044694,0.032538,-0.074295,-0.12458,-0.26364,-0.24235,-0.060489,0.081102,0.18598,0.24231,0.18221,0.049475,-0.0048583,-0.0018621,-0.035937,0.007036,0.058105,0.024674,-0.00019837,0.016524,0.036037,-0.017721,-0.037666,0.020271,0.074837,0.11622,0.12212,0.12069,-0.16274,-0.11824,0.11676,0.10903,-0.096791,-0.21175,-0.1953,-0.20376,-0.21259,-0.13648,-0.051521,-0.07466,-0.14839,-0.22815,-0.26562,-0.25813,-0.15887,-0.074144,-0.11551,-0.079989,0.040678,0.090292,0.063199,0.097912,0.13481,0.11566,0.11129,0.1229,0.14207,0.11281,0.076123,0.02819,0.038563,0.057262,-0.052163,-0.033073,-0.0297,-0.027998,0.056829,0.098325,0.13911,0.17431,0.14054,0.069721,0.049297,0.030512,-0.046617,-0.05044,0.046863,0.10226,0.18836,0.21488,-0.002045,-0.29337,-0.46549,-0.36561,-0.00088294,0.3441,0.44839,0.40543,0.30628,0.31576,0.24969,0.039691,-0.046843,0.014794,0.01814,-0.11494,-0.20212,-0.19081,-0.0913,-0.061166,-0.028737,0.011859,0.053852,0.12721,0.096188,-0.012562,-0.11297,-0.16926,-0.26593,-0.32899,-0.29911,-0.16505,-0.082108,-0.25264,-0.3087,-0.19766,-0.09704,-0.024916,0.085316,0.16405,0.14586,0.098626,0.072529,0.1432,0.1923,0.17056,0.15507,0.15886
0.071435,-0.014336,-0.031324,-0.097796,-0.049458,0.075517,0.1426,0.087322,0.040056,0.088641,0.14944,0.13891,0.093461,0.036686,0.0097108,0.017483,0.035305,0.050668,0.02994,0.033291,0.18374,0.25825,0.15747,0.14403,0.21954,0.14478,0.014056,0.0086528,0.1642,0.28168,0.16464,0.0038986,0.045723,0.11842,0.10012,0.076177,0.028573,-0.027955,0.005202,0.050701,0.10685,0.12272,0.059147,0.18028,0.27639,0.19902,0.0234,-0.16564,-0.20525,-0.20982,-0.25054,-0.28581,-0.27411,-0.38089,-0.31901,-0.27084,-0.21716,-0.073851,0.00030901,0.27317,0.30114,0.20722,0.10169,-0.060288,-0.11846,-0.086521,0.020695,0.024564,-0.045376,-0.053535,0.0062629,-0.008509,-0.099938,-0.079671,-0.047375,-0.068402,-0.13116,-0.0635,0.019571,0.17395,0.23856,0.16189,0.05018,0.065951,0.086843,0.069284,0.012571,-0.13506,-0.225,-0.2265,-0.21994,-0.20816,-0.16174,-0.10068,-0.074595,-0.066435,-0.033659,0.024748,0.13365,0.21171,-0.14746,-0.14023,-0.020221,0.10139,-0.063694,-0.19888,-0.21639,-0.20591,-0.18358,-0.10571,-0.044358,-0.077721,-0.079045,-0.034988,0.062649,0.12362,0.099835,0.056542,0.079182,0.031842,0.057542,0.10261,0.07086,0.08213,0.086992,0.059159,0.061611,0.031608,-0.0044906,0.048373,0.057785,0.011086,-0.0069407,-0.013641,0.046971,0.095825,0.048271,0.0069163,-0.0082068,0.01895,0.16776,0.23524,0.22553,0.1272,0.079735,0.099088,-0.0076881,-0.15339,-0.082903,-0.0069058,-0.041506,-0.1157,0.017875,0.15953,0.010366,-0.020732,0.086912,0.11861,0.097103,0.27213,0.43346,0.40595,0.21764,-0.030114,-0.15571,-0.17628,-0.019363,0.16838,0.23316,0.29438,0.33768,0.11235,-0.00048983,0.048745,0.073652,0.08759,0.15446,0.21646,0.1913,-0.17109,-0.37703,-0.31368,-0.26481,-0.31032,-0.40323,-0.37648,-0.16001,0.046001,0.20227,0.28201,0.25388,0.15009,0.026437,-0.077887,-0.15059,-0.1658,-0.15775,-0.13201,-0.0802,-0.048239
0.10044,-0.032687,-0.17092,-0.014027,0.05962,0.061445,0.096705,0.10503,0.057121,0.023592,0.015457,0.0049314,0.041303,0.079553,0.059668,0.035037,0.046442,0.084302,0.091747,0.11259,0.12804,0.14968,0.19796,0.21763,0.17156,0.12663,0.0681,-0.011978,0.039543,0.18981,0.17006,0.048298,0.03885,-0.011067,-0.09144,-0.14357,-0.16613,-0.16477,-0.19812,-0.22312,-0.2021,-0.086654,0.032118,0.052438,-0.0052145,-0.085321,-0.14192,-0.11647,-0.039461,0.018548,0.0025116,-0.015889,0.0041825,0.0020514,-0.027884,-0.042918,-0.0698,0.034948,0.12732,-0.027589,-0.23021,-0.073713,0.09568,0.028806,-0.099917,-0.095933,-0.0097293,0.014965,0.00929,0.049837,0.11396,0.13784,0.10739,0.085672,-0.0095645,-0.032368,-0.081876,-0.043421,0.032707,0.054626,0.004222,-0.067022,-0.081031,-0.061457,-0.074097,-0.004608,0.094914,0.086823,0.074596,0.059684,0.031644,0.027258,0.044954,0.045383,0.042259,-0.0058059,0.013064,0.12461,0.13415,0.090865,0.17576,0.17748,-0.017964,-0.23235,-0.21272,-0.12777,-0.085097,-0.086554,-0.038894,-0.0068542,-0.019531,-0.048527,-0.059714,-0.056178,-0.072032,-0.093922,-0.081236,-0.064265,-0.10682,-0.064035,-0.002607,0.0068294,-0.0087971,-0.030338,-0.064753,0.0042387,0.092818,0.11193,0.099367,0.11411,0.081639,-0.0028012,0.046566,0.048263,0.036207,0.10891,0.052812,-0.066742,0.028777,-0.00028202,0.10084,0.043391,0.025057,0.15777,0.18483,0.14385,0.09342,0.021164,-0.010215,0.023132,0.017986,0.014718,0.058219,0.0050199,-0.034362,-0.0026699,0.08133,0.20767,0.27848,0.19613,0.053498,0.11641,0.16322,0.028499,-0.15615,-0.22654,-0.1102,0.089256,0.1122,0.13347,0.22231,0.16423,0.080098,0.060058,0.053162,0.093335,-0.025373,-0.16415,-0.17748,-0.14786,-0.17791,-0.19687,-0.17532,-0.1607,-0.15421,-0.15604,-0.080669,-0.062803,-0.071508,-0.082934,-0.056555,0.016141,0.048948,0.045205,-0.0089409,-0.041184,0.085472,0.19922,0.19469,0.18803
-0.014183,0.023264,0.032964,-0.10462,-0.15262,-0.096001,-0.057652,-0.050394,-0.0037455,0.029784,0.03897,0.041044,0.030268,0.018053,0.016062,0.0073515,0.0061721,0.0046183,0.0031662,-0.00066424,0.0031722,0.02507,0.045164,0.061574,0.04607,-0.10582,-0.38979,-0.55717,-0.37579,-0.32324,-0.4986,-0.33532,-0.06998,-0.043857,-0.15016,-0.16709,-0.15376,-0.19287,-0.17498,-0.1644,-0.12144,0.017976,0.19024,0.23088,0.17665,0.12487,0.086013,0.0451,0.0037763,0.07526,0.17006,0.10624,0.037041,-0.047579,-0.27254,-0.16723,0.011747,-0.051183,-0.13486,-0.095696,0.018596,0.013062,-0.072988,-0.12194,-0.12028,-0.052083,0.090397,0.040086,-0.075982,-0.054359,-0.054177,0.011616,0.054384,0.052344,0.016948,0.055591,0.11896,0.21785,0.25995,0.20868,0.090419,-0.034451,-0.042468,0.060109,0.091002,0.051734,0.021225,0.0030893,0.00014722,-0.00069562,0.0030695,0.019732,0.01857,-0.0067056,-0.036195,-0.059145,-0.050442,-0.032692,-0.031512,-0.030171,0.533,0.33952,0.16146,0.35005,0.30814,0.27355,0.20672,0.17143,0.16632,0.15099,0.132,0.13086,0.12264,0.08504,0.043556,0.030604,0.012697,-0.039401,-0.082195,-0.075424,-0.020115,0.011067,0.0044007,-0.0077571,-0.027592,-0.039533,-0.058248,-0.08708,-0.047013,0.038164,0.061022,0.20207,0.15043,-0.022019,0.072723,0.014693,-0.054138,0.023101,-0.044382,0.092032,-0.19147,-0.32509,-0.17853,-0.13675,-0.18349,-0.19677,-0.15143,-0.10466,-0.082397,-0.050667,-0.0018651,-0.027823,-0.11887,-0.014333,0.16579,0.20144,0.093182,-0.13722,-0.15676,-0.090102,0.046918,-0.0064652,-0.1616,-0.19957,-0.20881,-0.2061,0.0088041,0.52625,0.69501,0.4027,0.055179,0.023164,-0.02178,0.0048085,0.022486,0.053456,-0.10186,-0.27136,-0.28035,-0.21563,-0.10495,-0.0085066,-0.0030945,-0.090429,-0.17069,-0.11976,0.052598,0.10012,0.085222,0.061324,0.050417,0.027273,-0.038144,-0.087629,-0.12678,-0.16703,-0.18616,-0.16766,-0.13044,-0.10189
-0.35991,-0.28132,-0.058,-0.16322,-0.25785,-0.22787,-0.12298,-0.08667,-0.080501,-0.050512,-0.048259,-0.053477,-0.06296,-0.10891,-0.14489,-0.14637,-0.14626,-0.12986,-0.084056,-0.03604,-0.076632,-0.18111,-0.23943,-0.15744,0.033689,0.10591,-0.016826,-0.2492,-0.39123,-0.245,0.035039,0.25835,0.28787,-0.023865,-0.34043,-0.20682,-0.026057,-0.028301,-0.039529,-0.24066,-0.38295,0.0087936,0.31549,0.26461,0.18687,0.15077,0.11393,0.14107,0.16475,0.10492,0.052389,0.044433,0.016995,0.076689,0.2246,0.15383,0.026702,0.036971,0.091779,0.070944,0.010722,0.011158,0.017276,0.066215,0.1332,0.1369,0.1508,0.08836,-0.054398,-0.048523,0.018977,-0.051375,-0.15511,-0.13896,-0.13528,-0.067973,0.051563,0.15947,0.13724,-0.0047015,-0.10635,-0.097549,-0.10725,-0.1512,-0.14869,-0.061437,0.015445,0.0073754,-0.0023418,-0.0091875,-0.0047791,0.0063458,-0.0089248,-0.050357,-0.040221,-0.036045,-0.096646,-0.17871,-0.30658,-0.37767,-0.87314,-0.67073,-0.21101,0.17061,0.33994,0.36908,0.35429,0.27921,0.23375,0.25738,0.29509,0.31641,0.29275,0.22765,0.14101,0.038407,-0.01808,0.018852,0.057308,0.14266,0.15158,0.038214,-0.032705,-0.0055748,0.020376,0.00057033,0.0014739,0.011674,0.0023823,0.055281,0.13132,0.14524,0.14394,0.18042,0.22323,0.1223,-0.049599,-0.094325,-0.11279,-0.35757,-0.43118,-0.17381,0.037321,-0.067602,-0.17617,-0.13744,-0.030219,-0.001604,-0.036664,-0.05693,-0.066075,-0.11382,-0.15787,-0.18231,-0.21423,-0.12281,-0.013533,-0.11899,-0.13959,-0.1123,-0.20776,-0.24061,-0.017218,0.26348,0.37693,0.34571,0.22609,0.1728,0.2399,0.26053,0.22502,-0.013692,-0.050939,-0.097488,-0.14205,-0.086128,-0.051105,-0.048551,-0.0057916,0.081554,0.074087,0.038997,0.072614,0.1342,0.1191,0.025808,0.021552,0.056251,0.063189,0.056031,0.010584,-0.080868,-0.19021,-0.25161,-0.29965,-0.37713,-0.4643,-0.51303,-0.54443,-0.54862
0.2194,0.21574,0.14073,0.1755,0.14386,0.10907,0.055599,0.019199,0.031078,0.099249,0.13685,0.11346,0.069806,0.029081,-0.0015066,-0.0076786,0.00017656,-0.0089352,-0.0057833,0.074161,0.20331,0.26224,0.23094,0.18064,0.049903,-0.11478,-0.13596,-0.044568,0.04445,0.1495,0.24173,0.2278,0.13423,0.059282,0.054198,0.10215,0.13755,0.16969,0.19474,0.11069,-0.14065,-0.2852,-0.24058,-0.098613,-0.024453,-0.058113,-0.1097,-0.14676,-0.14587,-0.11084,-0.12003,-0.1031,-0.052897,0.042692,0.21771,0.1854,0.00047511,0.15276,0.24578,0.10406,-0.062013,-0.13868,-0.16476,-0.15691,-0.1269,-0.084341,0.043559,-0.093307,-0.33802,-0.14873,0.0071436,0.049679,0.074907,0.085848,0.1353,0.15564,-0.013073,-0.13101,-0.13294,-0.087503,-0.019096,0.036361,0.06235,0.047057,-0.062326,-0.024949,0.10248,0.099835,0.080642,0.046473,0.022327,0.053497,0.085362,0.090546,0.030078,-0.054302,-0.097178,-0.13239,-0.16937,-0.18813,0.51727,0.34322,-0.12022,-0.017767,0.020709,-0.034829,-0.072764,-0.047341,-0.049937,-0.059895,-0.061107,-0.079127,-0.090747,-0.095542,-0.091334,-0.085257,-0.10038,-0.13197,-0.13599,0.0027105,0.074415,0.041626,0.01348,-0.012983,0.060869,0.13334,0.13021,0.036496,-0.053106,0.0083936,0.097051,0.13899,0.1178,0.096977,0.10613,0.11373,0.13897,0.15004,0.1063,-0.073285,-0.24401,-0.26556,-0.24155,-0.13744,0.006712,0.035762,-0.042361,-0.066698,0.053424,0.15486,0.15367,0.11406,0.024798,-0.19425,-0.38443,-0.33011,0.037307,0.40743,0.37124,0.22919,0.11331,0.057694,0.015892,0.026518,0.036465,0.035101,0.21375,0.63697,0.77308,0.41531,-0.13882,-0.12362,-0.12957,-0.12534,-0.072454,-0.043215,-0.11209,-0.15294,-0.11559,-0.19829,-0.27954,-0.26875,-0.27332,-0.29336,-0.279,-0.21958,-0.11993,-0.11358,-0.10822,-0.061994,0.057764,0.15547,0.13693,0.10066,0.07343,0.010064,-0.077651,-0.10861,-0.089955,-0.066719
0.46523,0.39363,0.060761,0.0026089,-0.059952,-0.046727,0.013092,0.030367,0.032789,0.039857,0.030122,0.013321,-0.0067119,-0.020758,-0.029959,-0.038254,-0.035036,-0.030667,-0.048733,-0.040487,0.016674,0.050508,0.071448,0.071531,0.077483,0.13403,0.17849,0.12789,-0.016345,-0.26096,-0.35563,-0.16641,0.0216,-0.030793,-0.044171,-0.068969,-0.14403,-0.12623,-0.1369,-0.088436,-0.065563,-0.058093,-0.04222,0.048144,0.087449,0.085761,0.07945,0.021107,-0.0059719,0.02584,0.072899,0.085549,0.10445,0.090781,-0.41458,-0.41612,0.071426,0.058594,-0.29016,-0.3626,-0.16383,-0.17274,-0.14403,-0.10959,-0.069846,0.025098,0.13906,0.089974,-0.085204,-0.067627,0.031208,-0.022109,-0.12308,-0.021133,-0.021691,0.065355,0.095132,0.16655,0.2628,0.2489,0.13431,-0.1299,-0.27532,-0.20242,-0.13375,-0.15442,-0.07259,0.053772,0.042275,0.015144,-0.01004,-0.012488,-0.0041031,-0.00263,0.0092712,0.022531,0.012125,-0.0088611,0.055591,0.12908,0.22906,0.24419,-0.19109,-0.26856,-0.18764,-0.095351,0.0054842,0.072904,0.096708,0.10778,0.11688,0.1131,0.079585,0.045812,0.041992,0.050642,0.046038,0.023369,0.0323,-0.011479,-0.012703,0.020673,0.012709,-0.0032326,-0.026692,-0.035832,-0.038025,-0.019497,0.018481,0.00092108,-0.0013044,-0.037381,-0.11329,-0.026555,-0.053706,-0.11684,-0.032011,-0.040184,0.091287,-0.036739,-0.13015,-0.084682,-0.062516,-0.051804,-0.080078,-0.14133,-0.21732,-0.23447,-0.12628,-0.00064558,0.038146,-0.020239,-0.13668,-0.15988,0.55808,0.66681,0.096447,-0.14001,-0.58079,-0.62124,-0.28804,-0.33099,-0.22781,-0.12171,-0.081977,-0.0045505,0.079661,0.15332,0.26517,0.26889,0.20298,0.037659,0.037955,0.14786,0.18585,0.21096,0.10766,-0.023014,-0.051507,0.0010202,0.11748,0.22036,0.25834,0.21054,0.12289,0.025574,-0.019503,-0.018494,-0.0098701,0.037344,0.039872,-0.00084519,-0.023904,-0.013306,-0.02447,-0.058763,-0.034588,-0.0019978,0.021914,0.047605
0.31561,0.18765,-0.10322,0.051168,0.17125,0.12447,0.070396,0.032653,0.027562,0.066818,0.073594,0.054222,0.035928,0.020856,-0.00055874,0.019537,0.071449,0.069792,0.031612,0.012083,0.016399,-0.030982,-0.079463,-0.13386,-0.21538,-0.19761,-0.038049,0.0048531,-0.16293,-0.34375,-0.38342,-0.2543,-0.076241,-0.0035907,0.034438,0.066167,0.11524,0.11092,0.15821,0.22897,0.2739,0.25609,0.14644,0.0096191,-0.087908,-0.1508,-0.1835,-0.18193,-0.010417,0.17159,0.16084,0.072759,0.029823,0.088187,0.2013,0.18868,0.1498,0.23402,0.26383,0.10146,-0.13884,-0.19167,-0.11794,0.011273,0.095708,0.10397,0.066623,-0.01536,-0.09679,-0.12678,-0.1448,-0.063427,-0.19181,-0.34945,-0.28336,-0.16444,0.028686,0.11153,0.009504,-0.14992,-0.20306,-0.12529,-0.10162,-0.11603,-0.04585,0.042311,0.060589,0.047559,0.029913,0.013382,-0.0079722,0.036617,0.10661,0.099129,0.0077555,-0.037428,0.023139,0.049749,0.078484,0.10524,0.54839,0.45191,0.18386,-0.18582,-0.24114,-0.20576,-0.19264,-0.17701,-0.11097,-0.016166,0.033961,0.01957,-0.030089,-0.079136,-0.084198,-0.024655,0.010643,-0.046892,0.022983,0.01317,-0.085289,-0.082288,-0.055287,-0.075941,-0.095411,-0.093446,-0.093861,-0.091306,-0.072101,-0.091024,-0.088808,-0.033516,0.044552,0.022117,-0.066959,-0.080637,-0.1338,-0.12638,-0.059803,0.10112,0.26031,0.26734,0.13788,-0.05554,-0.23088,-0.36276,-0.37535,-0.17682,0.20154,0.51254,0.62625,0.50351,0.22786,-0.069917,-0.2153,-0.18398,-0.13348,-0.043179,-0.02153,-0.075831,-0.27546,-0.3465,-0.17227,0.040504,0.11408,0.056086,-0.065484,-0.10191,-0.0073219,0.17615,0.37286,0.42763,0.077109,-0.040353,0.016073,-0.056713,-0.12909,-0.11277,-0.01357,0.10503,0.11568,0.072058,0.075838,0.099733,0.062676,-0.048093,-0.088876,-0.059632,-0.053719,-0.048287,-0.043968,0.01006,0.041391,-0.0011291,0.13554,0.23571,0.21587,0.22968,0.26265,0.27362
0.076089,0.21363,0.35144,0.19183,0.072588,0.051187,-0.0088272,-0.072778,-0.066844,-0.033188,-0.00092381,0.0554,0.082122,0.049979,0.016407,-0.01818,-0.03815,-0.035586,-0.022024,-0.0059732,0.023928,0.078781,0.16295,0.21154,0.18282,0.15552,0.19828,0.24358,0.22532,0.25964,0.3895,0.35747,0.1907,0.067868,0.046909,0.0051271,-0.080917,-0.13238,-0.13277,-0.12074,-0.10297,-0.1518,-0.21378,-0.19756,-0.081052,-0.061874,-0.10662,-0.13108,-0.11617,-0.081755,0.0089306,0.068088,0.066091,0.092702,0.075365,-0.009325,-0.10106,0.042271,0.0010995,-0.050255,0.024516,0.015722,-0.011144,-0.05646,-0.17898,-0.27514,-0.2211,-0.0726,-0.207,-0.076707,0.14765,8.6413e-07,0.035286,0.21615,0.45087,0.38892,0.065683,-0.33816,-0.49387,-0.40258,-0.16367,0.088798,0.077223,-0.027383,-0.034587,0.034005,0.096129,0.086155,0.074344,0.042993,0.014868,0.02126,0.031695,0.013443,0.0026663,0.010915,0.023048,-0.0037173,-0.1152,-0.19024,0.34173,0.43869,0.55298,-0.073722,0.031192,0.059104,0.032946,0.018606,0.045532,0.019847,-0.04589,-0.081,-0.097406,-0.11654,-0.096261,-0.060049,-0.0098361,0.010336,-0.021236,-0.11605,-0.18711,-0.18848,-0.045724,0.055933,0.022812,0.054129,0.088897,0.079515,0.022712,0.0023276,0.09108,0.13549,0.16893,0.20057,0.2185,0.073088,-0.095456,-0.009461,-0.036187,0.11667,-0.012083,-0.1733,-0.21252,-0.22751,-0.078407,0.025567,-0.0097348,0.0070761,0.12883,0.20073,0.14455,0.056691,-0.011256,-0.016259,-0.10408,-0.1892,0.055668,0.35155,-0.015455,-0.22827,-0.0077906,0.21462,0.13677,-0.020912,-0.0033319,0.088548,-0.014556,0.25377,0.66858,0.64865,0.18478,-0.18376,-0.11538,-0.20439,-0.24808,-0.25728,-0.22227,-0.015084,0.09904,0.0081827,-0.14593,-0.21987,-0.16238,-0.084187,-0.13805,-0.16057,-0.07075,-0.048837,-0.05154,0.0096474,0.077222,0.065914,0.026047,0.030377,0.0072868,-0.048352,-0.083404,-0.11293,-0.15226,-0.16638
0.037243,0.025043,0.066663,0.082949,0.043313,-0.036793,-0.05125,0.01378,0.13576,0.23789,0.24072,0.19321,0.10711,0.026584,0.031179,0.070772,0.070306,0.055943,0.0455,0.033304,0.048505,0.25805,0.3947,0.29595,0.10498,-0.020326,-0.081457,-0.11667,-0.12117,0.00069,0.16958,0.12333,-0.043137,-0.039819,0.036739,0.046871,0.024451,0.05501,0.059727,0.058363,0.071258,0.063006,-0.0028506,-0.087712,-0.018766,0.078653,0.066468,0.026644,-0.03967,-0.049826,-0.10837,-0.21163,-0.23283,-0.17799,-0.50605,-0.47674,0.020109,0.21024,0.13708,0.033363,0.015816,0.0082771,0.015716,0.042496,-0.067909,-0.18315,-0.12924,-0.03929,0.013187,-0.019588,-0.06921,-0.060626,-0.0054221,0.0039686,-0.066977,-0.078989,-0.1927,-0.16999,-0.017047,0.074469,-0.0044734,-0.06599,-0.015038,0.0087064,-0.008466,-0.030371,0.0034636,0.039168,0.0097652,-0.00029803,-0.0049652,-0.013149,-0.040581,-0.089825,-0.12161,-0.10127,0.018555,0.27181,0.42017,0.47632,-0.24352,-0.1963,0.019956,-0.11516,-0.20127,-0.1432,-0.12214,-0.15873,-0.13868,-0.11469,-0.15636,-0.15714,-0.11696,-0.043083,0.043082,0.070153,-0.0035449,-0.013225,-0.028252,-0.16055,-0.25369,-0.067925,0.068662,0.05061,0.058833,0.070647,0.1022,0.14733,0.16508,0.14941,0.1628,0.20276,0.15031,0.14346,0.090778,-0.012029,0.040143,0.011302,0.025711,0.049355,0.090928,0.14452,0.12006,0.045582,0.031376,0.10644,0.12711,0.0071602,-0.1167,-0.099991,0.026787,0.11653,0.00027329,-0.15642,0.24948,0.40387,0.19092,0.11873,-0.0032117,-0.025701,0.053435,0.19945,0.28897,0.20235,0.11235,0.10533,0.1068,0.11092,0.11484,-0.019174,-0.098989,-0.058766,-0.00746,-0.0024032,-0.0085293,0.055431,0.018803,-0.072942,-0.14298,-0.1653,-0.18017,-0.20447,-0.22084,-0.17038,-0.12468,-0.26471,-0.19438,0.040895,0.10236,0.11411,0.037161,-0.11408,-0.27488,-0.35875,-0.36404,-0.29425,-0.1602,0.15731,0.30866,0.29371
0.077474,0.098629,0.099688,0.091078,0.039916,0.0041235,0.021558,0.053437,0.078175,0.097772,0.096207,0.078477,0.031935,-0.011261,-0.025434,-0.028679,-0.022683,-0.01284,0.017386,0.093012,0.16113,0.15622,0.091376,0.013623,-0.089726,-0.13819,-0.054131,0.063092,0.005296,-0.19879,-0.27462,-0.26274,-0.16632,-0.027433,-0.010651,0.059972,0.069924,0.044221,-0.014919,-0.029749,-0.016397,-0.021917,-0.061103,-0.11526,0.02335,0.10232,0.062536,0.054142,0.02445,0.0081345,0.011432,5.3252e-05,-0.098889,-0.14281,0.048025,0.026398,-0.086945,0.08468,0.26745,0.11944,0.098276,0.17108,0.12302,0.046835,0.016949,0.026246,0.012828,0.033193,0.013033,0.018505,0.10094,0.18303,0.11796,-0.013593,-0.053939,-0.018501,-0.25854,-0.39029,-0.30296,-0.15297,-0.051113,0.045744,0.12371,0.038821,0.014616,0.098024,0.10859,0.091573,0.057741,0.022253,-0.0084863,-0.063572,-0.051414,0.017916,0.03351,0.025324,0.0081631,-0.024825,-0.12271,-0.19405,0.48142,0.28834,-0.10388,0.09168,0.0067734,-0.061779,0.0041504,0.050822,0.046748,0.030418,0.0099228,-0.0073023,0.011032,0.064797,0.10393,0.10306,0.059579,0.014076,0.063042,0.121,0.090376,0.036988,0.0046421,0.033339,0.059419,0.0080588,-0.035974,-0.046443,-0.041708,-0.033144,-0.0047544,0.047941,-0.027024,-0.11539,-0.053249,-0.072092,-0.059161,-0.12762,-0.12335,-0.044011,-0.0021564,0.063669,0.088645,0.087054,0.22153,0.27455,0.17654,0.062278,-0.0214,-0.034335,-0.019137,-0.058403,-0.090091,-0.14072,-0.31897,-0.28183,-0.089595,0.27607,0.50326,0.47759,0.3535,0.19411,0.0077623,-0.050017,-0.0074104,-0.072938,-0.13601,-0.015969,0.17209,0.28705,0.31652,0.15909,-0.078745,-0.12393,-0.026787,0.04197,0.080307,0.13298,0.1062,-0.076419,-0.17023,-0.22063,-0.28135,-0.26372,-0.1471,-0.10866,-0.14587,-0.11644,-0.085339,-0.041945,-0.032402,-0.02957,-0.0071751,0.039891,0.01459,-0.055514,-0.11924,-0.1536,-0.12516,-0.082932
-0.025237,-0.07585,-0.049582,-0.12183,0.39403,0.59687,0.056458,-0.19223,0.07369,0.12427,-0.051045,-0.19283,-0.24174,-0.25062,-0.2427,-0.14277,-0.037584,-0.047147,-0.050533,-0.036974,0.097033,0.28609,0.34906,0.16214,-0.04929,-0.065664,0.076199,0.13134,0.0075388,-0.1175,-0.10906,-0.044297,-0.022051,-0.062736,-0.023511,-0.014202,-0.014461,0.0036117,-0.055065,-0.1136,-0.11219,-0.088018,-0.018877,0.013946,-0.004155,-0.003223,0.080231,0.11448,0.073332,0.14209,0.20768,0.15948,0.13799,0.065313,-0.081511,-0.066469,-0.16214,-0.045141,0.015773,0.054039,0.029802,0.05351,0.084947,0.035873,-0.01959,0.017533,-0.015262,-0.14053,-0.085415,-0.1344,-0.20882,-0.17979,-0.20176,-0.099768,-0.1075,-0.11889,-0.008603,0.1072,-0.057897,-0.26297,-0.25375,-0.078369,0.12544,0.1709,0.057373,-0.017707,-0.055953,-0.051016,-0.075665,-0.067363,-0.027806,-0.031795,-0.037635,-0.03586,-0.00099448,-0.01162,-0.066981,0.013993,0.24219,0.35899,0.1031,0.037478,0.13097,0.31026,-0.041984,-0.21412,0.070096,0.40207,-0.096708,-0.22443,-0.022818,0.12327,0.22479,0.22087,0.1286,0.011149,-0.055582,-0.089225,-0.10965,-0.17515,-0.025799,0.10993,0.094956,0.064917,0.027323,0.0041686,-0.053745,-0.090059,-0.046378,0.00014396,0.066152,-0.010697,-0.11901,-0.03407,-0.032979,-0.055619,-0.060685,-0.066195,-0.10499,-0.096905,-0.11769,-0.16413,-0.069279,-0.0013865,0.016035,-0.00081545,-0.017553,-0.073683,-0.10121,-0.01485,0.050625,-0.07929,-0.28422,-0.28634,-0.16769,-0.15139,0.13084,0.015536,-0.099554,-0.048141,-0.0058926,0.018134,-0.013001,-0.1739,-0.32505,-0.33743,-0.10121,0.21856,0.13108,0.0063924,-0.1028,0.02318,0.0378,0.11115,0.040515,-0.023672,0.024423,0.032265,0.046,0.12857,0.13382,0.0058821,0.0094293,0.15611,0.3712,0.49665,0.45809,0.29382,0.097428,0.019934,-0.042209,-0.11739,-0.13453,-0.067637,-0.010463,0.0081774,0.078539,0.17667,0.22417,0.23276
0.18228,-0.012909,-0.15982,0.10419,0.23441,0.11993,0.04036,0.018789,0.005284,-0.010853,-0.01866,0.053096,0.10077,0.048206,0.0040579,-0.02032,-0.011891,-0.010869,-0.011979,-0.037532,-0.077657,-0.048619,0.089944,0.26578,0.23942,0.037866,-0.054561,0.013395,0.1667,0.31145,0.18955,-0.096397,-0.11006,0.058621,0.22217,0.25051,0.12768,-0.0026597,-0.048092,-0.053634,0.0079447,0.014275,-0.069734,0.030958,0.10459,0.012784,-0.040403,-0.027758,-0.053908,-0.072465,-0.035981,0.0053666,-0.014287,0.001128,0.099648,0.015818,-0.14857,-0.052951,0.051908,0.095121,0.053044,0.035876,0.035931,-0.0016698,-0.076861,-0.17166,-0.13711,-0.093107,-0.11547,-0.12796,-0.13342,-0.082611,-0.061097,0.042125,-0.029746,-0.12986,-0.08895,-0.18068,-0.28061,-0.33688,-0.37425,-0.18853,0.013052,-0.010689,0.047951,0.11203,0.071409,0.05521,0.064806,0.081777,0.076085,0.064085,0.078179,0.10674,0.12021,0.033686,-0.05165,0.02397,0.21424,0.33149,0.085999,0.11528,0.099296,-0.23636,-0.29521,-0.25542,-0.20456,-0.16079,-0.145,-0.13348,-0.15495,-0.1523,-0.12423,-0.10245,-0.040153,0.025008,0.0679,0.12772,0.12588,0.079523,0.039842,0.022266,0.042069,0.03577,0.00238,0.020342,0.053517,0.01703,-0.017498,0.025507,-0.011081,-0.1297,-0.084104,-0.017479,-0.0093888,0.0046477,-0.012133,-0.006806,0.070372,0.16688,0.3686,0.40395,0.32184,0.21607,0.18186,0.19963,0.11835,-0.076965,-0.1692,-0.12863,-0.058394,0.008689,0.015663,-0.041394,-0.1044,-0.15873,-0.13735,0.14685,0.21894,0.038293,-0.19414,-0.2514,-0.26214,-0.26836,-0.26367,-0.34498,-0.52438,-0.51226,-0.30405,-0.27445,-0.072734,0.090079,0.1279,0.19434,0.11415,0.078448,0.1612,0.14158,0.12734,0.2601,0.35288,0.1468,-0.056584,-0.067897,0.013838,0.040021,0.014753,0.060979,0.091964,0.11201,0.059158,0.038614,0.064799,0.083316,0.048883,0.16632,0.24856,0.24575,0.27512,0.28402
0.24274,0.13104,-0.016037,0.19738,0.185,0.039676,-0.020442,-0.010195,0.013644,0.022504,0.0071723,-0.024968,0.0036611,0.035016,-0.0022597,-0.022163,-0.021648,-0.018755,-0.025627,-0.010708,0.013651,0.038829,0.11721,0.14413,0.080918,0.020016,0.0093198,0.041589,0.10349,0.18954,0.28717,0.32251,0.26001,0.12437,0.013489,-0.038432,-0.040446,-0.043644,-0.067474,-0.052207,0.0095974,0.015928,-0.068336,-0.083103,-0.094065,-0.17512,-0.0088933,0.16098,0.085755,-0.027911,-0.023705,0.0068858,-0.060531,-0.017898,0.25092,0.23481,0.01351,0.087931,0.19074,0.018763,0.02943,0.14803,0.13673,0.067345,-0.015295,-0.0075178,-0.06329,-0.11235,-0.04021,-0.090208,-0.1511,-0.094694,-0.058533,0.057228,0.030001,-0.034442,0.022969,-0.014677,-0.064132,0.040358,0.24275,0.23457,-0.026341,-0.15725,-0.13055,-0.055142,0.032247,0.064028,0.044896,0.016954,-0.0092971,-0.0040442,-0.060174,-0.11997,-0.086688,-0.044993,-0.0072046,0.033039,0.12859,0.2147,0.089136,0.13855,-0.091544,-0.2926,-0.2376,-0.1685,-0.13809,-0.14082,-0.15387,-0.16964,-0.18415,-0.19407,-0.15519,-0.067845,0.0076164,0.064143,0.056521,0.010516,0.022511,-0.018048,-0.043743,-0.019649,-0.016665,-0.029135,-0.057513,-0.054131,-0.035741,-0.034506,-0.044909,-0.0093218,0.080839,0.11776,0.13635,0.083042,0.010819,0.075198,0.053728,0.042723,0.11368,0.2041,0.40416,0.43559,0.35136,0.25917,0.17204,0.10075,0.15311,0.16324,0.021565,-0.088529,-0.069703,-0.0041445,-0.0076942,-0.23936,-0.55962,-0.60421,-0.26773,0.23399,0.42758,0.3588,0.12573,0.012916,0.0032096,-0.018598,-0.062337,-0.1183,-0.044092,0.064999,-0.0053898,-0.063293,-0.062725,0.088334,0.11427,0.17845,0.099782,0.043286,0.097279,0.082961,0.060761,-0.15735,-0.35254,-0.30743,-0.10492,0.074409,0.013621,-0.11221,-0.11438,-0.073381,-0.06051,-0.0077069,0.055337,0.095035,0.1602,0.19358,0.16912,0.13883,0.11086,0.17543,0.25931,0.27671
0.28562,0.1786,0.050308,0.098439,-0.0097188,-0.10851,-0.10976,-0.081975,-0.043682,-0.016784,-0.025409,-0.010178,-0.0045701,-0.026013,-0.028449,-0.029078,-0.025105,-0.043599,-0.027644,0.037546,0.038836,-0.011261,0.0034768,0.081468,0.11845,0.09531,0.12302,0.18024,0.13998,0.013814,-0.1428,-0.31744,-0.36993,-0.2325,-0.074154,-0.12801,-0.091047,-0.11297,-0.021516,0.080368,0.12917,0.133,0.061483,0.083635,0.10283,0.085572,0.086249,0.042623,0.0036111,0.10373,0.20245,0.11866,0.056966,0.13132,0.12063,0.040496,-0.0033163,0.031328,0.15055,0.22376,0.10828,0.0071588,-0.025694,-0.0040497,0.037929,-0.010465,-0.01925,-0.0020879,-0.042469,-0.028759,-0.1056,-0.20895,-0.1223,-0.12689,-0.023944,-0.082801,-0.090217,0.03242,-0.081804,-0.24484,-0.23609,-0.0649,0.066207,0.051264,0.025974,0.018968,-0.0060316,-0.035641,-0.023161,0.00096126,-0.014118,-0.013129,-0.0094783,-0.024777,-0.12319,-0.19427,-0.15753,-0.096023,0.045917,0.14645,0.17645,0.14247,-0.37337,-0.33262,-0.19972,-0.055647,0.040334,0.054953,0.050071,0.038567,0.044228,0.078126,0.12328,0.13658,0.12372,0.081319,0.026645,0.048669,0.086143,0.016484,-0.03123,-0.033977,-0.042951,-0.042733,-0.062329,-0.064143,-0.062863,-0.074479,-0.062015,-0.020852,0.011042,-0.00019558,0.059358,-0.012414,-0.19391,-0.13837,-0.11308,0.010701,0.043882,0.12859,0.25727,0.30638,0.28983,0.21832,0.13956,0.07613,0.028345,-0.054119,-0.08651,0.01231,0.11677,0.079465,-0.097509,-0.17507,-0.038676,-0.033238,-0.1958,-0.058069,0.098225,0.052123,-0.22906,-0.35585,-0.15701,0.12696,0.15521,-0.02021,-0.25969,-0.29523,-0.12278,-0.030783,-0.013417,-0.048548,0.10891,0.1333,0.18449,0.16113,0.15534,0.16898,0.13305,0.16677,0.18166,0.05791,-0.019218,0.039167,0.078686,-0.07109,-0.12881,-0.066671,-0.012903,0.030651,0.026561,0.00081541,-0.028397,-0.048317,-0.049523,-0.03875,-0.023583,0.013543,0.089079,0.13251
0.25929,0.22807,0.16388,0.25616,0.24782,0.20843,0.17764,0.145,0.081622,0.037495,0.036917,0.034742,0.010226,0.013242,0.015349,-0.016522,-0.028846,-0.030561,-0.01746,0.010289,0.048524,0.058379,0.033187,-0.03675,-0.099697,-0.064286,-0.0087325,-0.0082033,-0.042763,-0.08015,-0.10957,-0.23552,-0.2949,-0.18405,-0.10165,-0.079283,-0.052059,-0.034681,-0.030186,0.0088886,0.062904,0.056681,0.010828,0.037395,0.059406,0.009089,-0.033579,-0.023069,0.0070541,0.054105,0.093251,0.055604,0.092812,0.17263,0.045776,-0.077461,0.013644,-0.0091926,0.0055105,0.065839,0.016342,-0.024005,0.0081384,0.044212,0.037031,0.0018654,-0.11906,-0.1996,-0.15523,-0.14197,-0.068162,-0.024964,-0.016398,-0.030119,-0.081808,-0.046963,0.045918,0.21804,0.3098,0.25172,0.12333,0.02773,-0.033553,-0.048671,-0.064623,-0.081858,-0.062596,-0.047865,-0.022924,-0.0022845,-0.015144,-0.014273,-0.014751,-0.035008,-0.1222,-0.18929,-0.14795,-0.11882,-0.1747,-0.22374,0.12667,0.20355,0.30868,-0.044588,-0.010657,-0.0078844,-0.015292,-0.0097612,-0.015716,-0.036148,-0.061313,-0.10698,-0.15189,-0.1502,-0.09148,-0.042512,-0.030921,-0.048451,-0.061111,-0.069598,-0.0011778,0.048396,0.028776,0.039244,0.053095,0.005351,-0.038975,-0.033024,-0.038629,-0.019308,0.031746,0.035863,0.0864,0.034628,-0.08696,-0.080101,-0.049053,-0.096375,-0.11046,-0.073182,-0.064061,0.0015323,-0.0068495,-0.051689,-0.10548,-0.15258,-0.12991,-0.060156,0.0053415,0.11046,0.23021,0.23512,0.13853,0.055018,0.080996,0.090282,-0.040442,-0.14141,-0.099709,-0.10189,-0.22412,-0.25859,-0.14407,0.012555,0.031555,-0.095509,-0.09573,0.043356,0.082375,0.18014,0.26656,0.1587,0.069931,0.021946,-0.015533,0.036292,0.01752,-0.063454,-0.089552,-0.018533,0.10129,0.19952,0.14224,0.050308,0.050012,-0.081693,-0.2163,-0.14338,-0.01279,0.038114,0.038246,0.015968,-0.030371,-0.070411,-0.049292,-0.028312,-0.016728,0.0069496,0.0078791,0.01072
0.26342,-0.10327,-0.15508,0.047458,0.089924,-0.019653,-0.047639,-0.0071216,0.033998,0.13046,0.21143,0.19139,0.13991,0.049047,0.0038806,0.010946,0.026429,0.040954,0.070415,0.09765,-0.07223,-0.35842,-0.3477,-0.03818,0.20156,0.19867,0.081297,0.0037796,0.012981,0.047299,0.073399,0.074692,0.035687,-0.05081,-0.10644,-0.053471,0.015966,0.048432,0.051718,0.033162,0.06414,0.076294,0.033135,0.1532,0.22763,0.1542,0.10443,0.068099,0.066504,0.098681,0.068794,0.0024973,-0.14046,-0.1713,0.069595,0.052162,-0.12808,0.076623,0.27622,0.096555,0.024224,0.075862,-0.036673,-0.15,-0.16086,-0.21912,-0.22129,-0.082871,-0.031279,-0.050863,-0.060597,-0.036601,-0.049229,-0.075656,-0.14338,-0.2374,-0.13819,-0.056178,0.042251,0.1112,0.048787,-0.0073053,0.0040275,0.014637,0.038653,0.01722,-0.021811,-0.017777,-0.025972,-0.020831,-0.016648,-0.011761,0.0088279,0.029474,0.04102,0.069662,0.12233,0.19951,0.35778,0.44062,0.043868,-0.094834,-0.39365,-0.30261,-0.21913,-0.16232,-0.14955,-0.16917,-0.19832,-0.13557,-0.058614,-0.081077,-0.074666,0.046689,0.20145,0.23186,0.17385,0.091121,0.11592,0.06938,0.045835,0.013101,0.01647,0.064746,0.0016782,-0.040179,0.00055177,0.058198,0.047083,0.068031,0.14601,0.051115,-0.071285,0.012276,0.10112,0.069056,-0.0018467,-0.036148,-0.099872,-0.023833,0.052825,0.097932,0.11674,0.16403,0.1852,0.10252,-0.002225,-0.0079052,0.091355,0.16327,0.10817,-0.027594,-0.12049,-0.264,-0.50026,-0.47398,-0.067188,0.46516,0.60852,0.51041,0.18859,-0.022782,-0.13626,-0.21385,-0.23424,-0.12674,0.010339,-0.13014,-0.23129,-0.1894,-0.14441,-0.046893,0.024389,0.046294,0.077307,0.11923,0.18734,-0.0026502,-0.22576,-0.22863,-0.18648,-0.15635,-0.15121,-0.1755,-0.11296,-0.060167,0.0076586,0.14896,0.16866,0.12431,0.025995,-0.066617,-0.075012,-0.044428,-0.066558,-0.087346,0.18621,0.3848,0.36721,0.34994
0.20303,0.090624,-0.041579,0.18669,0.15667,0.10288,0.19898,0.34043,0.41797,0.40037,0.28994,0.20603,0.17217,0.1367,0.11296,0.10342,0.094064,0.10156,0.10234,0.1087,0.13646,0.15708,0.12629,0.12454,0.18743,0.17932,0.020778,-0.058205,0.10457,-0.16543,-0.72837,-0.59765,-0.23586,-0.046612,-0.03466,0.033963,0.037517,0.029199,0.029323,0.055812,0.10789,0.091894,0.019752,-0.066585,0.0010832,-0.005371,-0.1132,-0.12564,-0.10578,-0.12025,-0.21579,-0.12198,0.041162,0.091565,-0.070063,-0.18754,-0.056095,0.10122,-0.037799,-0.16611,-0.059605,-0.0068988,-0.023804,-0.098302,-0.11343,-0.070843,-0.040067,0.049679,0.12218,0.15551,0.20349,0.12218,0.038211,0.024172,-0.058094,-0.058623,-0.22179,-0.28508,-0.20179,-0.11766,-0.037459,0.068348,0.092717,0.022906,-0.093056,-0.06928,0.0094758,-0.014282,-0.031512,-0.039527,-0.044795,-0.039462,-0.041467,-0.078504,-0.13228,-0.187,-0.18278,0.29329,0.75419,0.82657,0.22618,0.23347,-0.077543,-0.31914,-0.2602,-0.12028,-0.057924,-0.13637,-0.20016,-0.23147,-0.20568,-0.083973,0.014128,0.014155,0.055228,0.049313,0.065061,0.063245,-0.02089,0.047146,0.091593,0.05199,0.025684,0.0048898,0.0425,0.069166,0.11074,0.16333,0.16298,0.065726,-0.25184,-0.010016,0.10793,-0.036707,0.033551,-0.036706,-0.075689,-0.0765,-0.03704,0.071039,0.12381,0.16347,0.1348,0.068043,0.092253,0.15799,0.1809,0.20225,0.24821,0.17042,0.001078,-0.091672,-0.14634,-0.12543,0.075969,0.23377,0.31595,0.14304,-0.012018,-0.057574,0.11148,0.27644,0.16892,-0.055398,-0.1149,0.074062,0.26909,0.15483,0.053733,0.065913,0.084875,0.01981,0.039053,0.0043393,-0.027839,0.027156,-0.0024036,-0.038815,-0.059859,-0.19001,-0.28266,-0.29511,-0.29891,-0.29193,-0.26748,-0.18516,-0.0080534,0.065812,0.10865,0.12783,0.085811,0.021998,-0.041825,-0.12723,-0.2639,-0.40704,-0.44478,-0.010413,0.18014,0.18793
0.18965,0.077611,-0.11987,-0.064583,0.059639,0.063002,0.034866,0.0020306,0.044254,0.1606,0.27232,0.33969,0.32082,0.22486,0.15205,0.15229,0.164,0.19803,0.19082,0.24039,0.33779,0.10855,-0.2334,-0.030287,0.26709,0.22409,0.15302,0.13735,0.13088,-0.028905,-0.29878,-0.19833,0.11216,0.16505,0.17426,0.17181,0.17506,0.18394,0.16576,0.12919,-0.0022109,-0.14796,-0.15535,-0.096148,-0.048251,-0.070976,-0.072532,-0.12663,-0.21903,-0.17518,-0.14831,-0.17188,-0.16792,-0.13245,-0.20734,-0.16798,0.031636,0.059661,0.021448,0.0046938,-0.0088355,-0.037587,-0.044128,-0.08453,-0.11433,-0.098242,-0.069803,0.0097377,0.045737,-0.019867,-0.062535,-0.051168,-0.022097,-0.046447,-0.11262,-0.076886,-0.17829,-0.22075,-0.16017,-0.15529,-0.1487,-0.012505,0.091433,0.068666,-0.023125,-0.07304,-0.073587,-0.019862,0.07241,0.11751,0.099023,0.03643,-0.0092858,0.061688,0.1674,0.16873,0.18889,0.14638,0.060374,0.017498,0.22557,0.30274,0.35353,-0.1266,-0.217,-0.14502,-0.067532,-0.03646,-0.00020694,-0.05264,-0.19448,-0.31061,-0.37682,-0.37042,-0.18662,0.026457,0.081331,0.099681,0.0025861,0.14753,0.23265,0.12238,0.0068639,0.019137,-0.0051759,-0.038522,0.026032,0.10582,0.14039,0.14257,0.081216,8.6842e-05,-0.065262,-0.0071757,0.036193,0.054615,0.053524,0.021385,0.025162,0.02062,-0.12322,-0.22831,-0.23258,-0.18669,-0.072289,0.022676,-0.020869,-0.13747,-0.10119,0.049822,0.10685,0.039838,-0.11351,0.0016619,0.14099,0.13993,-0.020165,-0.1136,-0.10925,-0.052939,0.065202,0.13697,0.085099,0.14085,0.24202,0.21478,0.11464,0.028437,0.079171,0.05407,0.037101,0.023335,0.01952,-0.005138,-0.024693,0.03064,-0.031,-0.090042,-0.087772,-0.10193,-0.11746,-0.10777,-0.090239,-0.093082,-0.063757,-0.061341,-0.033497,-0.032866,-0.13935,-0.25994,-0.31344,-0.26938,-0.13155,0.01137,0.030373,-0.044223,0.11944,0.22987,0.18611,0.18044
0.30453,0.32618,0.28785,0.21772,0.11311,0.048593,-0.022283,-0.081645,-0.068121,-0.025409,0.017249,0.032362,0.032716,0.031775,-0.00069671,-0.022781,-0.023941,-0.019151,-0.0093216,0.056901,0.14036,0.13384,0.056944,-0.048549,-0.09288,-0.060094,-0.095023,-0.23625,-0.35383,-0.31683,-0.19244,-0.16509,-0.18846,-0.13526,-0.071516,-0.049591,0.017327,0.047752,0.10897,0.16072,0.20733,0.20759,0.138,0.039005,-0.045594,-0.10857,-0.15042,-0.059354,0.0722,0.126,0.10228,0.040276,-0.038129,-0.15462,-0.27922,-0.35407,-0.15477,0.069422,0.17632,0.20417,0.098797,0.018882,0.039483,0.20041,0.25832,0.13627,0.0097292,-0.069841,-0.10365,-0.1356,-0.17049,-0.14809,-0.21716,-0.15558,-0.25177,-0.30144,-0.15711,-0.035476,0.023037,0.040096,0.047919,0.095313,0.052762,-0.054693,-0.048204,0.044245,0.1006,0.086581,0.061989,0.031117,-0.0023381,0.0080699,0.041601,0.050484,0.077808,0.022358,-0.039169,-0.011301,0.011391,0.026843,0.031534,0.043224,-0.20544,-0.11415,-0.02685,-0.069081,-0.12393,-0.071631,-0.070467,-0.11395,-0.1163,-0.10078,-0.10042,-0.073446,-0.026519,0.028833,0.04305,0.017632,0.04708,0.032273,-0.03631,-0.029529,-0.015946,-0.052965,-0.072106,-0.078889,-0.077619,-0.068962,-0.078688,-0.058885,0.020868,0.027408,0.033858,0.03004,-0.017403,0.017241,0.0063752,0.0094899,-0.032575,0.015898,0.16937,0.22972,0.16968,0.034995,-0.098821,-0.21508,-0.23742,-0.10928,0.13132,0.26716,0.22415,0.10668,0.028577,0.198,0.26687,0.32223,0.34774,0.10483,-0.0045668,-0.050682,-0.1667,-0.32978,-0.22893,0.12363,0.19248,-0.14668,-0.30738,-0.21342,-0.18101,-0.21256,-0.086291,0.064673,0.08597,0.16411,0.15346,0.14638,0.19288,0.087971,-0.022332,0.0074498,-0.01111,-0.04725,0.0033838,0.075855,0.012218,-0.12045,-0.13106,-0.10728,-0.094081,-0.064878,-0.051707,-0.03382,-0.015515,-0.007738,-0.0099515,0.1572,0.26294,0.24258,0.2434,0.25524
0.52445,0.373,0.046533,0.014002,0.014713,0.057715,0.10191,0.043037,-0.059206,-0.045606,0.0193,-0.023995,-0.009426,0.072304,0.065307,0.060212,0.065441,0.051335,0.034028,0.032755,0.043453,0.10261,0.42874,0.69479,0.7174,0.45049,0.19345,0.11842,0.13281,0.1876,0.0842,-0.17285,-0.20474,-0.055816,-0.021204,0.063414,0.077525,0.066382,0.036657,0.081234,0.15448,0.14124,0.055223,-0.052998,-0.068298,-0.0861,-0.1199,-0.13311,-0.13467,-0.13414,-0.085847,-0.019858,-0.0029752,-0.13819,-0.28484,-0.13334,0.11749,0.17522,0.072737,0.011072,-0.0044959,-0.024424,-0.0097052,0.060438,0.093778,-0.056392,-0.17622,-0.064313,-0.026462,-0.050301,-0.087219,-0.11,-0.030327,-0.079896,-0.007769,-0.33342,-0.48514,-0.2038,0.10956,-0.032322,-0.18778,-0.12424,-0.029671,0.030544,-0.0022397,0.023811,0.076337,0.053765,0.035289,-0.10826,-0.20602,-0.21424,-0.25729,-0.21184,-0.14323,-0.12952,0.019705,0.29338,0.50716,0.57317,0.48235,0.3032,-0.11642,0.10745,-0.070163,-0.22372,-0.23444,-0.20356,-0.11966,-0.14278,-0.24624,-0.23705,-0.065757,0.10175,0.088639,0.088639,0.05073,-0.049781,-0.075743,-0.14244,-0.23098,-0.23681,0.0040252,0.11945,0.031595,0.12121,0.23999,0.26479,0.14492,0.042183,0.10857,0.10181,-0.011113,-0.09186,-0.026039,-0.035441,-0.0068612,-0.02259,0.03775,0.17826,0.24834,0.26936,0.22545,0.1542,0.20712,0.23762,0.10847,0.020971,0.064861,0.089791,-0.015289,-0.10611,-0.026424,0.18127,0.19681,0.074739,-0.14753,-0.074867,-0.10029,-0.094795,-0.04263,0.0059041,0.078055,0.20558,0.20925,0.14003,0.055821,-0.10424,-0.18102,-0.10152,-0.055569,0.012406,0.15877,0.15606,0.20124,0.11204,0.11488,0.012725,-0.20021,-0.20543,-0.17227,-0.18283,-0.14853,-0.11787,-0.14534,-0.12486,-0.0099039,0.0527,0.090189,0.26753,0.39238,0.20199,-0.16147,-0.35964,-0.40064,-0.34497,-0.19135,-0.050493,-0.032572,-0.045701
0.1151,0.10957,0.11897,0.16536,0.14359,0.017239,-0.09648,-0.086799,-0.035702,0.0082306,0.072641,0.1246,0.038767,0.014257,0.081773,0.069001,0.042304,0.043026,0.089253,0.13698,0.16257,0.13837,0.007371,-0.12408,0.070199,0.29243,0.15222,-0.020449,0.038002,0.048179,-0.046277,-0.11075,-0.10172,0.01584,0.083289,0.071807,0.052327,0.0070725,0.043024,0.079943,0.074836,0.041652,0.0014992,-0.025133,-0.044344,-0.080421,-0.12127,-0.047963,0.066491,0.1466,0.16211,0.13558,0.1576,0.13925,0.17453,0.16383,-0.068042,0.052815,0.21491,0.036278,-0.25444,-0.19058,-0.053308,-0.065088,-0.053701,0.011129,-0.057839,-0.12299,-0.041304,-0.026419,-0.0091238,0.0015471,0.029248,0.042212,-0.043894,-0.088594,-0.14224,-0.10788,0.01764,0.070162,0.020219,-0.025962,-0.01047,0.020406,0.036503,0.0011544,-0.012655,0.0176,0.012292,0.00060197,-0.015647,-0.009753,-0.021641,-0.040602,-0.039757,-0.085686,-0.062968,0.089731,0.24624,0.31371,-0.23109,-0.16548,0.069352,-0.12033,-0.21571,-0.15336,-0.086559,-0.081791,-0.11099,-0.15727,-0.25713,-0.36232,-0.33823,-0.13737,0.051025,0.024184,0.0069554,-0.0019824,-0.021633,-0.10024,0.066938,0.21244,0.16254,0.11876,0.11221,0.052518,0.068164,0.11566,0.13359,0.12011,0.11374,0.14804,0.12034,0.0285,-0.031708,0.0014633,-0.03364,-0.030957,-0.0054137,0.0028062,0.061657,-0.016891,-0.096556,-0.1069,-0.11108,-0.1397,-0.15343,-0.12861,0.037773,0.2685,0.37749,0.18329,-0.12093,-0.38398,-0.6042,-0.62269,-0.23367,0.34883,0.58493,0.51002,0.27827,0.16623,0.12882,0.038572,0.0039894,0.047626,0.0094166,-0.20322,-0.40855,-0.42835,-0.28569,-0.15923,-0.0597,0.0056001,0.052218,0.1151,0.090747,-0.053512,-0.17321,-0.1661,-0.090095,-0.04659,-0.064101,-0.096738,-0.058599,-0.043402,-0.03344,0.0195,0.010448,0.027767,0.053705,0.070929,0.11226,0.13693,0.077328,0.05007,0.089392,0.14132,0.16627,0.17012
0.093397,0.1142,0.1619,0.0057602,-0.086272,-0.007729,0.072984,0.05893,0.03778,0.047094,0.030138,0.072771,0.14854,0.15783,0.12481,0.053397,0.043523,0.097957,0.10221,0.12421,0.14742,0.093542,-0.016894,0.058908,0.17662,0.15736,0.092278,0.056607,0.086383,-0.013673,-0.31243,-0.49511,-0.41284,-0.16069,0.0072658,-0.011519,0.024281,0.052839,0.041563,0.0081184,-0.034945,-0.049669,-0.016182,0.0098354,-0.030518,-0.10668,-0.054095,0.021448,-0.028898,-0.093589,-0.11659,-0.099903,0.056781,0.0036081,-0.24294,-0.12049,0.024994,-0.018837,-0.18029,-0.18297,-0.018508,0.016827,0.0052769,-0.018017,-0.054719,-0.025672,-0.035332,-0.072492,-0.041474,-0.026331,-0.017556,-0.0069003,0.020196,0.031645,0.032884,-0.012768,0.073137,-0.010626,-0.095445,-0.074466,-0.046706,0.00025998,0.064274,0.097527,0.085224,0.0079002,-0.021808,0.020902,0.048957,0.070482,0.058383,0.022184,0.014443,0.042585,0.060306,0.088502,0.096858,0.00221,-0.11021,-0.14711,0.11955,0.018273,0.095048,0.04161,-0.0689,-0.051361,-0.070779,-0.053971,-0.033526,-0.044646,-0.04419,-0.062072,-0.157,-0.25904,-0.28592,-0.23594,-0.098546,-0.011782,-0.062652,0.042639,0.092572,0.032321,-0.014545,0.0014612,0.0042895,-0.031753,-0.041444,-0.027741,-0.0042588,0.016455,-0.043597,-0.083665,0.055498,0.096304,0.0094409,0.063337,0.051058,0.0033348,0.014726,-0.0024203,0.015936,-0.029688,-0.015889,0.11984,0.19489,0.19424,0.1364,0.01815,-0.080605,-0.1229,-0.13636,-0.065219,0.075795,0.26656,0.38374,0.22184,-0.030655,-0.12622,-0.20752,-0.18692,-0.041149,0.064863,0.065832,-0.0055058,-0.10476,-0.13467,-0.025337,0.16092,0.1745,0.25088,0.19361,0.12142,0.11947,0.081611,0.060075,0.034053,0.078509,0.0033213,-0.072751,-0.053305,-0.036031,-0.051703,-0.098446,-0.14047,-0.094117,-0.040892,-0.005469,0.020811,-0.070446,-0.1624,-0.23531,-0.25331,-0.15031,-0.03258,-0.036099,-0.064799,0.084854,0.16731,0.12125,0.12262
0.21933,0.11383,-0.11799,0.093585,0.16093,0.053932,0.0037343,0.028463,0.071657,0.11173,0.12851,0.11624,0.10024,0.095316,0.082163,0.045858,0.028573,0.035413,0.038942,0.078479,0.16386,0.17446,0.044944,-0.023391,0.061598,0.1148,0.038088,-0.03035,0.068001,0.30505,0.47814,0.41258,0.21732,0.056433,-0.038313,-0.087613,-0.071184,-0.054751,-0.064412,-0.072692,-0.019819,-0.0030464,-0.030727,-0.085996,-0.14941,-0.091271,-0.035491,-0.065872,-0.081105,-0.092482,-0.055712,0.01308,0.0074558,-0.046497,-0.05538,0.049802,0.020036,-0.067691,-0.045353,0.028396,0.01281,-0.040917,-0.08628,-0.16775,-0.17277,-0.14542,-0.10713,-0.037327,-0.022952,-0.0033466,0.09173,0.020595,-0.087922,-0.074159,-0.090414,-0.028316,-0.13534,-0.25537,-0.25914,-0.085188,0.045818,0.05794,0.12615,0.15509,0.097248,0.013252,-0.014571,-0.0073939,0.0080309,0.023434,0.0027193,-0.0049692,0.0023579,0.012428,-0.015699,-0.05075,-0.032205,-0.014022,-0.014083,-0.014829,0.5504,0.45301,0.052715,-0.25875,-0.23644,-0.17159,-0.041529,0.071656,0.052067,0.011652,-0.035098,-0.063876,-0.014127,0.054401,0.047297,0.066795,0.059395,0.0023866,-0.054261,0.012394,0.056952,0.016349,-0.029235,-0.057952,0.0015885,0.038321,0.033704,0.050858,0.00064283,-0.025702,0.053752,0.10619,0.14649,0.099662,0.02795,0.095409,0.051891,-0.0046879,-0.042306,-0.027755,0.075076,0.082049,0.11131,0.10067,0.047838,0.0399,0.038318,-0.013473,-0.094717,-0.12241,-0.012754,0.16936,0.16468,0.066274,-0.012206,-0.11693,-0.19626,-0.17915,-0.1174,0.010403,0.13425,0.13554,-0.051217,-0.21339,-0.23367,-0.085516,0.14321,0.20472,0.25301,0.29816,0.21748,-0.0080726,-0.023782,-0.021389,-0.029386,0.024668,-0.033266,-0.023967,0.052849,-0.11433,-0.22,-0.1515,-0.13547,-0.17528,-0.099112,-0.056336,-0.12265,-0.12752,-0.091794,-0.054954,-0.069301,-0.064042,-0.023847,0.027323,0.032054,-0.0049356,-0.03422,-0.034859,-0.019516,-0.0017406
-0.28425,-0.14059,0.068392,0.19523,0.16372,0.14669,0.14482,0.073082,-0.0024812,-0.01949,0.037325,0.11773,0.14593,0.15001,0.11435,0.031175,0.017733,0.07642,0.087765,0.13295,0.18916,0.17089,0.015133,-0.093991,-0.088641,-0.040673,0.011147,0.041316,0.027619,0.011332,0.0045881,-0.046551,-0.062481,-0.028992,-0.019796,0.045107,0.053543,0.03615,-0.0069196,0.0011331,-0.013124,-0.043089,-0.066699,-0.018967,-0.0023114,-0.065262,-0.11838,-0.13886,-0.12145,-0.044411,-0.022955,-0.012171,0.046292,0.005417,-0.16018,-0.1549,-0.027715,-0.052238,0.032118,0.13396,0.14431,0.11297,0.0092329,-0.11384,-0.060293,-0.076297,-0.14938,-0.17516,-0.18076,-0.10101,0.06336,-0.026024,-0.11433,-0.009849,0.2116,0.34318,-0.11138,-0.43739,-0.3402,-0.12175,-0.043171,0.018879,0.12164,0.098788,-0.04426,-0.17413,-0.12471,-0.0044262,0.019769,0.040218,0.033599,0.0041811,0.026382,0.088694,0.16652,0.21392,0.18885,0.10544,0.0096791,-0.032294,0.44755,0.32521,0.074477,-0.047731,-0.021325,-0.016191,-0.020029,-0.0337,-0.014866,0.01312,-0.011272,-0.096062,-0.21738,-0.31074,-0.33797,-0.28149,-0.14391,-0.04885,-0.080757,0.075249,0.14988,0.094645,0.023193,-0.034022,-0.041068,-0.048407,-0.05992,-0.058458,-0.029237,0.031723,0.043266,0.014814,-0.053733,-0.09838,-0.033888,-0.035916,0.0037963,-0.041474,-0.031758,-0.054982,-0.12835,-0.10106,-0.10362,-0.050742,0.039625,0.061428,0.045324,0.072896,0.15631,0.055585,-0.087511,-0.076362,0.0087324,0.13049,0.22218,0.2461,0.16461,-0.17516,-0.15624,-0.017869,0.1483,0.22306,0.017444,-0.17656,-0.14121,0.032528,0.32588,0.42506,0.41621,0.37691,0.075589,-0.28432,-0.2918,-0.2024,-0.097471,-0.026166,0.13137,0.40698,0.21911,-0.11803,-0.19898,-0.11877,-0.080262,-0.078696,0.017738,0.064685,0.089047,0.1002,0.011376,-0.078319,-0.14099,-0.056646,0.091761,0.16586,0.16954,0.116,0.030291,-0.00018804,0.0067546,0.00696
0.024086,0.10352,0.18071,0.21676,0.19543,0.20729,0.23029,0.20836,0.13473,0.060985,0.00051344,-0.098653,-0.19248,-0.22145,-0.22233,-0.22308,-0.23036,-0.24655,-0.22171,-0.10303,0.030531,0.07636,0.102,0.11621,0.036162,-0.047797,0.03113,0.17097,0.30712,0.42104,0.34233,0.10672,-0.053549,-0.087934,-0.059724,-0.11607,-0.080569,-0.10526,-0.057253,-0.049321,-0.060678,-0.0067554,0.043639,0.012206,-0.035117,-0.084603,-0.01941,0.044997,0.011838,-0.028596,-0.05759,-0.085018,-0.091815,-0.10557,-0.14734,-0.051521,0.02413,-0.09252,-0.20242,-0.17725,-0.13368,-0.089885,-0.020155,0.04985,0.10266,0.11264,0.095489,0.08016,0.063876,0.066225,0.11141,0.11621,0.10329,0.027637,-0.058041,-0.035398,0.02109,0.20607,0.41931,0.51002,0.4396,0.2841,0.17079,0.10759,0.040561,-0.036629,-0.042823,-0.0058429,-0.0056423,-0.006335,-0.014087,-0.007679,-0.018629,-0.088658,-0.16489,-0.21987,-0.23299,-0.17135,-0.020868,0.097169,-0.41855,-0.21397,-0.1492,-0.10406,-0.034086,-0.016935,-0.032571,-0.040408,-0.055751,-0.052108,0.007032,0.049711,0.097835,0.16116,0.16812,0.11438,0.019203,-0.057309,-0.026272,0.024763,0.027338,0.045971,0.065624,0.05113,0.097708,0.14255,0.12198,0.028878,-0.047563,0.020715,-0.020071,-0.16068,-0.13328,-0.15148,-0.18855,-0.14507,-0.15396,-0.051626,-0.15771,-0.19369,-0.095391,-0.046084,-0.0083398,-0.01626,-0.059884,-0.097347,-0.081723,-0.048189,-0.025015,-0.047417,-0.083435,-0.09728,-0.10423,-0.024613,0.098815,0.13296,0.045398,-0.14256,-0.15873,-0.08673,0.026021,0.060882,0.13417,0.25543,0.30978,0.29293,0.19556,0.070418,0.086062,0.14141,0.077345,-0.10054,-0.16729,-0.11256,-0.0076895,0.041706,-0.019272,-0.20119,-0.3129,-0.28725,-0.20364,-0.11677,-0.019971,0.054638,0.076125,0.035571,0.044961,0.094463,0.074883,0.054719,0.038042,0.048094,0.12052,0.17209,0.086075,-0.045355,-0.088426,-0.027535,0.029705,0.03696
-0.41832,-0.49018,-0.39701,-0.31451,-0.32415,-0.15187,0.14065,0.1703,0.088668,0.016095,-0.018339,-0.12572,-0.23792,-0.261,-0.2687,-0.28243,-0.24393,-0.17569,-0.12025,-0.10084,-0.20542,-0.32528,-0.33724,-0.30211,-0.24395,-0.043251,0.20815,0.20006,-0.047222,-0.15678,0.0090887,0.14969,0.12673,0.12984,0.10013,0.13051,0.15619,0.1365,0.11636,0.05611,0.060954,0.18051,0.23092,0.13217,0.09006,0.11759,0.082924,0.023011,0.041338,0.027524,-0.026686,-0.072343,-0.089298,0.041702,0.23416,0.2268,-0.0279,-0.42584,-0.30101,-0.013347,0.064021,0.17253,0.28332,0.32435,0.13588,-0.04215,-0.014126,0.020499,0.096529,0.13422,0.031272,-0.11048,-0.036326,-0.083491,-0.0084928,-0.036371,-0.0072211,0.11456,0.12418,-0.016032,-0.13952,-0.084232,0.11422,0.3221,0.33023,0.47129,0.38617,0.0013182,0.013799,0.0035739,-0.026965,-0.032366,-0.016452,-0.032996,-0.047401,-0.010775,0.07559,0.10469,0.052674,0.012041,0.038795,-0.0093149,-0.062822,-0.12853,-0.09141,-0.038978,-0.054289,-0.066312,-0.0057497,0.064507,0.094308,0.050323,0.0082726,0.0019968,-0.023278,-0.045572,-0.047936,0.013477,0.082985,0.013945,-0.077549,-0.10434,-0.098901,-0.064796,-0.028473,-0.016717,-0.06843,-0.0717,-0.004179,0.058217,-0.0086958,-0.1439,-0.11997,-0.068291,-0.010067,0.015278,0.035279,0.071086,-0.042666,-0.11544,-0.037462,-0.10882,-0.22877,-0.35475,-0.44287,-0.37359,-0.16764,0.045316,0.16703,0.21911,0.25896,0.2525,0.10866,-0.15818,-0.31522,-0.28007,-0.62752,-0.64462,-0.47884,-0.35201,-0.26892,-0.03676,0.34569,0.37081,0.10691,0.01207,0.10224,0.13134,0.047064,0.044593,0.011864,-0.0098663,0.12771,0.12135,0.16325,0.065656,-0.01548,-0.01645,0.012138,0.14055,0.25529,0.2362,0.11185,-0.026904,-0.075486,1.7702,1.7091,-0.0010368,-0.07873,-0.095498,-0.084469,-0.021767,0.0092136,-0.027891,-0.082018,-0.085604,-0.050843,-0.050292,-0.061234,-0.058806
-0.25262,-0.28937,-0.2101,-0.26617,-0.19837,-0.073056,-0.032013,-0.059834,-0.12364,-0.18187,-0.20142,-0.20389,-0.20286,-0.1577,-0.11314,-0.12102,-0.12029,-0.090177,-0.013853,0.048374,0.047068,-0.015486,-0.066448,-0.04061,-0.045805,-0.15908,-0.19721,0.03149,0.3094,0.40232,0.36685,0.28013,0.09839,-0.017956,-0.093283,-0.17001,-0.16187,-0.18809,-0.056452,0.0097084,0.052821,0.088774,0.13229,0.17071,0.14181,0.078378,0.045298,0.035187,0.039759,0.037574,0.034331,0.032848,0.11294,0.080618,-0.03954,-0.0092138,0.093487,0.1705,0.20696,0.14425,0.010733,-0.047216,-0.050659,-0.04438,-0.004016,0.097612,0.0031775,-0.13377,-0.044129,-0.024599,-0.0085816,-0.068491,-0.099942,-0.015233,-0.067616,-0.0066362,-0.090329,-0.11965,-0.042462,0.0023935,0.0056883,-0.013551,-0.11368,-0.16591,-0.14849,-0.17649,-0.20361,-0.076681,0.077223,0.090579,0.073853,0.03354,0.032296,0.074702,0.12736,0.15208,0.10137,-0.0084074,-0.12736,-0.18497,-0.16738,-0.14635,0.091366,0.21139,0.14615,0.091978,0.050014,0.050845,0.093642,0.15763,0.2414,0.23008,0.13639,0.074824,0.065992,0.043097,0.021237,0.056149,0.11155,0.13834,0.10626,0.044192,0.016728,0.015355,0.0072125,-0.029475,-0.057029,-0.079383,-0.10646,-0.1488,-0.15716,-0.10393,-0.069725,-0.1062,-0.15343,-0.096817,-0.070092,0.045699,-0.10535,-0.17618,-0.053393,0.042711,0.043669,-0.057446,-0.19015,-0.31125,-0.2992,-0.12551,0.018503,0.028737,0.033459,0.012858,0.072775,0.27967,0.36059,0.25435,0.041395,-0.0083572,0.0034167,-0.055536,-0.23431,-0.30113,-0.24461,-0.23711,-0.25363,-0.20345,-0.15721,-0.23511,-0.41408,-0.41895,-0.28006,-0.10186,0.061804,0.17466,0.22623,0.26511,0.23219,0.19746,0.19089,0.1787,0.19697,0.24071,0.23006,0.19078,0.1843,0.12029,0.092359,0.084113,0.0020185,-0.070512,-0.12258,-0.087985,0.006641,0.082791,0.096995,0.047438,0.017337,-0.015838,-0.062954,-0.066003
-0.032919,-0.077246,-0.030428,-0.037767,-0.026792,-0.031495,-0.038497,-0.023972,0.0078958,-0.020927,-0.088154,-0.12951,-0.17406,-0.19686,-0.088712,0.032287,0.037977,0.049615,0.079579,0.095851,0.024417,-0.074742,-0.097282,-0.09588,-0.096869,-0.057051,-0.015628,-0.050481,-0.13165,-0.059082,0.1381,0.24371,0.19751,0.032857,-0.10237,-0.12118,-0.084193,8.1579e-06,0.013422,-0.0078563,-0.02363,-0.010559,-0.01237,0.054004,0.077726,0.074612,0.076283,0.035841,-0.012144,-0.016053,-0.0014904,0.013414,-0.023566,-0.08084,0.00015501,0.073169,0.035951,-0.10761,-0.10472,-0.0012338,-0.025316,-0.079188,-0.09342,-0.074149,-0.031015,0.023845,0.036797,0.010145,0.013226,0.047901,0.032154,0.0082676,0.029045,-0.012545,-0.001205,0.0099588,0.10625,0.25954,0.29027,0.20186,0.0087688,-0.049157,0.067384,0.087786,-0.023503,-0.084594,-0.079856,-0.034477,0.0079612,0.0060477,-0.0029485,-0.0019915,0.0032141,-0.016597,-0.0039541,0.028265,0.029652,0.0090714,-0.039258,-0.066302,-0.1114,-0.10532,-0.011969,0.072302,0.078889,0.042168,0.016758,0.029801,0.022964,-0.0039012,-0.0003378,0.045918,0.08883,0.095212,0.063232,0.034235,0.00013558,-0.01647,0.084571,0.13082,0.045605,-0.033122,-0.048292,-0.062747,-0.082993,-0.093442,-0.10064,-0.090244,-0.06249,-0.0056338,0.083178,0.12531,0.14949,0.19041,0.1243,0.048176,0.086533,0.010698,-0.027233,-0.10603,-0.11889,-0.03134,0.0091062,0.034004,0.021681,0.028863,0.032832,-0.024967,-0.074316,-0.07379,-0.074381,-0.075629,-0.044705,0.021309,0.025902,0.015226,-0.10209,-0.17969,-0.11147,-0.031873,-0.038681,-0.07605,-0.057624,-0.043338,-0.042679,-0.037312,-0.082073,-0.16139,-0.22159,-0.18057,-0.12093,-0.078472,-0.008793,0.00049052,0.047931,0.020208,-0.01325,-0.035479,-0.034754,0.056566,0.099417,0.060308,0.0033216,-0.019208,0.045779,0.063389,0.064047,0.08698,0.084861,0.067482,0.041993,0.0091017,-0.011778,0.054618,0.10268,0.070881,0.015088,-0.02141,-0.03158,-0.023034
-0.10256,-0.082745,-0.062318,-0.24937,-0.27057,-0.20578,-0.0933,-0.031299,-0.068458,-0.12736,-0.15704,-0.17086,-0.18468,-0.1007,-0.0029862,-0.0077994,-0.0073618,-0.011469,-0.034391,-0.082086,-0.15511,-0.19044,-0.07591,-0.0020193,-0.11044,-0.1631,-0.097411,-0.016725,-0.032598,-0.081442,0.038659,0.23673,0.39329,0.45151,0.34709,0.15265,0.01924,-0.0080567,0.015975,0.046685,0.0094163,0.0093185,-0.005042,-0.042095,-0.11055,-0.074799,0.043174,0.06396,0.030696,0.061293,0.054715,0.023533,0.034606,0.038485,0.090545,0.11746,-0.015712,0.06823,0.10469,-0.066159,-0.10373,-0.070886,-0.062395,0.028598,0.093925,0.11172,0.16824,0.23945,0.28863,0.18194,0.029604,0.058004,0.024878,-0.012301,-0.061271,-0.081076,0.034519,0.052111,0.09482,0.32407,0.47019,0.34522,0.09587,-0.014336,0.0095616,-0.034281,-0.12938,-0.17116,-0.17957,-0.13475,-0.10003,-0.063554,-0.026159,-0.041272,-0.021424,0.025218,0.060953,0.019394,-0.062754,-0.089127,0.069629,0.13454,0.39087,0.34512,0.2412,0.18942,0.15025,0.07587,0.02065,0.051717,0.10612,0.10825,0.065711,0.049682,0.079556,0.074605,0.037801,-0.017895,0.0026201,0.019743,-0.041249,-0.082874,-0.043762,-0.033485,-0.067361,-0.078022,-0.07419,-0.074805,-0.1064,-0.15362,-0.11812,-0.088329,-0.14458,-0.17163,-0.085569,0.058121,0.2076,0.3198,0.37667,0.1941,0.046697,0.063606,0.077941,0.095768,0.046103,0.043645,-0.059913,-0.19612,-0.13863,0.023481,0.069218,0.0059801,-0.02011,-0.040654,-0.16355,-0.25622,-0.048666,0.26065,0.27371,0.16848,-0.028889,-0.1881,-0.12075,0.065141,0.14301,0.11526,0.15706,0.25377,0.24859,0.1227,0.015521,0.052762,0.017462,0.014197,0.021902,0.04829,0.094193,0.045144,-0.11358,-0.23229,-0.2167,-0.14124,-0.11058,-0.14178,-0.13755,-0.14128,-0.083876,0.016919,0.01605,-0.00029754,-0.01585,-0.042969,-0.077728,-0.095965,-0.084757,-0.065926,-0.066004,-0.051165,-0.027773,-0.017036
-0.53127,-0.49343,-0.30886,-0.38897,-0.35834,-0.18629,-0.059472,-0.063638,-0.078008,-0.04915,-0.016753,-0.015331,-0.0079827,-0.00031894,-0.017639,-0.03132,-0.035564,-0.034575,-0.046425,-0.063258,-0.038169,0.024092,0.064479,0.064048,-0.016012,-0.11027,0.014657,0.34972,0.42981,-0.024423,-0.5235,-0.4341,-0.10488,0.033429,-0.035417,-0.051552,-0.07208,-0.13097,-0.1555,-0.15794,-0.15535,-0.16544,-0.14132,-0.083003,-0.05284,0.05884,0.1314,0.10905,0.12779,0.14916,0.079525,-0.0039913,0.007365,0.042079,0.068755,-0.007385,-0.046762,-0.073233,0.10693,0.15228,0.18214,0.27165,0.26414,0.25364,0.19279,-0.053432,-0.21514,-0.089431,-0.087341,-0.16538,-0.16419,-0.1847,-0.079176,-0.060838,-0.053161,0.011364,0.0066505,-0.033778,-0.10781,-0.040282,0.12702,0.064704,-0.074526,-0.023789,0.074324,0.070584,0.048916,0.049666,0.043361,0.085449,0.13219,0.12858,0.13484,0.13201,0.08535,0.079276,0.10289,0.028257,-0.16295,-0.29201,-0.4677,-0.40905,-0.0045975,0.29534,0.27139,0.16052,0.052032,0.040433,0.094352,0.077994,0.01522,-0.029363,-0.025642,-0.00013726,0.0009274,-0.0076576,-0.023756,-0.03089,0.0070905,0.016388,-0.0075575,-0.013407,-0.013892,-0.028549,0.01586,0.060237,0.068827,-0.0031194,-0.0015733,0.03196,-0.20228,-0.10653,-0.0097532,-0.052083,0.028621,-0.050802,-0.13728,-0.059652,-0.10338,0.048329,-0.07045,-0.19564,-0.16748,-0.11901,-0.060902,0.0074475,0.053191,0.072315,0.013139,-0.027056,-0.0078936,-0.027812,-0.04877,0.0096011,0.046328,0.033249,-0.2694,-0.27228,-0.07378,0.045616,-0.043482,-0.04278,0.22311,0.31446,0.042651,-0.05644,-0.0012926,-0.17709,-0.30421,-0.27645,-0.15801,-0.077307,0.082197,0.022877,-0.027196,0.0175,-0.011371,-0.012639,0.045443,0.0016657,-0.065918,-0.0231,0.064299,0.1405,0.15185,0.0088835,-0.055728,-0.051591,-0.068585,-0.027138,-0.0063056,-0.059031,-0.065969,-0.069298,0.1207,0.24682,0.19563,0.1177,0.02559,-0.021994
-0.033401,-0.089918,-0.14405,-0.27209,-0.2473,-0.11192,-0.020183,0.0028816,0.036582,0.061097,0.057101,0.035131,0.013728,0.004684,-0.0011229,-0.0033519,0.0066315,-0.029827,-0.11812,-0.15312,-0.1305,-0.11114,-0.10364,-0.1082,-0.080094,-0.028,0.0183,0.0099048,-0.032454,-0.033755,-0.022294,-0.086467,-0.16349,-0.17809,-0.1129,-0.076781,-0.14424,-0.11731,-0.12689,-0.015097,0.098929,0.13671,0.12516,0.060276,0.040725,0.024316,0.036129,0.056769,0.021657,0.0058552,-0.0085265,-0.010355,0.0070962,0.034868,0.037842,-0.027339,-0.034397,-0.042562,0.023794,0.045286,0.012233,0.037709,0.08233,0.12276,0.21405,0.27256,0.24463,0.25288,0.24821,0.046134,-0.14374,-0.083097,-0.054338,0.048275,-0.069029,-0.1584,-0.047169,0.09925,-0.0013201,-0.17178,-0.17646,0.039138,0.29968,0.33243,-0.09404,-0.31795,-0.27147,-0.12353,-0.1186,-0.065487,0.01186,0.012449,0.025416,0.017808,0.049109,0.066899,0.027392,-0.019112,-0.11514,-0.17575,0.080054,0.057464,0.13145,0.24794,0.21162,0.13487,0.094777,0.097869,0.093475,0.081253,0.07673,0.07949,0.071358,0.056145,0.066456,0.096418,0.098901,0.094413,0.13034,0.083707,0.0094702,-0.0013608,-0.0013129,-0.0076504,-0.0080049,-0.019622,-0.032798,-0.023472,0.0067102,0.059186,-0.01646,-0.1513,-0.109,-0.0068348,-0.044472,-0.14514,-0.063268,-0.077362,0.056667,-0.0054969,-0.032503,0.070861,0.13249,0.10941,0.026901,-0.050518,-0.063995,-0.059895,-0.049503,-0.040288,-0.029323,0.0068528,0.060907,0.054682,0.046488,0.022395,-0.12185,-0.17729,-0.12264,-0.032433,0.044572,0.084033,0.058782,0.014954,0.065992,0.13894,0.039822,0.0017587,0.21242,0.2041,0.026338,0.17515,0.17445,0.22563,0.11105,0.037088,0.065689,0.051804,-0.02667,-0.019365,0.0248,-0.077415,-0.19184,-0.1973,0.28075,0.52547,0.080267,-0.24012,-0.28359,-0.15411,-0.0028684,0.025486,0.031318,0.017253,-0.087738,-0.22497,-0.30201,-0.33261,-0.34838,-0.34776
-0.60819,-0.41671,-0.11397,-0.16084,-0.26094,-0.20941,-0.070961,-0.10952,-0.16109,-0.10964,-0.076399,-0.058805,-0.057747,-0.050404,-0.025856,0.018752,0.073776,0.092988,0.033077,-0.12483,-0.31922,-0.45996,-0.43376,-0.19682,0.015611,-0.015747,-0.065842,-0.07366,0.0048165,0.18311,0.34519,0.34965,0.2468,0.12704,0.060227,-0.0018413,-0.018659,-0.0089653,0.027243,0.079132,0.12536,0.13106,0.064729,0.090265,0.11841,0.05299,0.0046172,0.032023,0.10759,0.15501,0.12426,0.044891,-0.018332,-0.067157,-0.046689,-0.074666,-0.19362,-0.10629,-0.27338,-0.26274,0.15455,0.42076,0.53892,0.43877,0.22995,0.22502,0.099611,-0.043067,-0.0024762,0.021801,0.019692,0.005597,0.032098,0.048248,-0.023311,-0.15967,-0.11395,-0.094244,-0.060196,0.16737,0.31601,0.1576,0.022296,-0.036747,-0.033416,-0.047418,-0.099455,-0.074549,-0.041453,-0.040862,-0.04515,-0.047904,-0.055522,-0.02736,0.046492,0.046486,-0.020306,-0.14766,-0.32149,-0.41032,1.4648,1.0315,0.35789,0.54017,0.68786,0.61195,0.51455,0.41685,0.36448,0.35708,0.30721,0.23255,0.14544,0.12121,0.214,0.31967,0.3321,0.24351,0.15016,0.029935,-0.13658,-0.24771,-0.21106,-0.18182,-0.22395,-0.23737,-0.24028,-0.2311,-0.21415,-0.23175,-0.22727,-0.18999,-0.17068,-0.096741,-0.06996,-0.047553,-0.020744,0.015782,0.019229,0.052971,0.1811,0.23038,0.21269,0.10296,-0.0075439,-0.08275,-0.10809,-0.035263,0.14667,0.24712,0.17676,-0.01498,-0.16174,-0.14463,-0.16219,-0.10482,0.2455,-0.10885,-0.39222,-0.43521,-0.20276,0.12428,0.3361,0.28757,0.015859,-0.081749,-0.05211,0.063759,0.085463,0.14896,0.071681,0.013921,0.058304,0.049787,0.04413,0.060706,0.13483,0.088629,-0.20065,-0.43373,-0.43354,-0.3462,-0.29204,-0.28144,-0.15414,-0.039214,-0.043549,0.02863,0.05537,0.019859,-0.059201,-0.14985,-0.17361,-0.030663,0.072584,0.016212,-0.09297,-0.20953,-0.3032,-0.33149
0.16745,0.098576,0.19287,0.40599,0.2739,0.051603,-0.023073,-0.022602,-0.0098421,0.0076542,-0.01705,-0.063181,-0.093721,-0.058108,-0.016699,-0.034412,-0.057876,-0.073942,-0.042013,0.043436,0.10811,0.12271,0.095108,0.044836,-0.055608,-0.09264,-0.0042282,0.057846,-0.044573,-0.18261,-0.13076,-0.0049135,0.029679,-0.040744,-0.025911,-0.00067845,-0.067435,-0.05724,-0.079149,-0.033962,0.013798,-0.030317,-0.019591,0.038259,0.0027642,-0.076432,-0.12859,-0.13272,-0.052878,-0.065671,-0.087401,-0.064324,-0.069158,-0.10413,-0.18025,-0.18667,-0.092268,-0.17128,-0.14513,0.04968,0.063677,-0.0052559,-0.004968,0.08291,0.16753,0.18434,0.06674,-0.034819,0.00074654,0.02417,-0.0048971,-0.064963,-0.031777,-0.030607,0.018135,0.058057,0.08267,0.029421,-0.00061296,0.074428,0.18536,0.14573,-0.065088,-0.15004,0.004817,0.17039,0.18802,0.17169,0.12159,0.061216,0.049016,0.077858,0.074646,0.066853,0.5464,0.41539,-0.12455,-0.096338,-0.006241,0.043211,0.20724,0.1509,-0.4505,-0.38806,-0.2644,-0.13825,-0.046076,-0.028403,-0.021441,-0.032662,-0.010203,0.032598,0.016569,-0.038356,-0.086411,-0.14322,-0.18585,-0.16141,-0.076414,0.045428,0.078552,0.045705,0.020815,-0.0028237,-0.019856,-0.027142,-0.03739,-0.037061,0.010363,0.060238,0.12912,0.038663,-0.10682,-0.030896,-0.087279,-0.20399,-0.13988,-0.17999,-0.04868,-0.049598,-0.065066,-0.048078,-0.057865,0.057561,0.2192,0.24804,0.21107,0.20165,0.0011716,-0.20787,-0.25085,-0.14854,0.013528,0.085306,0.095846,0.11319,0.066975,-0.17983,-0.14186,0.053114,0.16231,0.07492,0.047426,0.1943,0.37023,0.40183,0.30894,0.21899,0.14576,0.14981,0.031638,-0.047764,-0.11216,-0.19564,-0.13311,-0.083037,-0.023859,-0.011469,-0.030233,-0.096185,-0.15264,-0.085359,0.054095,0.12336,0.051661,-0.14615,-0.26638,-0.25278,-0.22674,-0.18006,-0.10735,-0.051079,-0.071637,0.10214,0.60647,0.5248,0.0901,0.085414,0.1429,0.17654
-0.03445,-0.092532,-0.10904,0.10398,0.11019,0.027078,0.029783,0.037345,0.024267,0.010216,-0.0031664,-0.0021435,0.010203,0.023727,0.01539,-0.019221,-0.04825,-0.047772,-0.050027,-0.13218,-0.23354,-0.30467,-0.36601,-0.36676,-0.21038,-0.01699,0.022311,-0.018274,-0.040019,0.015937,0.095693,0.053231,-0.072158,-0.1368,-0.088941,-0.035045,-0.10336,-0.09342,-0.12174,-0.12406,-0.13095,-0.11887,-0.064458,-0.040843,-0.047629,0.06537,0.12791,0.11464,0.073027,0.0073589,0.037326,0.057906,0.049114,0.016297,-0.11505,-0.30278,-0.28034,-0.11616,-0.49973,-0.45925,0.0077962,0.18483,0.17185,0.10802,0.12713,0.23283,0.17309,0.047205,0.045748,0.089456,0.046703,0.042865,0.032936,-0.088622,-0.09028,-0.081588,0.041052,-0.26008,-0.41203,-0.12861,0.24876,0.30676,0.27722,0.19115,0.095776,0.012312,-0.038296,-0.046865,-0.04362,-0.033758,-0.026942,-0.0095712,0.035128,0.1128,0.18844,0.057466,-0.15159,-0.1747,-0.019984,0.088093,0.19397,0.23893,0.25941,-0.19596,-0.2347,-0.14574,-0.031298,0.037598,0.080762,0.12616,0.14415,0.10212,-0.011374,-0.13004,-0.18516,-0.17565,-0.12213,-0.04685,0.031983,-0.0085203,-0.10414,-0.15409,-0.17997,-0.1673,-0.092726,-0.062593,-0.066133,-0.052042,-0.026305,-0.018663,-0.057175,-0.093996,-0.067034,0.01768,-0.04446,-0.18149,-0.12373,-0.19784,-0.089516,-0.21775,-0.29789,-0.22891,-0.18179,-0.1849,-0.20705,-0.055795,0.15648,0.19378,0.041178,-0.04574,0.028334,0.11798,0.12049,0.13666,0.20054,0.3556,0.65537,-0.018748,-0.40162,-0.45893,-0.25055,0.016028,0.014514,-0.13382,-0.14894,-0.053612,-0.080688,-0.20272,-0.31542,-0.26107,-0.09611,0.1001,0.10458,0.030177,0.049588,0.089192,0.15556,0.46807,0.50425,0.17417,0.014975,0.044382,0.070626,0.093238,0.11454,0.10727,0.18229,0.27293,0.27008,0.18963,0.040782,-0.03947,0.021583,0.14333,0.17886,0.15441,0.059718,0.016623,0.11707,0.17304
0.15382,0.053889,-0.048448,0.25647,0.30679,0.046627,-0.11221,-0.056144,0.033724,0.092132,0.12213,0.077129,0.067624,0.10641,0.089722,0.082798,0.095432,0.088061,0.031697,-0.032888,-0.055624,-0.089951,-0.15115,-0.14753,-0.046639,0.017081,0.010423,0.044658,0.087657,0.046867,-0.019875,0.014254,0.051494,-0.028205,-0.045901,-0.076088,-0.063975,-0.030608,0.025775,0.082158,0.1033,0.1121,0.069456,-0.0057406,-0.050439,-0.089792,-0.12934,-0.13174,-0.13758,-0.14114,-0.10986,-0.093098,-0.076871,-0.0029543,0.08418,0.072341,0.04086,0.1555,0.1179,-0.041912,-0.096854,-0.079396,-0.079657,-0.033119,0.067254,0.11505,0.14675,0.12148,0.073778,0.10885,0.15058,0.14709,0.091231,0.06432,0.029554,0.020008,0.042846,0.085767,0.1082,0.083381,0.076692,0.13301,0.12331,0.058192,-0.036897,-0.14082,-0.193,-0.2048,-0.20497,-0.094798,0.017602,0.021401,0.03715,0.058653,-0.019445,-0.10211,-0.067304,0.011827,0.19159,0.32611,0.099966,0.14591,-0.078563,-0.29328,-0.20956,-0.12007,-0.061893,-0.097534,-0.16299,-0.22766,-0.29477,-0.29857,-0.13882,0.055871,0.072755,0.10961,0.091431,-0.01207,0.0086619,0.10844,0.11664,0.031776,-0.036797,-0.040202,-0.026192,-0.035198,-0.04439,-0.063022,-0.063315,-0.003169,0.065163,-0.024816,-0.14264,-0.057953,-0.045271,-0.048216,-0.026908,-0.00068975,-0.0014584,0.007334,0.10189,0.068637,-0.014463,-0.081693,-0.11773,-0.13613,-0.13827,-0.14312,-0.098325,-0.02836,0.035247,0.058731,0.0021765,-0.087021,-0.12146,-0.079812,0.058927,0.18052,0.040302,-0.078078,-0.05393,0.0225,0.022836,0.06815,0.20159,0.27266,0.14158,-0.10267,-0.25577,-0.23686,-0.072069,0.021527,0.014005,0.0065736,-0.039862,-0.046445,0.021419,0.053439,0.062715,0.048236,0.034105,0.043594,0.063037,0.096443,0.093786,0.035443,0.06278,0.14204,0.14327,0.064104,-0.02653,-0.051494,-0.018945,0.044042,0.13796,0.16046,0.13179,0.18562,0.25663,0.26969
0.21021,0.14099,0.11801,0.12503,0.17815,0.16056,0.02314,-0.059383,-0.040737,-0.025168,-0.049903,-0.083954,-0.032818,0.037468,0.022161,-0.0041842,-0.015857,-0.0047111,-0.0045516,-0.034378,-0.064742,-0.09173,-0.084687,-0.0098178,0.064313,0.03873,-0.03949,-0.0021175,0.14709,0.19152,0.036241,-0.16737,-0.23673,-0.2069,-0.090715,-0.027607,-0.095049,-0.083474,-0.10617,-0.056413,0.0047744,-0.023057,-0.060726,-0.087043,-0.12934,0.012481,0.11641,0.10204,0.057171,-0.06919,-0.15557,-0.1264,-0.059447,-0.039974,0.004697,0.03032,0.040087,-0.014606,-0.029718,0.03976,0.035463,0.0070866,-0.0060927,0.036367,0.098797,0.11927,-0.027147,-0.14047,-0.055243,-0.024729,0.01547,0.12035,0.22791,0.25006,0.22339,0.10383,0.066617,0.15482,0.18573,0.15955,0.098788,0.024761,-0.0044314,0.042633,0.096547,0.049217,-0.019197,-0.024634,-0.013653,-0.001796,-0.0027194,-0.10599,-0.17884,-0.10245,-0.015198,-0.020036,-0.12739,-0.10438,0.11899,0.24205,0.055361,-0.010963,-0.099595,0.10176,-0.1807,-0.39152,-0.35172,-0.20352,-0.080774,-0.092022,-0.080932,-0.074115,-0.066545,-0.075357,-0.10281,-0.082153,-0.033915,0.013003,0.05931,0.057943,0.010162,-0.027742,-0.030556,0.0013137,0.012472,-0.010982,-0.032275,-0.049689,-0.04585,0.011273,-0.049831,-0.19194,-0.13871,-0.0176,-0.061286,-0.19427,-0.1287,-0.17274,-0.044717,-0.040256,-0.039535,-0.0066762,-0.0036119,0.014092,0.0029583,0.10933,0.17906,0.16662,0.046154,-0.12125,-0.22507,-0.26558,-0.17134,-0.027668,-0.018332,0.047442,0.090119,-0.074393,-0.074273,0.01441,0.041565,-0.00076163,0.0041288,0.073844,0.14213,0.11138,-0.034346,-0.26925,-0.46406,-0.44581,-0.25681,-0.090688,-0.010155,0.0010542,-0.01069,-0.011386,0.034141,0.038723,0.045351,0.076193,0.13152,0.21974,0.26546,0.23336,0.15262,0.1053,0.17227,0.20401,0.13952,0.05887,-0.038183,-0.083958,3.6476e-05,0.18837,0.25458,0.17612,0.16277,0.25926,0.33755,0.36359
0.26666,0.15173,0.10421,0.38949,0.20608,-0.017813,-0.03157,0.017529,0.031043,0.021583,0.019546,0.0043296,-0.0048826,-0.0011897,-0.01661,-0.020355,-0.0020719,0.034596,0.058677,0.032908,-0.0013831,-0.011562,-0.024338,-0.039542,-0.010729,-0.0048487,-0.045037,-0.054481,-0.055644,-0.038337,-0.0075894,-0.013583,-0.066457,-0.036804,-0.017397,-0.083098,-0.067546,-0.098404,-0.0082471,0.054055,0.047226,0.048933,0.040401,-0.0079133,-0.058523,-0.039425,0.02184,0.043617,0.011152,-0.070494,-0.11865,-0.10085,-0.079102,-0.058685,-0.10286,-0.13838,-0.016073,0.01482,-0.12823,-0.10433,0.012349,0.021189,-0.0044598,-0.0064723,0.014398,0.036425,0.053753,0.035167,-0.0089882,0.00017245,0.06579,0.055607,-0.018099,-0.098899,-0.16901,-0.050625,0.17741,0.36801,0.37786,0.21245,0.0051546,-0.097904,-0.1093,-0.086797,-0.041933,-0.0030183,-0.0050571,0.0087291,0.025515,0.0044683,-0.013568,-0.0093678,0.014346,0.023648,0.060223,0.045852,-0.064589,0.0079756,0.35233,0.56942,0.2122,0.21613,-0.14629,-0.29105,-0.20917,-0.13558,-0.1223,-0.14582,-0.15233,-0.15073,-0.10147,-0.037792,-0.0043937,0.038952,0.062809,0.086637,0.10225,0.11035,0.13672,0.099595,0.021505,-0.017753,-0.030911,-0.044042,-0.051316,-0.065755,-0.070398,-0.06191,-0.041323,-0.10651,-0.16801,-0.12711,-0.085677,-0.12093,-0.19074,-0.14167,-0.12855,-0.011638,-0.045538,-0.050612,0.019602,0.029168,0.032318,0.011931,-0.026239,0.0040077,0.091512,0.11471,0.028239,-0.091617,-0.14706,-0.059242,0.067545,0.035285,0.090582,0.18299,0.14992,-0.055819,-0.13822,-0.1286,-0.0051465,0.072745,0.055933,0.059532,0.049772,0.012815,-0.010991,0.031038,0.14051,0.23788,0.32518,0.19733,0.0954,-0.021197,-0.095524,-0.065245,-0.063434,-0.10027,-0.10279,-0.03751,0.021452,0.070302,0.10458,0.096488,0.013607,-0.11241,-0.11692,-0.045896,0.0049991,0.04142,0.052887,0.038593,0.045582,0.24525,0.35947,0.26211,0.11154,0.16235,0.27253,0.26574
-0.10948,-0.030213,0.12815,0.16537,0.16425,0.1288,0.14758,0.11329,-0.00091798,-0.12818,-0.19881,-0.21453,-0.21861,-0.21552,-0.11478,-0.012509,-0.013187,-0.014262,-0.0099361,-0.070802,-0.1492,-0.14474,-0.15981,-0.21533,-0.19412,-0.020102,0.1254,0.10913,0.04327,0.057709,0.11901,0.11341,0.029676,0.0124,0.0043067,-0.061239,-0.047218,-0.08299,-0.099376,-0.10463,-0.07884,-0.058349,-0.043535,-0.044966,0.019904,0.18655,0.25453,0.23842,0.12467,-0.024173,-0.024689,-0.039266,-0.0026656,0.02095,0.051138,-0.0046895,-0.11529,0.0091437,-0.072353,-0.048105,0.1319,0.13482,0.088834,0.047561,0.011272,0.041808,-0.057195,-0.13292,-0.038453,-0.010063,0.016413,-0.012457,0.005342,-0.0015809,-0.018763,-0.032365,-0.016022,0.12709,0.21188,0.20697,0.095463,-0.032758,-0.06203,-0.0060298,0.05275,0.042418,0.018442,0.026725,0.028818,0.024187,0.010865,-0.063916,-0.044665,0.042759,0.013056,-0.072918,-0.17399,-0.12084,0.18745,0.37496,-0.5433,-0.33916,-0.48444,-0.40083,-0.304,-0.23898,-0.23307,-0.22836,-0.14082,0.04861,0.22907,0.27168,0.20577,0.11226,0.065635,0.043532,-0.007708,-0.04692,-0.068419,-0.012761,0.0039516,-0.011103,-0.016833,-0.038738,-0.032764,-0.041728,-0.083145,-0.073338,-0.029925,-0.086208,-0.1427,-0.10148,-0.070776,-0.12449,-0.20857,-0.17365,-0.19897,-0.10432,-0.14841,-0.097727,-0.070042,-0.10089,-0.052407,-0.034902,0.018665,0.11445,0.22962,0.26707,0.19936,0.038483,-0.04923,-0.095502,-0.035397,0.066918,-0.071568,-0.1886,0.056571,0.32751,-0.076829,-0.26868,-0.072799,0.0428,0.043786,0.0087505,-0.030913,-0.062327,-0.11663,-0.25875,-0.42677,-0.40639,-0.24114,-0.098671,0.029009,0.076506,0.1041,0.055513,0.016818,0.00489,-0.017443,0.029431,0.13626,0.25499,0.30827,0.27768,0.19628,0.074363,0.044029,0.061431,0.034011,0.023983,0.021243,0.17511,0.36161,0.41472,0.29535,0.12899,0.12389,0.24251,0.33776,0.36231
-0.16726,-0.15217,-0.053413,-0.22855,-0.31367,-0.25651,-0.19172,-0.15162,-0.087856,-0.042329,-0.016533,0.0014829,0.0092093,0.00055666,-0.0089488,0.024811,0.07392,0.037119,-0.15345,-0.27046,-0.20249,-0.077715,0.051342,0.050415,-0.095312,-0.27564,-0.40323,-0.44317,-0.36387,-0.15575,0.085586,0.17688,0.1109,0.03558,0.0021033,-0.036317,-0.10058,-0.19359,-0.026892,-0.023116,-0.12467,-0.093208,-0.039742,-0.020928,0.022144,0.037873,0.048858,0.065505,0.021499,-0.049887,-0.068473,0.074672,0.1518,-0.015282,-0.25891,-0.26346,-0.10296,-0.33328,-0.38526,-0.12593,0.11237,0.04923,0.034874,0.081569,0.13945,0.14278,0.15749,0.2122,0.20527,0.17585,0.30053,0.28068,0.083493,0.086899,0.042905,0.061492,0.03078,0.04636,0.080453,0.062933,0.037829,0.068543,0.12672,0.11115,0.071165,0.022806,-0.050723,-0.049817,-0.021909,-0.024742,-0.035192,-0.038825,-0.048693,-0.068565,-0.06418,-0.049643,-0.036108,-0.06054,-0.14579,-0.19772,0.0036644,-0.053786,0.1516,0.4542,0.44976,0.41802,0.32398,0.25792,0.24942,0.23053,0.18661,0.11173,0.010703,-0.017215,0.11449,0.2985,0.34287,0.18212,-0.015864,-0.11067,-0.093624,-0.029409,0.0092765,-0.048815,-0.17989,-0.25566,-0.26228,-0.25642,-0.23936,-0.17747,-0.087881,-0.04743,-0.018912,0.056147,0.12849,0.004059,-0.14796,0.053972,-0.061794,-0.24553,-0.26248,-0.19442,-0.14797,-0.14424,-0.13546,-0.098327,-0.037475,-0.0024814,-0.0191,-0.092473,-0.11782,0.012105,0.18572,0.39142,0.46021,0.49625,0.45024,-0.53917,-0.68923,-0.38479,0.090716,0.068266,0.14995,0.30261,0.38075,0.36783,0.32025,0.30194,0.38124,0.52056,0.48375,0.20534,0.0090837,0.019173,0.023359,0.051855,-0.074843,-0.2054,-0.20168,-0.14842,-0.086139,-0.096096,-0.1474,-0.16545,-0.11065,-0.10119,-0.07848,0.031525,0.061176,0.044605,0.019404,-0.024467,-0.081244,-0.097775,-0.099098,-0.11101,-0.12308,-0.1392,-0.15571,-0.15359
-0.5135,-0.48746,-0.31738,-0.44244,-0.49302,-0.39015,-0.23293,-0.13198,-0.059158,-0.00040962,0.024512,0.023446,-0.042243,-0.096961,-0.099606,-0.11454,-0.11995,-0.11195,-0.085799,-0.053797,-0.048792,-0.056591,-0.03735,0.019242,0.079272,0.13396,0.14776,0.2047,0.28402,0.42014,0.53932,0.38662,0.16054,0.10697,0.11214,0.086779,0.067286,0.14512,0.18719,0.10083,-0.0033442,-0.078417,-0.090618,0.0017308,0.052033,0.013107,-0.030983,-0.057615,-0.01351,0.035552,0.044404,0.041269,0.020524,0.044194,0.14821,0.14345,-0.0578,-0.027298,0.03222,-0.064525,-0.20089,-0.21121,-0.15635,-0.11011,-0.091058,-0.07298,-0.13699,-0.14975,-0.060821,-0.028525,0.0096768,0.099093,0.17439,0.17209,0.15504,0.1273,0.21167,0.33989,0.36721,0.24643,0.048237,-0.10692,-0.17921,-0.16703,-0.11988,-0.033268,0.040688,0.042905,0.038672,0.030234,0.010714,0.039407,0.083289,0.066481,0.053668,0.045918,0.03108,-0.028482,-0.13764,-0.19683,-0.50449,-0.46412,-0.027097,0.38076,0.44762,0.37713,0.29368,0.25767,0.2282,0.18011,0.13626,0.10492,0.066997,0.0099469,-0.041339,-0.034667,0.022022,0.040563,0.030831,0.11082,0.14338,0.14545,0.17307,0.1733,0.15526,0.11894,0.096729,0.15355,0.085112,-0.019664,0.069677,0.13812,0.12186,0.058157,0.03619,0.077435,0.1468,0.1128,-0.031054,-0.13329,-0.16588,-0.17294,-0.17096,-0.14305,-0.13299,-0.16822,-0.18018,-0.090067,0.030483,0.071954,0.15122,0.30039,0.22487,-0.092233,-0.34538,-0.41465,-0.21348,0.085676,0.027828,-0.13057,-0.28116,-0.31595,-0.17712,0.022973,0.11569,0.069799,-0.063998,-0.29404,-0.47445,-0.44928,-0.26395,-0.11759,-0.056972,-0.044894,-0.042673,-0.16289,-0.26007,-0.2896,-0.30167,-0.21443,-0.066341,0.072583,0.16154,0.17757,0.11094,-0.0022759,-0.03407,-0.031177,-0.052445,-0.074385,-0.11291,-0.10638,-0.080564,-0.096274,-0.053201,-0.048637,-0.10747,-0.16143,-0.19697,-0.19896
-0.11624,-0.075724,-0.050354,0.037456,0.13252,0.23388,0.21512,0.1147,0.0008881,-0.089401,-0.12946,-0.09041,-0.011984,0.015778,-0.0034889,-0.018306,0.00098799,0.045667,0.069904,0.023283,-0.068933,-0.14452,-0.1404,-0.11123,-0.15357,-0.24587,-0.31468,-0.30422,-0.20688,-0.037989,0.085932,0.071828,-0.0059566,-0.038195,0.057265,0.14787,0.12574,0.10241,0.072415,0.058651,0.12954,0.148,0.073441,0.0089646,-0.039482,-0.11348,-0.16336,-0.072373,0.013321,-0.01093,0.0066573,0.028829,0.022502,0.078094,0.20072,0.24914,0.18399,0.16964,-0.011489,-0.095974,-0.081643,-0.040274,-0.022397,-0.014688,0.040457,0.099282,0.15945,0.14645,0.097128,0.12495,0.14292,0.17593,0.14798,0.10314,0.12547,0.054699,0.072807,0.11825,0.15102,0.19384,0.23492,0.26258,0.20496,0.066839,-0.034935,-0.005471,0.061475,0.064571,0.056397,0.034079,-0.10789,-0.1713,-0.20607,-0.27811,-0.30733,-0.25846,-0.12614,-0.043425,-0.077034,-0.11212,0.79686,0.5215,-0.069802,0.00025889,0.0097708,-0.012372,-0.13676,-0.21526,-0.13342,-0.031581,0.012401,-0.0010226,-0.02972,-0.057234,-0.036734,0.03783,0.10762,0.13278,0.14542,0.086444,-0.022527,-0.087513,-0.088043,-0.076327,-0.17441,-0.28386,-0.27859,-0.26345,-0.24408,-0.18994,-0.13172,-0.1161,-0.086396,-0.0073124,0.022984,-0.011154,0.023753,0.067651,0.027446,0.080928,0.25315,0.33076,0.31458,0.19723,0.061592,-0.056226,-0.078933,-0.024957,0.010444,-0.013331,0.040683,0.14915,0.14164,0.0059901,-0.10399,-0.15149,-0.024807,0.045528,-0.10458,-0.14789,-0.13146,-0.060551,-0.027096,-0.019784,0.029645,0.071976,-0.013483,-0.21131,-0.35848,-0.36345,-0.23898,-0.11932,-0.044478,0.0074617,0.051853,0.083099,0.13221,0.13158,0.11109,0.12842,-0.012158,-0.12399,-0.095343,-0.040431,-0.0061614,-0.045425,-0.046241,-0.045213,-0.045683,0.017273,0.38759,0.55115,0.23596,-0.11914,-0.19449,-0.10624,0.059548,0.13719,0.13279,0.13628
-0.42392,-0.34678,-0.15813,-0.31226,-0.39052,-0.32207,-0.17716,-0.094388,-0.0257,0.068807,0.11424,0.109,0.041357,-0.02403,-0.035792,-0.022215,-0.0061304,-0.19475,-0.38384,-0.43605,-0.45719,-0.47355,-0.51686,-0.47542,-0.24714,0.013865,0.057736,-0.012993,-0.05177,0.0054478,0.10708,0.13787,0.079508,0.030084,0.011507,0.03713,0.04996,0.062002,0.039951,-0.032944,-0.14844,-0.25272,-0.14845,0.13163,0.21265,0.21751,0.23953,0.22556,0.22049,0.20414,0.16157,0.12237,0.035051,-0.059434,-0.042586,-0.025536,0.0018233,-0.10846,-0.24456,-0.041127,0.3107,0.44663,0.4083,0.15739,-0.067162,-0.14285,-0.28838,-0.37112,-0.28129,-0.22381,-0.15033,-0.03899,0.092669,0.14424,0.076962,0.013523,-0.0068065,0.072121,0.18136,0.19052,0.10443,-0.0046865,-0.045995,-0.010385,0.048016,0.058766,0.049,0.041457,0.011145,-0.020077,-0.042636,-0.041099,-0.037698,-0.041661,-0.016285,0.02388,-0.077724,-0.29564,-0.56177,-0.71545,-1.0258,-0.82716,-0.19976,0.31039,0.47009,0.45849,0.3908,0.26373,0.12935,0.025126,-0.056106,-0.096208,-0.049875,0.077805,0.20052,0.25657,0.21104,0.23944,0.22069,0.066,-0.12542,-0.24207,-0.24922,-0.19472,-0.079715,-0.04502,-0.051432,-0.03188,-0.0031969,0.0023587,-0.02146,-0.035407,-0.0074562,0.065426,0.13714,0.090454,0.027686,0.006598,-0.10267,-0.11178,-0.34086,-0.50922,-0.44206,-0.16577,0.12908,0.20485,0.11065,0.014307,0.018778,0.065624,0.07317,0.00091174,-0.038443,0.052181,0.11006,0.17638,0.17865,-0.10048,-0.13433,0.1113,0.72844,0.82951,0.43145,-0.16674,-0.39788,-0.55296,-0.59951,-0.64786,-0.82702,-0.77192,-0.54177,-0.27195,-0.060759,0.011636,0.032324,0.060553,0.065858,0.01909,-0.019016,0.01595,0.084453,0.16644,0.22414,0.20508,0.11183,-0.050919,-0.11517,-0.075715,-0.030152,0.041376,0.083719,0.065166,-0.0020417,-0.033989,-0.031917,-0.029811,0.038079,0.013779,-0.20657,-0.34661
-0.37815,-0.29648,-0.17087,-0.29966,-0.27157,-0.18712,-0.066242,-0.015655,-0.0196,-0.015047,-0.013623,-0.01643,-0.00011337,0.015835,0.0042467,-0.0015186,-0.0014248,-0.098215,-0.15384,-0.10864,-0.13957,-0.21226,-0.24856,-0.21726,-0.19498,-0.20759,-0.1284,-0.041931,-0.0024618,0.068772,0.21308,0.28696,0.27785,0.23426,0.17235,0.11342,0.092973,0.079262,0.057599,0.044847,0.035242,0.006636,-0.042911,-0.091867,-0.019487,0.099197,0.1242,0.092011,0.065382,0.044509,0.016094,-0.0038063,-0.020501,0.031684,0.2284,0.23325,0.046291,0.19078,0.31472,0.1711,0.12478,0.16087,0.13127,0.052438,-0.056353,-0.016143,0.042454,-0.0029648,-0.024281,-0.0015792,-0.013246,-0.0075635,-0.014374,-0.052785,-0.041608,0.0021812,0.10521,0.21152,0.17556,0.1052,0.10993,0.090341,-0.026971,-0.11281,-0.1065,-0.078824,-0.067048,-0.069933,-0.0338,-0.0026063,-0.013791,-0.0087296,-0.0060812,-0.02289,-0.058194,-0.047742,0.031082,0.032195,-0.071217,-0.13609,0.37179,0.29381,0.35716,0.3609,0.21893,0.16651,0.13037,0.067095,0.042486,0.056435,0.041382,0.0062089,0.018412,0.065081,0.079815,0.074842,0.035744,0.11309,0.18446,0.11122,0.081665,0.099004,0.081838,-0.0065607,-0.097807,-0.096783,-0.089191,-0.081751,-0.15979,-0.21308,-0.13301,-0.0988,-0.08729,-0.0749,-0.065707,-0.019366,-0.01482,-0.017395,0.045484,0.077626,0.11256,0.086603,0.044403,0.021838,0.05401,0.025979,-0.081162,-0.088617,0.0099191,0.040927,0.0046061,-0.057372,-0.12502,-0.25588,-0.45578,-0.47916,-0.10711,0.40346,0.50218,0.37847,0.20891,0.10657,0.036396,-0.12917,-0.29844,-0.33344,-0.23261,-0.14817,-0.21788,-0.21887,-0.1654,-0.096471,-0.14161,-0.18546,-0.11806,-0.070616,-0.038757,-0.043335,-0.051424,-0.017292,-0.03211,-0.028594,0.06765,0.14198,0.1138,0.021047,0.012191,0.033672,0.045253,0.091281,0.096902,0.051958,-0.01251,-0.050581,-0.050485,-0.019995,0.009206,-0.0050512,-0.043545,-0.05184
-0.25086,-0.17168,0.03453,-0.016856,-0.1104,-0.12217,-0.085916,-0.034607,0.026427,0.046695,0.050445,0.04214,-0.0034013,-0.0244,-0.029965,-0.039883,-0.15333,-0.25496,-0.20012,-0.087468,-0.041749,-0.046526,-0.050375,-0.094982,-0.12396,0.068857,0.27286,0.17723,-0.056572,-0.39544,-0.57753,-0.5152,-0.35427,-0.13671,-0.01615,0.040364,0.029575,0.12913,0.17779,0.093837,0.049681,0.031458,0.013338,0.069013,0.15635,0.1353,0.072965,0.065213,0.095915,0.04482,-0.059553,-0.063401,-0.0079963,-0.026948,-0.071243,-0.050284,-0.026866,-0.13894,-0.14131,-0.035863,-0.010324,-0.037552,-0.048262,-0.045362,-0.013918,0.040054,0.048927,-0.0053811,-0.030523,0.010151,0.016074,0.045957,-0.037737,-0.1877,-0.13796,-0.012665,0.21742,0.47216,0.40265,0.082872,-0.0742,-0.11278,-0.09922,-0.022532,0.042971,0.015148,0.033104,0.096536,0.080774,0.04885,0.0057081,-0.013665,-0.029658,0.011734,0.069922,0.034325,-0.0071253,-0.066576,-0.16714,-0.22356,-0.6095,-0.40558,-0.045095,0.2259,0.22603,0.13857,0.16555,0.15986,0.1279,0.029049,-0.0059039,0.062642,0.087109,0.073002,0.039938,-0.021775,-0.085091,-0.096365,0.0075717,0.055079,0.0059197,-0.01093,-0.0072297,-0.025216,-0.042593,-0.076606,-0.14063,-0.10125,-0.031329,0.017081,0.040103,0.1382,0.15845,0.14817,0.12943,0.044016,0.11573,0.097734,-0.050097,-0.15935,-0.14376,-0.10616,-0.083061,-0.0044001,0.15279,0.22662,0.21212,0.13786,-0.088113,-0.28128,-0.38986,-0.30752,-0.031633,0.10363,0.13735,0.15038,0.10289,-0.16001,-0.14323,-0.043541,0.041448,0.065763,0.028484,-0.0071719,0.0036244,0.019866,-0.071364,-0.26581,-0.39281,-0.35337,-0.20565,-0.041506,-0.033124,-0.051591,0.0030124,-0.14984,-0.289,-0.30694,-0.23993,0.038166,0.2661,0.33121,0.35497,0.30881,0.22043,0.024424,-0.11638,-0.13306,-0.14089,-0.11359,-0.064977,-0.0051863,0.097791,0.15253,0.090728,-0.019745,-0.1085,-0.16231,-0.18883,-0.18764
-0.28364,-0.2047,-0.13845,-0.31447,-0.3419,-0.25939,-0.1241,-0.080545,-0.071641,-0.01385,0.036799,0.020841,-0.018553,-0.029923,-0.034234,-0.031699,-0.032676,-0.048432,-0.081193,-0.094668,-0.11686,-0.17721,-0.16551,-0.057249,0.01539,0.041805,0.11542,0.19883,-0.17097,-0.74097,-0.78716,-0.57126,-0.41006,-0.24964,-0.014431,0.030192,0.052532,0.021499,-0.0078301,-0.0057466,0.063206,0.083008,0.042633,-0.004015,0.030499,0.18094,0.23812,0.2249,0.14362,0.0090154,-0.12014,-0.16196,-0.036739,0.0077117,0.013704,0.10643,0.15674,0.21691,0.16054,-0.0054014,0.05,0.10433,0.036722,0.036115,0.075428,0.10333,0.067616,-0.0095907,-0.017348,0.015815,0.027181,0.070781,0.11155,0.088288,0.0793,0.068729,-0.024671,-0.10921,-0.14834,-0.17955,-0.2024,-0.17329,-0.082079,0.00098242,0.040724,0.080574,0.10632,0.1027,0.088584,0.039345,-0.0024409,0.011156,0.038719,0.057561,0.057765,0.044749,0.027768,-0.030657,-0.11285,-0.15301,-0.58761,-0.38432,-0.0083548,0.21658,0.26323,0.24035,0.19138,0.12735,0.08278,0.027089,-0.062984,-0.079429,0.025063,0.15472,0.19886,0.17173,0.078312,-0.028975,-0.036936,-0.070651,-0.15557,-0.20087,-0.1925,-0.10047,-0.043025,-0.066253,-0.10016,-0.1258,-0.054131,-0.16961,-0.15666,0.055984,0.21588,0.17227,0.0085682,0.0333,-0.020866,-0.032474,0.0081577,0.086582,0.098997,0.036161,0.050384,0.044643,0.074481,0.16073,0.25217,0.13418,-0.10929,-0.22384,-0.26403,-0.26782,-0.15098,0.025022,0.079051,0.026213,-0.026823,0.049063,-0.0013758,-0.068081,-0.069952,-0.14433,-0.24399,-0.21059,-0.18037,-0.22568,-0.25051,-0.25042,-0.30521,-0.27849,-0.16883,-0.043851,-0.044203,-0.096816,-0.061402,-0.029996,0.00035617,0.13293,0.32995,0.41576,0.43704,0.40006,0.32047,0.18729,0.050629,-0.044664,-0.055592,-0.044047,-0.044431,0.01698,0.090495,0.11081,0.1033,0.10259,0.12806,0.11339,0.041166,-0.020212,-0.044861,-0.038885
-0.21747,-0.1829,-0.034715,-0.056956,-0.030825,0.027187,0.073518,0.059228,0.073075,0.091049,-0.059777,-0.20304,-0.22529,-0.23064,-0.1203,-0.0050201,-0.0054062,0.00691,0.037628,0.024537,-0.053268,-0.11163,-0.14272,-0.14147,-0.19816,-0.28757,-0.25823,-0.13004,-0.096858,-0.13251,-0.081244,0.02697,0.091775,0.037813,-0.0096368,0.011357,0.033164,0.042528,0.054123,0.049996,0.048489,0.012324,-0.026919,-0.085972,-0.14823,-0.010243,0.10665,0.080966,-0.02911,-0.14073,-0.099873,-0.0023652,0.05988,0.080271,0.16004,0.19191,0.098254,-0.22683,-0.30518,-0.0061668,0.071294,-0.026071,-0.070597,-0.12044,0.0091043,0.15514,0.2,0.12873,0.025496,0.062461,0.055058,0.046271,0.076643,0.031225,0.02754,-0.047732,-0.015498,0.17306,0.25593,0.20812,0.17587,0.1299,0.068102,0.055562,0.044888,-0.0059705,-0.016847,0.0011481,-0.011919,-0.012588,-0.012118,-0.0069809,-0.022497,0.032708,0.097697,0.054903,-0.0022545,-0.08358,-0.20212,-0.26465,-0.32513,-0.26493,0.078128,0.17333,0.15261,0.15765,0.124,0.13011,0.14541,0.13718,0.1336,0.14313,0.13203,0.075663,0.017918,-0.022189,-0.036741,-0.024449,-0.011679,0.10664,0.13807,0.08068,0.062385,0.0040103,-0.064381,-0.07237,-0.058709,-0.050838,-0.036697,0.0070256,0.076583,0.012646,-0.080355,-0.0018228,0.076725,0.047252,0.015625,0.051566,0.038627,0.10262,0.13095,0.12494,0.14652,0.14361,0.10981,0.15645,0.16725,0.040277,-0.2315,-0.3533,-0.259,-0.099991,0.043633,0.088516,0.017549,-0.038796,-0.12798,-0.39435,-0.38408,-0.23184,-0.042658,0.076955,0.025604,-0.060397,0.089748,0.33315,0.30977,0.071824,-0.12523,-0.13033,-0.082414,-0.033718,0.021963,0.010221,0.04444,-0.030744,-0.094423,-0.18591,-0.25428,-0.184,-0.1173,-0.058344,0.036835,0.09427,0.066685,-0.015129,-0.0031103,0.09559,0.12653,0.10239,0.015226,-0.063006,0.031695,0.1491,0.10594,-0.014588,-0.11906,-0.19171,-0.23203,-0.23512
-0.098328,-0.12558,-0.038053,0.062862,0.11501,0.12514,0.049236,0.012751,0.040341,0.063446,0.047104,0.071352,0.089253,0.038268,0.0020169,-0.0037537,0.026012,-0.036522,-0.12159,-0.16728,-0.25026,-0.28228,-0.23809,-0.19888,-0.049702,0.1317,0.09677,-0.015283,-0.042589,0.062429,0.18782,0.20222,0.1199,0.066823,0.071298,0.070045,0.044103,0.053822,0.035879,-0.028634,-0.14853,-0.18866,-0.15593,0.017868,0.083976,0.020535,-0.031636,-0.015072,0.016675,-0.017589,-0.092706,-0.093482,-0.045186,0.041243,0.16472,0.15485,0.079849,0.19125,0.2677,0.15121,0.1207,0.16003,0.096498,-0.040422,-0.12418,-0.028315,0.043939,-0.074093,-0.18328,-0.16285,-0.15407,-0.067841,0.081324,0.15261,0.12606,0.065956,-0.020831,-0.029195,-5.5296e-05,-0.024182,-0.078095,-0.092526,-0.042162,0.041621,0.07127,0.045268,0.011493,-0.017514,-0.029331,-0.02504,-0.016916,-0.043796,-0.075313,-0.084663,-0.11805,-0.12057,-0.053877,0.030094,0.096066,0.11742,-0.099444,-0.084425,-0.0065859,-0.010177,-0.0042321,0.0046376,-0.066811,-0.15196,-0.17155,-0.20525,-0.22297,-0.16593,-0.09815,-0.063293,0.034442,0.14567,0.19331,0.25491,0.23723,0.064924,-0.039108,-0.024759,0.0055062,0.021809,0.0027286,-0.05199,-0.05876,0.0053111,0.070048,-0.029108,-0.12629,-0.084434,-0.059727,0.0081389,-0.004151,-0.053741,-0.001708,-0.023491,-0.0038561,-0.10561,-0.19035,-0.14399,-0.10368,0.011787,0.0556,-0.02357,-0.086063,-0.064205,0.0051071,-0.016031,-0.11654,-0.16471,-0.14885,-0.18872,-0.22958,-0.18956,-0.034562,0.18857,0.24125,0.24774,0.20313,0.12472,-0.033835,-0.2625,-0.37646,-0.35558,-0.24499,-0.22378,-0.33494,-0.34299,-0.22135,0.0015443,0.0064465,-0.066431,-0.042987,-0.016635,0.044766,0.097458,0.12615,0.18871,0.26588,0.30476,0.22049,0.094772,0.028133,-0.017322,0.050985,0.16853,0.24231,0.28342,0.2579,0.18304,0.098454,0.04614,0.037757,0.051906,0.066055,0.091003,0.11304,0.12678
-0.36798,-0.45249,-0.29608,-0.22086,-0.31478,-0.27841,-0.16532,-0.1339,-0.12447,-0.069376,-0.041688,-0.033979,-0.042719,-0.14372,-0.22569,-0.22688,-0.23925,-0.26414,-0.18736,-0.022908,0.031541,0.061439,0.097569,0.073209,-0.010024,-0.083237,-0.13356,-0.20605,-0.2254,-0.12959,-0.01882,-0.0028058,-0.013593,0.0053834,-0.021834,0.019925,0.044827,0.050082,0.042628,0.006591,-0.026437,-0.071181,-0.099644,-0.12688,-0.016519,0.059019,0.038952,0.012119,-0.029383,-0.021972,0.026957,0.10169,0.1168,-0.0454,-0.11031,0.021044,0.12415,0.015844,0.013012,0.017249,-0.025713,-0.050493,-0.060788,0.021508,0.078156,0.085967,0.079731,0.12341,0.11968,0.076145,0.12571,0.19804,0.159,0.059604,0.094313,0.02006,0.0069988,0.1559,0.29384,0.34472,0.27514,0.19138,0.082796,-0.082461,-0.15005,-0.072727,0.01307,0.013591,0.0081018,0.0012697,0.005973,0.024738,0.020734,-0.009009,-0.048846,-0.087277,-0.096737,-0.10995,-0.1655,-0.20096,0.16771,0.12081,0.18587,0.26611,0.43137,0.45921,0.44698,0.39849,0.36654,0.34822,0.32139,0.29642,0.26975,0.24047,0.18305,0.05698,-0.14881,-0.24507,-0.11271,-0.024291,-0.018245,0.0062415,0.00086773,-0.017353,-0.04383,-0.063402,-0.06456,-0.055034,-0.043444,0.0013371,0.030365,0.025292,-0.02488,-0.048183,0.029443,0.021262,0.0099389,0.018305,-0.041122,-0.010951,-0.058058,-0.11669,-0.12692,-0.18448,-0.28475,-0.38511,-0.34658,-0.23332,-0.13324,-0.21555,-0.30093,-0.25745,-0.05571,0.22889,0.23263,0.15139,-0.046843,-0.20068,-0.25262,-0.32074,-0.3839,-0.24863,0.0039117,0.17125,0.23395,0.1952,0.14905,0.10833,0.071207,0.1141,0.1973,0.20458,0.048866,-0.037053,-0.00399,-0.0063162,0.021514,0.00087112,-0.051336,-0.035137,-0.069261,-0.093342,-0.013401,0.1192,0.17411,0.091869,0.068326,0.086954,0.08996,0.099042,0.096882,0.045114,-0.053922,-0.12257,-0.17621,-0.23174,-0.25959,-0.2465,-0.22191,-0.20072
