0.047725,0.50352,1.113,1.3221,1.2076,1.7741,1.6539,-0.70484,-2.5277,-1.9323,-0.13864,1.3387,2.2006,3.2062,4.3477,3.9879,0.63261,-4.4083,-7.4049,-7.9901,-7.5045,-5.6595,-4.3652,-4.2412,-3.1363,-1.9753,-0.74751,0.28417,0.75896,-0.42763,-1.4901,-0.75921,-0.20833,-1.0855,-0.9586,-0.13955,10.713,12.272,5.0106,4.8125,4.1257,4.8646,6.5233,6.8989,1.9472,-3.8013,-5.9536,-6.81,-6.5509,-6.6719,-5.5194,-2.5674,-3.5369,-6.0841,-3.1197,4.6397,6.6925,0.13707,-3.3839,-3.6951,-2.2655,3.4424,5.2675,1.1485,-1.3249,-0.62946,-2.5691,-0.98791,3.0284,3.6248,3.5414,3.345,3.632,0.63564,-3.009,-1.8633,-1.5514,-1.4518,-1.3652,-1.5863,-2.1926,-2.8939,-3.2603,-1.9289,0.22482,-1.5614,-1.8243,-0.089433,-0.26838,-0.54178,-0.30747,-0.61028,-0.057289,1.5102,1.4279,-1.1099,-3.4292,-2.4028,7.0768,12.827,2.5429,1.7061,0.040735,-1.3733,-1.4555,-0.11472,0.0099833,-2.0397,-2.9153,-1.9566,-0.50822,0.29232,0.34319,0.39007,0.34045,-0.56337,-1.8207,-1.437,-0.18673,0.23195,-0.27498,0.041888,0.29954,-1.0776,-2.5258,-4.147,-2.8259,-1.2136,-2.7911,-0.35545,1.9878,-0.54433,-2.2308,1.412,4.0225,-2.4831,16.273,17.585,-1.7666,-1.5014,1.3261,5.5505,5.7406,2.5585,0.46714,-1.6383,-3.9879,-4.797,-5.5333,-4.0393,-3.4962,-7.1508,-5.2151,0.33367,5.0258,11.578,12.686,2.1021,-7.4646,-2.0587,2.289,0.0186,-0.79785,2.1646,2.4243,0.85681,0.52222,1.1381,0.77812,2.0046,1.0182,-0.97676,-0.29237,-0.26346,-0.64828,-1.1688,-1.9091,-2.0701,-2.0388,-2.0625,-2.4091,-2.9371,-3.2202,-1.9341,-0.39223,-2.6488,-2.9898,-0.89036,-0.2716,-0.042994,-0.41849,-0.66557,0.054617,1.5822,3.6712,10.641,6.6209,-0.075667,-3.5157,-4.643
0.62157,0.32131,-0.49845,4.6498,6.4428,3.4306,2.1614,0.65118,-0.95611,-1.4456,0.5686,2.6916,2.925,2.5277,1.7923,0.64398,0.51486,2.0427,3.9228,5.0211,5.3975,4.1422,2.0348,0.70453,-1.147,-2.0454,-1.5679,-0.9351,-0.46031,-0.071997,-0.91714,-1.2696,-0.71869,0.008504,-1.1093,-1.5685,0.10549,0.95875,2.8564,5.1789,0.76862,-3.6139,-3.5996,-3.0511,-2.9176,-3.81,-3.7501,-1.8244,-1.7793,-2.9849,-0.015629,1.8821,1.0941,0.55707,0.87133,0.4507,-0.74134,-0.96284,-1.581,0.67796,-0.97302,-6.1164,-3.6371,1.4894,3.6399,-2.5119,-5.3152,-0.73581,-1.1995,-1.6034,0.41094,0.28576,0.32933,1.8759,2.7938,1.1459,-0.06785,0.34397,0.44837,-0.6207,-1.8248,-1.9809,-2.0898,-2.5713,-3.3805,-7.0339,-6.6123,-2.1961,-0.45818,0.96801,2.0555,1.7213,2.1335,2.8377,1.0629,-1.9356,-5.6254,-9.1315,-7.8017,-5.9738,-3.4456,-3.5161,-3.1529,-2.5549,0.036817,2.7051,3.4146,1.8128,0.27168,0.045578,-0.46849,-1.2178,-0.25089,0.51039,-0.030494,-0.17878,1.3228,2.5254,1.6509,0.61803,-0.28652,1.4318,3.6586,3.1596,3.6102,3.3501,4.0984,4.7581,3.1806,2.0264,3.0105,3.9703,2.2839,-0.061715,0.094882,-3.5731,-7.4715,-6.8265,-3.6637,-2.4746,-3.9312,-3.996,-3.5381,-4.9374,-5.7216,-5.7766,-4.6819,-2.6571,-2.4755,-5.8654,-5.8963,0.35116,3.0479,1.2679,0.60124,-0.44199,-2.2813,-2.2077,-0.87613,2.1704,3.7296,5.5554,2.3456,-2.1071,-3.9652,-2.9232,-1.8265,-1.6249,-0.47118,-0.022789,-1.8,-2.8668,-1.1227,-0.012498,1.3118,2.4516,2.6267,2.2562,1.9158,1.2415,0.4646,-0.051072,-0.334,-1.111,-1.8937,-4.5025,-4.689,-2.1292,-0.82,-0.13591,-0.56277,-0.74343,0.68399,2.7782,3.0529,12.466,10.34,6.8361,9.8789,12.038
1.47,1.1615,0.4832,-0.14827,1.9565,2.5015,1.3905,1.5479,1.6319,1.7358,0.75785,-0.82455,-0.8842,1.0285,3.1903,3.2371,-0.052043,-4.9777,-8.3718,-9.1714,-8.859,-8.3158,-6.9589,-5.669,-5.47,-5.1903,-5.1104,-3.506,-1.3271,-1.3404,-1.5889,-1.2541,-2.8407,-3.7604,-3.5808,-3.3297,-1.8309,0.93505,4.2985,6.6227,8.0197,9.1894,6.6764,2.72,2.0153,3.8705,5.8303,5.6853,2.1715,-0.27622,0.0037791,0.68545,1.0688,0.51753,1.0185,1.3466,1.9584,4.1248,5.7261,6.2187,-0.048893,-6.3201,-8.3723,-6.5096,-2.1156,0.62054,-0.86405,-2.2948,-1.0034,1.0615,1.8533,1.2369,1.5018,2.4492,4.1053,3.0094,0.79028,1.6567,1.919,1.6835,0.85115,0.19567,-0.0064538,-1.4709,-3.0703,-7.2031,-7.8489,-4.0583,-2.4732,-0.81166,-0.024076,-1.0498,-3.7022,-5.0786,-2.9295,-4.8594,-2.2453,2.2568,2.071,0.44178,-1.8397,-1.8626,-1.8839,-1.837,-2.9066,-2.8837,-1.1482,1.344,2.2161,2.0225,1.6449,1.0608,0.81316,1.2113,1.5177,1.0368,-0.24972,-0.037448,1.7505,2.6646,2.4894,1.3975,1.5887,2.1142,1.2231,0.099356,-1.6636,-2.3826,-2.3441,-2.9025,-3.8475,-5.7279,-3.1377,-0.78731,-2.2847,-5.4018,-7.6853,-5.3425,0.67642,5.1471,7.5614,6.7026,4.9102,3.4857,2.6963,3.3651,3.8114,2.706,3.4219,3.6607,2.6622,1.5416,-0.26407,-0.083223,0.56531,0.72324,0.092059,2.0283,5.5272,5.306,3.2728,6.1759,6.4342,1.6549,1.2416,1.8771,-0.55726,-0.82919,0.20907,-2.4353,-4.4617,-1.5911,-0.59126,-1.4649,-2.1429,-0.23308,2.065,2.0496,1.7573,1.2752,1.6959,2.1998,1.8115,1.8428,1.9923,-0.6594,-0.88711,1.6713,0.6001,-0.95078,-1.3381,-1.3587,-2.1164,-2.0159,1.382,-1.2577,-4.8511,-8.3335,-8.0107,-5.1191
-3.8523,-2.9519,-1.1711,0.18664,-1.6184,-3.0695,-1.4411,1.4352,3.5468,1.9436,-1.0192,-1.6891,-1.3424,-1.2369,-0.69535,-0.66137,-3.0448,-5.793,-5.8873,-4.4452,-3.3831,-2.9034,-2.3267,-2.2003,-3.1609,-4.1639,-4.8579,-3.2394,-0.70928,-0.32096,0.34725,1.1253,1.6762,2.4034,-1.109,-2.2401,-0.98355,1.8223,5.1804,4.3584,3.1151,3.9964,4.7901,5.0206,2.4075,0.31539,1.6093,2.869,-0.052783,-2.4732,-2.0095,-0.61372,0.29483,0.71363,0.90207,1.0079,0.039353,-2.0052,-2.9141,-1.2277,0.64771,-5.7711,-4.21,-3.2232,-3.5152,-4.4802,-5.5408,-1.5111,1.0134,-1.0311,-1.2882,-0.18229,1.0152,1.644,-0.4581,-2.5963,-1.7034,-2.1363,-2.1778,-0.54766,0.83199,0.76584,0.54935,0.43149,0.81814,-1.6914,-1.0831,2.6717,3.7794,4.8816,5.5129,5.0909,2.9654,2.0126,2.1299,0.78682,4.6368,5.1461,-0.37935,-2.9597,6.388,5.7469,3.9243,1.6056,0.63033,-0.21211,-1.355,0.9302,3.6323,2.0187,0.68971,0.94931,0.97276,0.94172,0.83403,0.30866,-0.57149,-0.63013,-0.55041,-1.2154,-2.081,-3.2234,-2.451,-1.0434,-1.0847,-1.1913,-2.29,-2.0417,-1.052,-2.2062,-1.537,-0.42274,-2.1092,-4.4548,1.4385,1.7613,-1.4423,-3.5455,-4.0976,-3.1168,-1.1258,0.84294,0.14149,-1.7535,0.33244,2.688,3.2102,3.2078,2.3237,0.38733,-0.31208,2.2075,3.2711,1.7082,0.34289,-1.3281,-4.0788,-5.6315,-5.2287,-7.0407,-8.3587,-6.3364,0.88747,3.9743,4.3749,7.7729,9.7547,5.3932,1.0387,4.4926,4.4828,1.2063,0.28525,-1.7289,-1.9295,-1.1378,-1.1781,-1.4451,-1.4575,-0.8627,0.10301,0.31707,-0.097322,-0.47476,-1.1801,-4.1056,-4.2886,-1.8895,-1.246,-0.77976,-0.86955,-0.82528,-1.3091,-0.63926,1.974,-4.608,-4.5664,-1.2929,3.9643,6.8776
-1.2208,-1.2172,-0.90904,-0.28869,-2.0275,-1.1766,0.94136,0.67557,0.84384,1.2981,1.0763,-0.99929,-3.263,-3.5204,-2.4994,-2.4538,-3.608,-3.1776,-0.87309,1.3717,2.1281,1.6991,0.7167,-0.89494,-2.7649,-4.0222,-4.7106,-5.0704,-5.2854,-5.2304,-4.099,-2.7675,-1.8828,-0.32798,0.92812,1.8115,1.6898,2.5205,2.6242,2.1599,3.7587,5.0513,5.9353,4.3486,2.3441,2.1529,1.7002,3.142,6.0737,6.0804,0.03144,-0.77173,0.82082,0.78153,0.81024,0.91695,1.6675,2.79,3.4965,1.4885,-1.3859,-1.9659,-3.0937,-1.2511,1.2717,0.49091,-5.8074,-13.442,-10.327,-5.1831,-3.67,-1.6802,0.052101,0.49377,0.94308,1.4365,2.031,2.2,2.8223,3.8326,4.0122,3.5518,2.4687,0.54338,-1.5205,-5.8637,-6.25,-2.913,-1.5905,0.80219,3.1552,3.6193,4.0672,4.3323,2.0017,-0.23396,-0.90609,-2.1055,-5.1706,-6.5217,3.9993,4.0492,3.6494,2.5837,2.4884,2.1362,2.1381,1.9003,1.9273,2.0884,2.1948,1.503,0.68177,0.62706,0.72206,0.28931,-0.68225,-1.5072,-2.2971,-3.4252,-4.3534,-5.246,-4.586,-3.1635,-2.603,1.1456,4.5847,2.9028,2.223,1.5216,-0.76598,-3.4009,-3.1708,-0.72632,-0.90425,2.6805,3.674,2.1139,2.8374,5.2472,8.3766,8.1731,4.7681,1.2674,-0.66257,-1.3587,0.52891,2.964,3.7138,2.2261,-4.6307,-9.468,-8.1754,-3.5206,-0.98163,-2.123,-1.5495,2.8564,6.3184,5.0263,3.7281,4.5736,3.5486,4.6709,5.4796,3.2448,1.8817,3.0872,4.9741,0.7425,-3.6026,-2.1425,-1.472,-2.2206,-3.8062,-5.1898,-3.8369,-0.55322,1.1448,1.3866,0.90105,-0.047979,-0.90401,-1.4886,-1.884,-4.6226,-4.8716,-2.3474,-1.0349,-0.37124,-0.8302,-0.97161,0.75228,3.2795,3.6336,4.3028,0.59055,-1.457,1.6682,3.5298
-2.7149,-1.71,-0.50877,-0.42035,-0.98299,0.061672,0.74746,0.22292,0.9923,0.96884,-0.97216,-2.669,-1.323,0.1274,-0.13512,0.62773,0.082919,-3.2202,-5.497,-5.8182,-5.5327,-4.9473,-3.7866,-2.9118,-2.8712,-1.9802,-1.1956,-0.32852,1.0819,1.4702,1.4516,1.4861,2.037,2.7642,0.43942,-0.59467,1.0793,0.32748,1.0168,3.0915,4.2121,5.1207,3.0041,0.67179,0.29551,0.65953,2.554,3.3327,3.6094,2.3911,1.263,3.2055,4.0728,3.2955,2.6205,2.3175,2.1642,2.9144,1.8206,-0.35899,6.5506,10.442,6.1073,0.3878,-1.098,-2.2136,-2.2145,2.082,4.5704,1.3038,-1.5972,-0.883,-1.3599,-1.627,0.25653,0.054934,-0.45268,0.2908,0.64172,0.49331,-1.3095,-3.3679,-4.0607,-4.2946,-4.9878,-9.1023,-9.0047,-5.1212,-3.4322,-1.7433,-0.9596,-1.384,-0.80965,1.6645,3.8195,3.5032,0.36767,-3.5335,-7.6653,-9.1274,2.3801,1.1125,-1.1019,-2.1707,-1.4784,-0.40014,-0.13788,0.062437,1.8365,2.658,1.9653,1.4731,1.1452,0.89641,0.6057,0.81091,0.50066,0.12188,0.88289,1.1305,0.78932,-0.39049,-0.85459,-0.91404,-1.6458,-1.1664,-1.2656,-1.6268,-1.2214,-2.3756,-1.5839,-0.29514,-1.9816,-4.3272,-2.7294,-5.0394,-8.9378,-5.1921,0.70235,3.6917,4.8472,3.2898,2.3936,1.4057,-0.44387,-0.48988,1.0292,4.7661,7.2761,4.9561,1.427,1.6203,2.7189,0.57423,-0.070492,1.2863,1.2643,2.9899,4.1541,-0.075564,-3.1686,-7.631,-6.0217,-0.25697,0.63416,-1.5198,-2.6438,-3.5661,-3.7313,-2.2597,0.36243,2.6706,3.3874,3.41,2.5782,1.6517,1.8762,1.9311,1.8265,1.5716,1.0752,0.55672,0.21383,-0.029013,0.49562,-1.2801,-1.4395,0.37504,0.5625,0.86745,0.53426,0.014332,-0.68794,-1.0969,0.0026575,-3.2109,-3.5808,-1.6017,2.1108,3.9815
3.3757,2.6944,1.5028,0.77948,0.74343,-0.28062,-1.7215,-1.7313,-0.84017,0.35811,2.0583,3.0919,2.8927,2.5264,2.8665,3.0699,2.718,1.5621,0.51449,-0.33303,0.10934,1.319,0.83737,0.11276,1.1287,2.2409,2.0807,1.7644,1.7889,2.1772,2.7294,1.5758,1.0817,1.8089,2.3979,-0.41945,-6.0133,-9.1967,-7.4756,-5.0375,-3.6317,-3.3381,-2.9154,-2.2539,-1.7497,-0.0072535,0.086996,-1.5614,-0.019151,3.8574,0.68729,-1.8945,-1.3058,-1.7337,-1.5211,-1.1739,-0.73401,-1.1162,-4.7149,-6.8921,-4.7657,-4.3111,-4.6131,-5.3977,-3.7507,3.2121,7.4516,4.6311,3.3867,2.636,2.124,0.295,-1.4466,0.88175,1.2231,-0.11816,-0.58736,-1.0122,-0.9447,-0.55296,0.20126,1.4191,2.5242,3.3213,3.6924,0.17504,0.0089055,3.6518,4.7564,5.4121,5.4029,3.9626,1.5633,0.51233,0.59584,0.43545,4.219,4.2681,2.9371,3.5895,-1.8216,-1.1984,-0.21287,0.16682,-0.99062,-1.1498,-0.04135,-2.581,-4.1612,-2.8859,-0.42056,1.2881,0.84467,0.33161,0.02948,-0.73783,-1.4811,-1.7715,-2.1327,-2.5204,-0.65998,0.87737,-0.23527,-1.083,-0.012893,1.085,-0.47349,-0.37059,0.68935,-0.46487,-2.6573,0.24069,5.8795,3.5339,0.29784,11.801,13.641,4.0816,-4.1095,-6.8509,-6.7403,-4.0988,-0.59302,0.41455,0.5711,0.1084,0.59987,1.1627,1.3649,2.6474,0.20885,-2.3033,-1.7855,-1.3032,2.0757,5.0324,3.5291,0.94013,-2.8221,-5.2945,-0.85248,2.279,0.88345,1.6449,1.6723,-2.2791,-4.0522,-1.6158,0.2787,2.5939,6.3146,5.8966,3.9163,4.3952,2.3574,-0.14263,-1.7648,-2.3643,-2.4077,-2.2748,-1.9988,-1.8009,-1.7976,-1.9216,-2.1668,-4.4209,-4.335,-1.9918,-1.3922,-0.63547,-0.45619,-0.75049,0.48444,2.5609,6.5062,5.8684,1.7201,0.72465,1.9516,1.7254
-1.7117,-0.71578,0.60722,1.0195,1.0538,-0.30038,-2.3136,-4.6027,-4.2134,0.11316,3.252,4.0095,3.6019,3.4687,3.7148,3.9134,3.6052,2.9519,3.0174,0.23464,-3.206,-4.6641,-2.561,1.1881,2.0809,3.8806,4.6351,3.0821,1.3931,1.7814,2.3336,0.56403,0.11173,0.83893,1.4279,0.59384,-0.9202,0.49145,1.861,-1.7128,-3.7899,-3.6791,-3.5337,-3.3463,-3.7782,-4.4727,-5.5073,-6.0982,-5.1466,-5.6468,-5.2533,-2.2421,0.14634,-0.60845,-4.2033,-4.8839,-4.7483,-5.6466,-5.6734,-3.4836,0.74495,5.0792,4.6483,1.6511,2.3544,4.7648,6.6221,5.2524,3.227,3.019,1.9071,1.7155,2.4933,3.4328,2.8281,2.3117,3.1531,1.7606,-0.278,-1.7157,-2.3315,-2.225,-1.1941,0.75599,2.8457,0.9643,0.87396,3.4443,3.8421,3.9,1.5162,-1.4237,-3.4428,-3.8935,-1.597,-0.79318,-0.92783,-1.5652,-2.6229,-3.5236,4.5067,3.4661,1.6469,0.71398,-0.16978,-1.1112,-4.6099,-6.8718,-4.9228,-1.5785,0.99123,1.8097,1.1944,0.73817,0.3656,-0.46696,-0.55186,-0.14804,-0.85047,-0.60243,0.53634,0.64592,1.3693,1.6977,0.54973,-1.1307,-3.0624,-1.5589,1.765,0.61081,-1.5817,2.2396,8.1672,5.8216,2.5855,8.1169,9.8041,7.3729,5.2146,-2.3337,-6.5354,-4.1913,-0.8588,-0.74276,-1.6712,-2.0961,-2.7305,-3.3331,-3.3263,-2.2804,-0.53961,3.7617,10.82,7.3526,-5.5859,-12.425,-15.989,-18.011,-11.534,0.23275,4.2181,0.97108,-1.4464,2.0427,2.8043,-0.57346,-0.11345,1.4685,1.4728,3.3693,3.0915,-0.65713,-1.4775,-1.7164,0.072311,2.1573,1.4671,-0.28491,-1.819,-2.5581,-2.975,-3.3256,-3.3337,-3.1896,-2.9828,-5.2525,-4.8391,-1.9635,-1.4492,-1.4534,-0.43767,1.686,2.098,2.2026,2.7472,4.5328,5.8695,6.1916,7.8025,9.3269
-0.22795,-0.069355,0.0562,-0.012669,-0.19186,-1.3134,-2.5614,-2.5287,-2.4296,-3.4832,-3.86,-0.93303,2.0037,0.94436,-0.50064,-0.032403,0.91744,1.3631,1.8222,0.60098,-0.9342,-1.3035,-1.2836,-0.89258,-0.63601,-0.39194,0.09974,0.77162,1.2464,0.82662,0.39088,1.1217,1.6726,-0.12837,-0.58332,0.23573,-0.84427,1.9374,-0.45432,-3.6728,-2.3906,-2.106,-1.8465,-1.3767,-1.0651,-0.59316,1.316,3.6804,3.7075,0.91392,-2.8321,-1.3685,0.27994,0.046893,0.73988,1.1449,1.8965,-0.39986,-4.3099,-1.3243,3.0838,-1.413,-0.55009,3.2273,4.5489,3.8236,5.3119,4.103,-0.52551,-2.3965,-2.8509,-3.3142,-3.0934,-1.502,1.0518,0.87764,-0.56373,0.65792,2.7815,4.0468,3.3449,0.53089,-1.6934,-1.7322,-1.1975,-3.4326,-2.2987,2.4638,4.6783,6.7515,7.976,9.0119,9.6413,8.067,5.7333,6.8126,6.1326,2.4542,-2.5384,-4.4224,1.3493,0.91802,0.055736,-0.7206,-1.1815,0.047089,1.4347,-0.36284,-1.7496,-1.4922,-0.82755,0.5217,1.4297,0.86745,0.15284,-0.17502,0.36848,0.97192,0.41622,0.18354,0.1912,-0.54514,-0.0067949,0.61659,-0.22162,-1.2153,-0.84285,-0.79427,-2.3718,-0.046479,2.3745,-0.15763,-1.8441,2.4305,4.9395,-1.566,-4.6917,-2.3181,-3.6636,-6.0878,-6.3205,-4.5976,-2.2059,0.079961,0.9031,1.1177,2.3657,6.5792,8.7482,5.076,-3.1147,-7.0139,-4.7939,-0.070996,4.7962,6.1285,8.0376,6.1932,0.93677,0.83804,3.3604,6.0699,3.0497,-1.6695,-3.5443,-3.9331,-4.4934,-2.8847,0.11767,1.9771,0.81491,-3.526,-2.9301,-0.24245,1.193,0.53314,-0.24836,0.07802,1.0216,1.4473,0.5485,0.37623,1.0223,0.71295,0.50889,-1.9182,-2.0006,-0.22422,-0.1875,-0.054019,-0.58574,-0.13688,0.55201,-0.29644,-1.956,-2.2924,-5.1743,-5.6819,-0.77006,1.6261
1.9624,1.3429,0.167,-0.53959,-2.5829,-4.3764,-2.4727,-1.9915,-2.081,1.7773,4.6378,4.5882,3.4088,3.3445,5.7623,8.3794,6.7238,3.4622,4.0203,3.9754,4.9862,4.223,3.329,2.6612,2.3281,2.318,1.7595,1.2441,1.7189,2.1072,1.4237,1.1105,1.6614,2.3886,2.9776,-2.7324,-5.9104,-1.6572,-2.4455,-4.2351,-2.6661,-2.5271,-3.0157,-3.0883,-3.7367,-4.7234,-5.5488,-5.377,-3.5081,-1.0409,-1.3208,-0.64125,0.92961,-0.94391,-2.9881,-5.1006,-6.9863,-6.5576,-6.7363,-3.9285,11.182,12.455,8.9243,4.8258,2.2887,4.4861,7.6213,6.1391,0.26329,-2.8687,-1.042,0.089914,0.59212,0.5535,0.81471,1.2944,-1.6138,-5.9059,-7.6499,-5.9012,-3.1706,-1.1376,0.54441,2.1798,3.4959,1.109,1.0862,3.6026,3.5919,3.3786,2.7481,2.3279,1.7507,1.0574,-0.4144,1.5864,-0.70505,-1.3261,2.0722,4.4503,1.6019,2.3567,4.0826,5.7446,7.0966,6.9808,0.33894,-4.0443,-3.0763,-0.0055763,1.9328,1.754,1.3971,1.6033,1.9868,0.4045,1.2079,4.838,5.0822,5.2812,4.2807,3.5076,2.4956,2.5435,3.0097,2.1437,2.544,2.7011,1.1236,-0.030601,1.6634,4.2846,2.5981,0.25254,-2.9835,-1.7957,-2.1913,-1.8936,-3.0522,-6.1204,-7.291,-5.916,-2.2415,0.090859,-1.1808,-3.9597,-5.8797,-5.325,-4.2493,-4.8308,-4.5371,0.66757,5.3893,7.0944,6.8589,3.6213,-1.6314,-2.4409,0.66384,-0.54679,-3.1532,-5.8682,-6.2481,-3.2561,-1.7621,-3.6776,-5.2837,-3.7368,-2.3387,-2.7105,-2.386,-2.1895,-0.21412,1.2319,0.81252,0.79491,-0.44746,-2.3573,-2.7294,-2.1993,-1.7592,-1.3921,-0.93749,-0.82056,-0.76877,-3.1577,-3.0778,-0.56143,-0.11729,-0.20637,0.65163,2.3105,2.2063,1.4637,-2.272,-1.6757,3.1946,3.6505,0.82491,-1.2229
3.5804,3.2131,2.2171,0.97859,0.14248,0.20572,0.20769,-0.027274,0.29231,0.57778,0.75901,0.99293,1.1324,0.95975,0.88684,1.4635,2.3705,2.9094,2.9021,1.8195,0.46692,0.071947,-0.23826,-0.79196,-0.63587,-0.49336,0.078063,0.84594,1.3207,1.1455,0.93464,1.6655,2.2164,-0.29974,-1.4479,-0.6289,-1.8829,0.751,-1.1307,-4.1858,-3.2194,-2.9868,-2.4549,-2.1302,-1.5157,0.53922,2.7232,3.1095,0.77267,-0.93594,-2.8766,-1.9818,-0.52376,-1.1018,-2.3434,-3.3683,-1.4509,1.9735,2.5769,0.003507,-2.7303,0.15572,0.43334,-2.1904,-7.2584,-9.406,-7.3528,0.89208,5.8949,1.2461,-3.3565,-1.2223,1.2543,1.1621,-0.22977,-0.30511,-0.11133,-0.32026,-0.05536,0.50265,0.67553,1.0778,1.7953,2.101,1.5908,-2.3531,-2.3121,1.4844,2.4022,3.2408,4.0604,3.3627,2.9876,3.0861,1.8221,4.4758,6.1738,4.0657,0.021425,-0.89484,-3.409,-3.3427,-2.8412,-1.5961,-1.6783,-2.5745,-1.7198,-0.31192,0.55001,0.86895,1.2457,1.4371,1.2232,0.95351,0.63116,-0.032805,-0.68788,-1.1484,-1.779,-2.218,0.18328,2.3656,1.1389,0.17435,-0.62379,-1.578,-1.2283,-1.2146,-2.7921,-0.81075,1.0502,-1.4819,-3.1684,0.66633,2.9235,-3.5821,-6.5615,-4.1108,-5.1468,-6.6774,-4.9031,-1.7206,-0.40224,-0.85809,-0.39957,1.9316,3.4682,2.9383,3.0317,2.1035,-3.2664,-4.4394,-1.1055,-0.17977,-1.4351,-0.87959,0.14831,2.7769,6.0865,4.6702,1.6904,-0.76703,1.436,3.4362,3.1709,1.7349,0.55703,1.4674,2.7862,2.4516,2.7468,2.9252,0.44642,0.42596,0.98768,0.61274,-0.41157,-0.96948,-1.0424,-0.90955,-0.39629,-0.0083751,-0.13837,-0.41738,-0.90665,-3.725,-4.0298,-1.5981,-0.91597,-0.84747,-1.3508,-1.5326,-0.46278,0.3416,-2.146,-2.4079,-1.6761,0.01717,3.9002,5.4384
-5.5275,-6.4886,-1.0594,3.238,-0.10993,-4.7556,-7.7005,-8.573,-7.8439,-5.9418,-2.5995,-0.39329,0.66382,1.9995,2.0029,-1.2932,-3.6904,-3.3557,-1.7844,0.7004,2.0859,3.5067,3.8716,3.0349,2.478,0.87975,0.77462,1.998,0.99512,0.122,1.2917,2.6756,4.0321,8.6494,11.811,15.37,9.8755,-2.7957,-4.6971,-1.1886,0.24358,0.050256,0.98031,2.5278,2.8777,1.8559,-0.78942,-1.9897,-0.7797,-0.106,-0.7531,-0.84557,1.1292,4.3161,3.6474,-0.0012037,-4.5198,-5.5978,0.87669,7.9259,0.66612,8.1866,13.717,11.735,4.9013,-1.3178,-0.083115,4.2839,0.99794,-3.7453,-3.2227,-4.5946,-7.5549,-6.5096,-4.4457,-2.703,-1.3586,-0.66031,-0.7671,-0.79758,-0.44726,-0.21972,-0.0049868,0.66663,1.1132,-1.881,-1.7449,1.7802,3.2226,4.966,6.5045,6.6792,5.7183,2.663,4.0083,3.6098,4.2353,3.3159,0.56273,0.16439,-9.4654,-8.2652,-4.526,-3.1996,-5.0546,-5.3947,-4.1263,-4.5879,-4.3238,-2.0296,-0.97333,-0.98983,0.30108,1.6587,1.4361,1.1763,2.7559,4.2785,3.7473,2.6106,1.5208,2.1802,3.1727,2.3652,2.0158,2.2785,3.0553,2.7404,4.6737,7.7714,5.7832,3.4669,4.9038,9.9412,9.2787,14.947,17.455,8.2051,-2.5333,-8.1839,-8.3272,-4.1225,1.2627,4.6269,4.7348,2.555,0.96737,0.74055,2.0314,1.2883,-3.697,-4.1285,2.7185,8.5268,6.2757,-0.55826,-7.9227,-8.4466,-5.4823,-6.6846,-10.121,-12.255,-13.786,-11.146,-2.6538,-1.5484,-5.1511,-6.1958,-5.0825,-2.4978,-0.60235,-1.9834,-2.9431,-0.25431,1.1745,0.95288,0.82934,1.7431,2.3238,2.1538,1.8849,2.8297,4.0579,3.8971,3.6804,1.1016,0.11927,1.7941,2.4755,3.2138,3.4093,3.3669,4.5127,3.4985,7.1592,3.9104,-2.543,-3.5943,-1.0771,-0.22814
-1.6919,-0.98876,-0.022206,0.32441,2.766,3.4479,2.0167,1.8534,2.345,2.4694,0.32139,-3.437,-5.5939,-4.4998,-2.2136,-1.8265,-3.7133,-4.0209,-3.1932,-0.52329,1.8736,2.7877,4.5312,7.2353,10.677,12.019,10.392,6.2025,0.74437,1.1327,1.6848,-1.8539,-4.3104,-3.5832,-3.1795,-2.3919,-0.71791,-2.8023,-3.289,-1.5755,-2.1551,-2.8565,-2.0444,-1.3055,-0.6114,1.5925,4.7508,4.8544,1.8612,0.97883,2.442,2.5434,2.0146,1.3604,1.0157,4.1177,7.7951,8.9669,7.9866,2.4578,-4.1029,5.766,12.712,7.8927,-3.541,-8.7829,-10.789,-8.9051,-4.5455,-0.8096,-0.0051385,0.061039,-0.80752,-1.5333,-1.563,-1.6461,-0.56952,0.025868,0.51398,0.93646,1.7334,3.4228,5.1946,6.354,6.5923,1.5496,-2.5732,-4.37,-7.629,-8.4961,-7.4541,-4.5961,-3.3353,-5.1196,-3.9885,-4.3353,-3.917,-4.2137,-5.8908,-6.0209,3.0423,2.0347,0.12763,-1.182,-1.9639,-1.9746,-1.5546,0.33652,1.7205,1.6193,0.63961,-0.527,-1.0732,-0.77956,-0.49986,1.4912,2.0685,0.067147,-0.36786,-0.83684,-1.4444,-2.8113,-3.8336,-4.6733,-5.684,-6.2319,-7.1638,-3.7946,3.4224,2.2682,0.075755,1.4487,2.9825,0.63693,-0.20562,-4.3437,-8.2422,-3.4452,1.8159,1.1324,-0.17944,-0.3286,-0.18667,0.031611,0.5049,3.6791,6.4248,5.5117,2.7719,0.36045,-0.0045996,-0.0080413,-1.0766,-2.6849,-0.80361,2.7768,5.3669,8.6663,9.7362,5.3597,1.4524,-1.2534,-7.5768,-4.6337,4.1571,3.1014,0.53587,2.1304,-0.092591,-3.8216,-1.9962,0.88294,2.3314,0.57406,-0.25523,-0.48452,-0.65669,-0.62505,-0.569,-0.53971,-0.30809,0.076792,0.38273,0.42185,0.093417,-3.573,-5.1247,-2.8785,-1.4109,-0.47163,-0.77937,0.55466,2.1346,0.10129,-0.1183,-2.6441,0.79511,5.4058,7.5693,8.5739
-1.0895,-0.4292,0.33876,0.356,-0.12044,0.90128,1.7722,1.3631,1.506,2.4856,2.8951,1.7883,1.2382,1.5278,1.8253,0.73426,-1.8781,-2.4032,-1.7559,0.19895,1.4619,1.4585,1.1695,1.015,0.30031,-0.42182,-0.34489,-0.17169,0.3031,0.054123,-0.11639,0.61448,1.1654,-2.0635,-4.3474,-3.7234,-2.3878,2.6448,4.0953,2.8957,4.0364,4.9251,1.7428,-1.6567,-1.6131,-1.2428,-0.9618,-0.38673,0.44562,1.1687,2.5276,1.8087,0.19559,-0.67529,-0.034736,0.37901,-1.4657,-0.71407,1.8428,1.0743,-2.5544,-2.5566,-2.6008,-5.0157,-8.6346,-9.0125,-10.11,-9.3804,-5.3778,-2.5967,-1.1885,-0.94838,-0.25111,-0.10399,0.079638,0.73323,0.76896,0.34374,0.17978,-0.24914,-0.38112,0.2623,1.2614,1.4298,0.28866,-4.1317,-3.7743,1.3176,2.6268,2.4486,1.7153,2.1771,4.0428,4.3165,3.19,-1.045,-4.0604,-6.3694,-9.1152,-10.25,2.1465,1.1054,-0.76638,-1.8768,-1.9855,-1.8526,-1.1534,-0.48039,-0.10197,0.55977,1.0188,1.1148,1.1977,1.0583,0.81497,2.3451,2.4543,0.17709,-0.40923,-0.68228,-0.84783,-1.8418,-1.2245,-0.35644,-0.66255,-1.1119,-0.44038,0.0053921,-1.5721,-0.066511,0.98222,-1.5499,-3.2364,-1.7417,-1.8746,-7.5851,-9.9257,-7.4766,-3.2395,0.65159,3.2679,2.8947,1.0414,-1.1435,-1.5565,-0.70382,-0.28221,0.26421,0.316,-1.6373,-2.6889,-1.1512,-1.4803,-6.0437,-9.3821,-9.6356,-8.5041,-3.2235,1.0044,-0.35734,-1.0696,0.25723,4.4919,6.5382,4.0777,6.1779,10.055,7.3659,3.7456,4.8094,3.2236,-0.17359,-1.1741,-3.0169,-4.8293,-3.8896,-1.057,0.029063,-0.24675,-0.56172,-0.97337,-1.2921,-1.0104,-0.97082,-1.5374,-4.3854,-4.626,-1.5152,-0.23557,-0.15954,-0.61684,-0.73334,-0.22678,0.27303,1.7361,11.517,8.1811,4.146,6.9868,8.6117
2.5044,1.9944,1.0444,0.34675,-0.11225,0.71783,1.2936,1.0714,1.2055,1.8133,1.3725,-0.61797,-1.4417,-1.8267,-2.1771,-2.2662,-2.4696,-1.5784,0.22978,1.773,1.389,-0.69829,-2.3489,-3.0629,-3.9531,-4.87,-5.5038,-4.3325,-2.4361,-2.0478,-2.0039,-1.6155,-1.0646,-0.33742,-1.6567,-2.2948,-0.62081,-0.9205,0.26565,2.6958,3.9545,4.8472,2.171,-0.28745,0.95565,1.9028,1.663,0.29187,-0.66857,-3.1058,-1.6066,1.126,1.8206,2.1836,1.1181,0.68297,-0.3141,-0.45525,1.9758,5.6466,6.8767,4.9642,3.3566,4.2937,6.1457,8.5803,7.3127,-3.926,-12.002,-7.1554,-1.3316,-0.21576,0.3555,1.7357,1.9132,1.0891,1.7741,2.7077,2.6885,1.8925,-0.24983,-1.8862,-1.8748,-1.9765,-2.026,-5.4944,-5.8635,-2.3235,-1.2189,-0.13242,-0.060561,-1.6983,-3.6274,-1.7482,-0.56658,1.9762,3.1227,-0.18054,-2.7586,-3.419,-2.2653,-2.0431,-1.7759,-1.9033,-2.2885,-3.1558,-2.8148,-1.4687,-0.095013,1.0396,1.1482,0.36138,-0.73408,-1.4464,-1.6139,-1.2271,-1.2978,-2.2288,-2.9425,-3.8932,-4.4,-4.5182,-2.6294,-0.69748,-0.72218,-0.87885,-2.0712,-1.0003,1.2289,0.074649,1.3794,3.1255,1.4391,-0.90653,-0.82969,-4.5529,-8.4513,-4.3072,3.1194,7.9017,9.7048,7.8463,4.4777,2.1061,2.2598,2.7508,1.9487,2.8453,3.3409,-0.47856,1.1036,4.9494,3.9639,2.9697,3.2941,5.2073,5.1687,1.9168,1.3111,4.0953,1.333,-0.70343,1.6176,1.5111,-1.8653,-2.8416,-3.3909,0.048185,4.8578,2.5045,-2.6358,-3.5226,-2.0598,-0.21895,-0.43531,0.57853,2.1063,2.1287,1.5677,0.78107,0.8004,1.1001,0.78491,1.1303,1.544,-1.0712,-1.3313,1.1709,0.0017946,-1.6009,-1.9094,-1.5633,-1.3357,1.4504,3.4559,-1.859,-3.2141,-3.0988,-0.60043,0.64633
-0.16393,0.82217,1.2214,0.13637,2.6585,3.9007,2.0955,1.7146,2.5702,2.6911,1.8664,1.0176,-0.023595,-0.36742,-0.28875,-0.29241,-0.20863,-1.1869,-3.8841,-5.1012,-4.4155,-2.7011,-0.86981,-0.36445,-0.028169,-0.75884,-0.64359,0.38225,-1.6056,-2.2304,-0.61096,-0.7115,-1.5087,-2.5104,-3.1302,-2.4751,-5.0931,-3.7021,1.5999,0.57081,-1.189,0.057909,0.52262,0.52692,-0.086135,-1.1672,-0.9404,-1.138,-2.1476,-1.9598,-2.8682,-2.0763,-0.80657,-1.5802,-1.8782,-1.2566,1.1965,2.8567,0.87283,1.9678,3.1478,-1.4046,-5.7602,-6.2398,-3.2531,-0.32495,-0.10484,-2.1773,-2.1683,0.61341,1.9405,2.2384,0.78339,-0.011976,1.9627,1.6756,0.54061,1.5209,2.9551,3.9091,3.3652,2.3993,2.2278,1.3101,-0.13119,-4.6719,-5.8054,-2.4649,-0.55289,2.1698,4.7203,5.4334,4.4616,1.8071,-1.1893,-2.0615,-5.9991,-1.5517,5.855,9.0021,-7.1249,-5.8015,-4.7225,-5.2572,-5.7716,-4.6001,-3.3674,-2.1318,-0.93713,-0.82529,-0.01042,0.80122,0.17609,-0.10193,-0.28788,-0.88849,-1.6955,-2.0505,-1.5109,-1.1685,-1.8539,-1.5014,-1.5543,-3.0802,-3.9667,-4.3673,-2.5018,-1.0042,0.19885,2.4312,0.93007,0.3197,2.9269,2.8194,-0.26512,-4.9966,-6.68,-6.422,-3.441,0.18365,2.4363,3.7373,5.5604,5.5684,2.7896,0.67086,0.64464,1.3219,0.73488,-1.8479,-5.153,-6.6407,-4.4379,-2.0587,0.21655,3.831,3.7772,2.0784,0.37325,1.8162,3.3363,6.2221,7.1106,3.3042,3.5478,4.2604,1.2228,1.2018,2.9139,0.37834,-1.3119,0.54117,1.8674,1.949,1.1395,0.39015,0.13513,0.19413,0.70501,0.92257,1.4876,1.7515,1.2272,1.2754,1.3344,-1.5132,-1.9264,0.52229,-0.1878,-1.4463,-1.8474,-1.8443,-2.4727,-4.1414,-6.0087,-4.3811,6.1662,8.7432,3.6397,0.83495
0.068325,-0.16101,-0.32348,0.11378,0.5962,-0.49323,-2.1996,-2.5478,-3.2064,-4.5683,-2.8103,2.1924,5.6561,6.0742,5.6245,3.0909,-0.2882,-0.52447,-4.1628,-7.8023,-8.8674,-8.4195,-6.9862,-3.7779,-1.0206,-1.1033,-1.3362,-1.2127,-0.69118,-0.30287,-0.26276,-0.097272,0.45362,1.1808,3.2211,13.865,12.047,-0.76939,-3.6646,-2.2886,-1.3682,-0.55191,0.56241,1.3551,2.0281,1.1828,-1.869,-3.4981,-4.7817,-4.4877,-2.5783,-1.5705,-0.90265,0.2383,2.301,-1.0372,-4.3342,-4.7722,-5.3039,-4.4438,6.8153,13.906,10.942,7.052,7.1492,10.067,12.384,11.273,8.9466,3.9339,-0.049263,0.46062,1.9466,0.15243,-2.3662,-1.4123,-1.2548,-1.3421,-1.9848,-2.9431,-3.1774,-2.7874,-2.298,-2.0776,-1.884,-4.5225,-3.7791,0.60057,2.5,4.3358,5.5131,5.4389,3.6297,0.6989,-0.11105,0.36201,3.0699,3.0789,0.74193,0.66034,2.2312,2.3232,2.0908,0.93052,-0.51013,-0.59485,-0.31519,-2.1451,-3.6417,-3.3037,-1.7551,0.47427,1.6125,1.2789,0.54156,2.2115,2.8404,0.4841,0.093926,0.7757,1.5919,0.51739,-2.1075,-2.265,-0.93778,-1.7205,-3.1954,-2.9168,-1.7024,-2.8566,-1.2909,1.1729,-0.51356,-2.8592,15.223,23.826,22.908,16.815,8.8498,1.9993,0.023844,0.24962,1.1074,3.9435,5.7306,3.8788,0.42446,-1.5404,-0.79043,-0.25142,0.84351,0.862,-1.5896,4.5709,10.506,5.3342,-2.9965,-7.7021,-5.6813,-2.6575,-2.9999,-11.249,-9.8884,-4.0411,-3.5646,-5.8741,-7.4587,-6.6177,-1.3688,0.70715,-0.033689,2.1335,1.0637,1.0041,1.0241,-0.15506,-1.21,-1.5492,-1.8153,-2.0519,-2.2892,-2.5828,-2.7011,-0.96103,0.89329,-1.6143,-1.7734,0.76294,0.84962,0.30115,-0.16344,0.53761,1.3502,-0.1662,-1.1951,-7.274,-7.4703,-4.5362,-2.5166,-2.0842
1.9716,1.5437,0.55024,-0.46824,0.71551,1.2718,-0.26847,-2.8798,-6.4723,-5.449,-1.4379,0.58867,1.7884,2.2633,1.4647,-0.94813,-3.201,-2.2756,-0.94681,0.9383,1.9486,1.9029,1.0944,0.37598,0.077064,-0.23418,0.52408,1.5234,1.9982,1.6906,1.3415,2.0723,2.6232,0.82555,0.81735,1.6364,0.53089,1.8615,5.0973,0.47653,-3.586,-3.4216,-2.978,-2.6631,-2.7671,-1.9943,-1.3927,-0.30031,1.6032,1.1333,0.89408,1.262,1.2607,0.58491,0.75891,2.0844,2.3954,5.0262,7.3036,2.0042,-5.622,-4.4233,-0.45391,2.3367,5.2033,7.0461,6.4691,7.3498,8.2652,6.7906,3.7297,1.6947,0.037788,-0.8307,-0.985,-2.7557,-2.3409,-1.9194,-1.888,-2.4866,-2.6959,-2.1435,-1.4393,-1.4383,-2.1485,-5.748,-5.2274,-1.0799,0.23203,1.4544,1.6996,1.232,0.04698,-0.6352,-1.0873,2.0001,3.3039,2.5201,1.6246,1.3219,-2.1956,-1.9555,-1.1109,0.49273,2.6916,3.7483,1.7546,-0.81755,-2.1993,-1.8054,-0.38299,0.65032,0.8617,0.77587,0.27481,2.0082,2.7324,0.44971,-0.1284,-0.34214,-0.4565,-1.4081,-0.55918,0.57642,0.033119,-0.66471,-0.53168,-0.77944,-2.357,-0.4657,1.2786,-1.2535,-2.94,2.1269,5.7715,-0.73403,-0.15841,1.6552,0.40092,-4.6769,-5.5403,-2.3411,-0.50297,-0.74597,-1.3398,1.6817,3.9092,4.0406,4.2989,2.1201,-0.26732,-1.8929,-4.4176,-5.0644,-1.9967,1.7285,5.7665,12.277,15.93,10.627,6.4054,4.047,-1.8412,-5.5091,-9.4689,-12.371,-13.193,-9.7639,-6.385,-4.3604,0.0023633,4.9363,7.2079,5.0388,3.755,2.0403,1.1551,1.0015,0.47638,-0.16781,-0.46908,-0.75819,-0.84979,-0.65137,-0.55634,-3.1839,-3.3754,-0.073303,1.5719,1.8108,1.9131,2.684,2.7159,2.253,-0.15528,-1.6664,-4.0025,-6.594,-6.3374,-5.7283
-2.1495,-1.3375,-0.19263,0.30052,0.56724,1.3632,2.2926,2.3469,1.9276,1.8837,2.2755,2.7892,3.2787,3.8426,3.4774,2.2694,0.7793,-2.9035,-6.4731,-6.9486,-5.651,-3.7007,-1.9602,-1.0981,-1.0071,0.48193,1.9993,1.2696,0.28377,-0.056546,-0.62264,-1.0289,-0.47803,0.24917,-1.494,-2.2988,-0.62485,-0.67624,0.39116,2.4254,3.4714,2.0235,0.60569,-0.076057,-0.4362,1.0019,2.8914,4.6802,3.7415,2.42,-1.5669,-1.7244,-0.30283,1.4124,2.5185,0.95315,0.54187,2.9005,4.0693,2.1385,-0.59724,-3.5778,-5.7985,-5.947,-6.513,-11.987,-11.042,-5.726,-3.1723,0.62492,3.2807,2.3743,2.21,3.8664,4.1125,2.5008,2.3953,3.1555,4.4083,4.5752,3.9258,2.3587,-0.74871,-3.6119,-5.5142,-10.405,-11.032,-6.9931,-4.7705,-2.2393,0.11895,1.0355,1.7071,2.7755,3.2455,4.2634,1.7371,-3.119,-7.888,-9.1,4.4887,3.7334,2.276,1.1355,-0.1033,0.080026,2.1341,2.7905,1.8291,1.4127,1.7716,2.0105,1.8502,1.704,1.2003,0.065875,-1.2152,-1.2586,-0.14902,-0.038595,-1.1358,-3.1904,-3.8582,-3.7554,-4.5107,-2.9837,-1.8117,-3.3231,-3.5853,-4.0382,-1.5935,2.2858,0.59929,-1.7463,-0.62835,-3.5404,-7.4388,-4.2736,0.95274,2.9567,2.7883,0.95494,-0.71579,0.17302,1.7981,2.9843,3.8791,4.1495,5.31,5.2733,-2.3877,-8.1894,-6.3783,-6.0246,-6.857,-5.6575,-2.2107,1.1219,4.3333,4.8854,4.0935,5.9408,5.4643,3.9282,2.6071,6.5564,11.272,7.9678,4.2239,3.7755,-0.46144,-4.0855,-1.8573,0.46973,1.0376,-0.94951,-0.81266,0.95235,1.3247,1.008,0.08934,-1.1869,-2.3816,-3.1104,-3.3995,-5.8871,-5.9647,-3.3649,-1.6916,-0.67436,-1.1937,-1.4469,-1.8907,-2.6761,-3.5459,-7.0372,-3.4857,0.89259,5.0271,6.7327
-7.4738,-5.719,-2.9501,-1.3083,-0.079703,2.7927,5.3281,6.6233,7.5172,7.3479,6.0547,2.5893,-1.9118,-5.9113,-7.8257,-5.8913,-1.8983,1.0489,2.5203,2.9241,1.0477,-0.82264,-1.1461,-0.43076,1.3558,2.7192,3.3783,4.1132,3.2518,2.7376,3.6993,4.2946,2.2444,-1.1903,-2.6342,-3.2942,-2.6538,2.2905,2.7565,0.89147,1.9382,2.8116,3.3782,2.7121,1.3559,0.36779,-0.72852,-1.4235,-0.17564,-0.18694,-0.46167,-5.8639,-10.05,-5.131,0.20156,-2.2344,0.011845,5.3875,5.9622,0.55517,-11.071,-16.836,-14.674,-12.691,-12.57,-12.737,-12.155,-9.0202,-5.147,-4.5655,-2.4945,-0.24778,1.4836,3.0322,2.9807,0.62788,-0.12784,1.9833,3.7264,4.7847,5.6295,6.8588,7.598,8.2724,9.1813,37.147,36.916,2.6961,-4.317,-13.427,-19.868,-15.534,-4.1534,1.531,-1.0412,-2.6622,-8.2506,-4.4301,0.35944,1.1939,8.0971,7.3105,5.8147,5.054,5.1358,4.6397,4.7322,5.2597,4.3627,2.6458,1.2974,0.41849,-0.27526,-0.85579,-0.94806,-2.8327,-2.5674,-0.1246,-0.84068,-1.6002,-1.6472,-1.8135,-1.076,-0.56912,-0.82369,-0.92436,-2.8125,-5.2186,-6.0425,-4.2424,-3.9588,-6.3796,-5.673,-6.7043,-10.51,-14.256,-15.876,-13.264,-6.9714,-1.9964,1.3233,1.6073,-0.94505,-4.339,-6.4254,-6.8932,-7.3603,-7.99,-7.6269,-2.1782,1.8521,-7.416,-11.074,-8.8711,-8.4354,-9.5622,-8.3835,-3.6067,0.51217,-1.6166,-2.737,1.7533,9.0171,10.555,6.2245,8.0878,11.863,7.8407,2.8766,2.648,1.7974,2.4894,2.4748,0.95853,-0.58494,1.49,4.6141,5.5269,6.1435,6.2477,5.9303,5.6913,5.4909,5.9723,8.0236,28.783,27.926,4.8798,-2.75,-5.7715,-1.8508,-3.6635,-3.6946,-1.2758,-2.7422,-1.9306,-6.6544,1.2931,9.9292,9.973
1.1052,0.58538,-0.45653,-1.2958,0.20614,0.81577,-0.62657,-1.5042,-2.31,-4.1913,-5.0605,-3.5875,-2.0012,-1.5488,-1.4642,-1.4308,-0.997,-0.13401,0.85046,0.59942,-0.10874,-0.18499,0.33525,1.1484,1.0557,0.85285,0.59651,0.21256,0.26129,0.6496,1.284,2.0411,2.592,3.3192,3.9082,2.4959,5.8444,5.2204,-2.4909,-2.6388,-1.7802,-1.4489,-0.60814,0.54877,0.891,-0.30131,-1.0206,0.75997,3.5343,5.1856,3.4021,2.9631,2.9382,2.2907,2.7502,1.8084,-0.4458,-2.4731,-2.3304,-0.29747,4.4756,5.8395,5.0613,6.3089,8.5032,8.8411,6.3233,2.7806,-0.066553,-1.5433,-1.5983,-1.2454,-1.8164,-2.1133,-2.0359,-2.1345,-0.74505,-0.189,-1.4019,-3.5686,-4.7083,-5.2072,-5.9903,-6.4722,-6.2859,-9.052,-7.8427,-2.8101,-0.11592,2.3261,4.4354,5.8674,6.6119,6.6093,5.9195,5.423,4.1426,2.6601,0.28482,-0.37951,-1.6861,-1.228,-0.12715,1.3396,2.4935,2.5689,0.99652,0.33752,0.32128,-1.0956,-1.6286,-0.76605,-0.37378,-0.29624,-0.41556,-0.16774,0.95722,1.626,1.0929,0.68538,0.38717,-0.51198,0.90237,2.7285,2.0839,1.3484,-0.14438,-0.87398,-0.91728,-2.0715,-0.32101,2.9111,1.2247,-1.1209,-4.357,11.136,20.153,19.017,4.7065,-5.7247,-4.3479,-1.1325,0.29699,1.7475,1.9308,-0.055544,-1.1171,0.56921,2.2726,2.0023,0.54469,1.1361,4.1538,6.3533,6.6375,5.009,3.2313,2.5701,-0.40421,-2.3033,-1.4961,-3.3788,-6.3747,-5.9842,-5.1423,-6.9165,-7.6814,-6.142,-5.1011,-4.6397,-1.8386,1.0076,2.7476,1.7785,1.896,2.3728,2.3076,2.1432,1.3349,0.5268,0.049212,-0.35858,0.88406,2.2166,2.0318,-0.51454,-0.68568,1.2028,1.429,1.6406,-0.33353,-1.7196,-1.4223,-1.7233,-2.1495,-5.8561,-7.4833,-7.5958,-5.5336,-4.4211
-0.020419,-0.17782,-0.63769,-1.1541,-1.3399,-0.84019,-0.24469,0.22286,-0.13301,-2.777,-5.6468,-7.5347,-6.8621,-4.1602,-3.0639,-1.273,2.1229,5.9365,8.2097,8.1803,5.6644,3.3343,2.4987,0.74223,0.072142,-0.26161,-0.78149,-0.78547,-0.72611,-0.78912,-0.23699,0.49388,-0.88915,-1.2697,-0.68068,-2.7246,-4.1768,-0.47977,0.61183,-0.12737,1.1091,1.9122,1.2282,0.72311,1.6761,1.7116,-1.0062,-5.0114,-6.2254,-4.8305,-1.0481,2.0273,3.2132,3.2152,1.7321,1.8398,1.7671,2.1915,3.3089,3.5753,2.3454,0.44976,0.92604,2.3946,4.5246,5.7181,2.9928,-0.5253,-0.83805,-0.31717,-0.4301,-0.64359,-0.36321,-2.7086,-5.2824,-3.8782,-3.0535,-2.7208,-3.799,-4.8082,-4.3368,-3.9186,-4.2019,-4.2641,-3.3171,-5.0169,-3.2368,2.1961,4.6494,6.6674,8.0281,8.0291,5.3284,3.2209,1.9238,1.4909,2.5283,0.73586,-1.1254,-0.0048407,0.0062836,0.037068,0.29513,0.97306,1.0476,0.32177,1.3569,3.0133,2.8534,1.4639,-2.2962,-5.0551,-4.7914,-3.2788,-2.1036,-0.69872,0.90393,0.45886,-0.43901,-1.4879,1.3442,4.926,3.9497,3.6009,3.2549,3.7272,3.6344,1.5087,2.5084,4.4808,2.2883,-0.24381,2.7771,4.9489,1.7128,0.59113,-1.0179,-2.3335,-1.8544,-1.3166,-0.37616,0.60898,2.1332,2.5956,2.5624,1.9487,-0.31917,-3.942,-6.439,-4.924,0.48434,4.3257,2.2767,-1.7921,-0.49088,3.994,5.7541,3.8952,1.6268,1.7368,1.3501,1.3744,0.96893,-0.90555,-3.2355,-4.7052,-4.3758,-2.8432,-2.3593,-3.2175,-3.2327,-0.96891,-0.78559,-0.2919,0.23506,0.18105,-0.037591,0.12171,-0.41555,-0.89609,-0.92463,-1.1191,-1.2867,-1.5095,-0.9601,-2.6353,-2.6411,0.072092,2.3536,3.9523,3.4436,3.5245,2.8051,1.2217,-0.70956,-8.4583,-4.4962,0.50709,2.3476,1.9259
1.8787,1.8891,1.6049,0.98046,0.40685,1.5939,3.0953,3.3798,3.2163,2.7384,1.7756,0.42993,0.41111,1.2077,0.62103,-0.96224,-2.0816,-3.7582,-5.5457,-6.1077,-6.2754,-4.9974,-4.0117,-4.4129,-4.6221,-4.9189,-3.7121,-2.0952,-2.0321,-2.466,-2.3217,-1.5639,-0.60162,0.12557,0.71457,-4.1479,-6.864,-3.2199,0.4038,1.538,0.59675,-0.071664,0.99774,0.33057,-0.4303,0.50937,1.4871,1.6053,0.20721,0.14081,1.8651,0.9833,-0.61585,-1.2938,-1.6494,-1.8697,1.1305,5.5837,3.5768,0.9251,0.3383,3.207,5.8968,3.2718,0.30277,-0.5691,-3.4231,-3.0564,1.8664,5.9152,5.2461,3.8657,1.6595,-2.5004,-3.0438,-2.0854,-1.4096,-0.53541,-0.91344,-1.9259,-1.7029,-1.5253,-1.3669,-1.1294,-1.7287,-5.8251,-5.8661,-2.7647,-2.5198,-2.0039,-1.6492,-1.3209,0.10338,2.7063,5.0784,4.8403,3.8669,2.525,-0.45356,-1.4529,-0.36718,-0.71332,-1.2351,-1.3794,-2.5508,-3.3728,-1.4304,0.14992,-0.20518,-0.78529,-1.0325,-0.87312,-0.49465,-0.43364,-0.78294,-1.3112,-1.642,-1.3906,-0.67847,-0.42162,-0.55635,0.12618,0.55097,-0.47793,-1.0204,-1.6514,-1.4419,-1.7032,-2.6876,-2.601,-4.1458,-1.625,3.9086,1.563,-1.673,2.2762,4.1332,3.8972,4.8871,4.6886,4.0437,3.8832,2.8287,1.9096,2.0097,2.4498,2.7453,2.1141,1.351,0.48768,0.46124,2.112,3.0785,1.3265,-1.6297,-2.2889,1.2029,5.8082,4.8612,1.8664,2.6501,2.0536,-2.504,-3.232,-0.41435,0.062026,0.037917,1.302,0.39057,-1.4081,0.19344,2.78,2.5543,0.5916,0.30275,-0.63992,-1.291,-1.0849,0.099785,1.0788,0.84811,0.41019,0.18101,-0.05122,-0.42115,-3.118,-3.3553,-1.6583,-1.4984,-1.1126,-1.4175,-2.1528,-2.8964,-2.8147,-0.74297,-2.9643,-0.98234,1.7385,4.6093,6.1662
-0.9366,-0.023394,0.29543,-0.75617,0.7035,0.6295,-2.5272,-3.9236,-3.2725,-1.1195,0.72834,0.85237,0.27176,-0.79282,-1.679,-1.655,-0.89144,0.20362,-0.065448,-1.2732,-1.2875,-1.2965,-1.6724,-1.3816,-1.1727,-1.0741,-1.8527,-1.129,0.84823,0.84016,0.60776,1.05,1.6009,2.8926,7.1558,6.3417,-0.59311,-6.8039,-6.2786,-4.4593,-3.6621,-3.2653,-2.6033,-1.9128,-1.9639,-2.5517,-0.68472,1.9103,0.5849,-0.34184,1.2383,1.2493,0.57542,0.13587,0.76521,0.53233,-1.193,-2.8664,-2.9181,-0.3548,6.3129,4.4334,-0.8926,-2.3483,-1.2739,2.0155,5.9805,5.029,4.3749,1.8637,-1.2416,-0.50291,0.35395,-0.69702,-0.30551,1.3961,1.3307,1.1531,0.63862,0.26884,0.027502,0.00068865,0.15406,0.10548,0.21028,-2.6263,-2.2511,1.5068,2.8786,3.8134,4.2494,4.6201,3.6956,1.4706,0.035361,-2.1447,0.89788,4.6452,6.4806,7.6371,-7.0817,-5.6317,-4.0612,-3.559,-2.8169,-3.3115,-4.9765,-4.0065,-1.8094,-0.87519,-0.47552,-0.25976,-0.6709,-1.0367,-1.3651,-1.0481,-0.51594,-0.77207,-1.0082,-0.83784,1.4411,3.6527,3.8931,3.8842,3.0306,2.0889,1.1728,1.1866,1.2713,1.7709,3.4643,3.2007,1.5142,3.1528,8.5709,15.11,14.703,3.931,-2.787,-2.0543,-0.80346,-0.99527,-1.2499,-0.61399,-0.84799,-1.7168,-0.0072112,1.6943,0.65274,-1.5726,-3.1009,-4.5565,-5.4341,-2.2638,1.3696,0.65054,0.052047,-0.3001,-2.5765,-2.9154,-1.5896,-0.63551,0.70528,0.49117,-0.74959,-3.4351,-5.2193,-3.8177,0.17765,0.44548,-0.87017,0.85829,-0.66708,-2.0891,-1.0458,1.092,1.9436,1.177,0.5033,0.055019,0.84195,1.6485,1.3645,1.0002,0.68916,-1.85,-1.4004,1.7165,2.4325,2.4849,1.9738,2.0846,2.627,1.6908,2.521,-2.6943,0.64048,3.4532,1.4967,0.43741
2.6548,2.0498,0.81399,-0.26021,-0.66234,-0.091057,-0.24963,-1.5835,-2.7469,-3.032,-1.5427,-0.11699,-1.1847,-1.8572,-0.96436,-0.064887,0.8141,1.661,2.933,3.7199,4.0114,4.0952,2.5517,0.77353,0.27862,0.0090261,-0.15117,-1.4892,-2.2879,-1.8996,-3.7853,-5.1076,-4.6248,-3.4532,-2.2522,2.1784,4.9169,0.77212,-3.91,-4.0523,-2.8306,-1.9616,-1.3874,-0.022705,1.7799,2.3818,0.38561,-2.129,-2.2218,-0.64493,1.4276,3.9022,5.1731,4.7342,3.2189,3.7744,3.6174,0.040154,-1.819,-1.0599,5.1691,5.12,1.6907,1.322,3.3731,5.1703,5.1495,2.3844,-1.621,-3.6704,-2.7211,-2.7081,-4.6183,-4.7882,-2.7508,-1.1548,-0.50555,-0.70156,-1.8727,-2.6778,-2.0355,-0.71131,0.58869,1.6404,1.8261,-1.4427,-0.73123,3.6111,4.1658,4.0053,3.4185,2.1369,-0.51811,-2.3827,-3.6684,-1.6322,1.7307,3.9034,4.5806,4.7956,-2.9906,-2.4718,-1.2302,0.41666,1.613,0.66403,-0.47445,-0.88839,-0.9921,-0.52296,-1.5434,-2.8847,-2.1488,-1.1956,-1.1677,-0.79282,0.3739,0.87359,0.07112,-0.23538,-0.43466,-1.5309,-2.2535,-2.6132,0.32966,3.6822,2.1238,1.25,0.99251,-0.16171,0.15301,0.075452,1.0849,4.7253,4.5913,13.982,19.143,14.487,5.1869,-0.64813,-3.2588,-4.4489,-2.4755,0.99133,2.9442,3.3487,1.443,-1.3257,-2.409,-0.92212,2.1054,3.3948,2.6127,1.8872,4.2419,8.5076,8.7424,0.45034,-7.0944,-3.319,-1.0139,-1.5292,-0.34684,-2.183,-5.7731,-6.1572,-4.7482,-2.3832,-1.0338,-0.26977,2.3774,1.7312,-0.7298,0.31097,1.0824,0.47189,-0.22797,-0.67531,-1.292,-1.5809,-1.6305,-1.7219,-1.6674,-1.7173,-1.2262,-3.0832,-3.2464,-0.73834,1.2773,2.6607,1.9587,2.2201,1.898,2.4792,0.42699,-0.79392,0.028911,-1.5778,-2.684,-2.7175
-5.8206,-5.4985,-5.0368,-4.5901,-2.4687,-0.11964,3.2005,6.8082,8.3318,7.5853,5.5379,5.8088,6.6207,5.6867,4.2967,3.4851,4.3351,7.3081,11.19,14.822,16.29,15.493,14.222,12.132,9.6207,8.982,8.9634,8.3037,5.8252,4.0053,4.063,4.3261,2.6883,1.0834,0.2504,-0.7024,-0.43779,-3.8614,-5.71,-5.0211,-3.3964,-2.5213,-3.479,-2.1093,-0.2988,-1.7161,-2.9458,-3.6642,-2.846,-3.0794,-1.4172,-1.0648,-0.46752,-0.47715,-3.8769,-4.9022,-2.7237,-3.0336,-5.7407,-11.82,-21.113,-20.645,-15.252,-10.91,-10.652,-11.654,-7.7904,-1.9875,-3.9771,-6.7107,-6.5231,-2.2596,2.3245,4.5239,3.1888,1.958,3.1048,2.5666,2.0104,1.5895,1.9855,2.8938,4.0775,4.8538,4.8453,0.71999,0.015635,4.1915,6.0826,7.4511,8.5114,7.769,3.7128,-2.0952,-7.4698,-14.232,-20.468,-7.8147,13.399,7.6329,8.4459,8.8149,9.8279,11.336,12.411,11.577,9.6197,9.1864,7.957,5.0007,2.6084,1.9171,1.4061,0.45429,-0.57311,-1.3017,-0.20217,1.135,0.24624,-0.98042,-2.2449,0.41079,4.1245,3.0977,2.5715,2.6385,1.9681,0.032569,-0.4831,-0.60166,-3.5434,-6.7842,-6.6848,-6.746,-10.403,-16.07,-16.369,-10.102,-0.11215,0.81929,-8.043,-12.574,-12.159,-10.744,-9.5068,-9.4901,-9.4444,-9.5594,-9.4747,-1.9935,7.2997,2.6178,-11.691,-20.003,-21.604,-15.371,-6.0678,-5.2762,-15.757,-24.303,-14.816,-1.683,0.68935,-3.1773,6.8455,14.088,9.9606,5.504,6.3091,10.474,11.84,9.4014,6.0329,0.95474,1.3546,3.6941,2.9743,1.5649,1.6197,2.0164,1.6807,2.1426,2.9775,2.8449,2.4069,-0.64781,-0.15394,3.4987,5.5185,6.8885,6.3796,6.3493,5.3751,0.58073,-8.2747,17.394,22.626,12.289,-41.815,-67.93
1.8559,1.7678,1.3383,0.63831,-0.12843,-1.8084,-2.2819,-0.77997,0.44088,0.38061,-1.001,-1.368,-0.97532,-1.9674,-3.4085,-2.2853,0.59356,2.4415,2.781,1.4288,-1.7082,-3.9053,-5.2448,-6.8637,-7.5407,-6.4709,-5.2274,-5.1659,-4.5593,-4.1048,-3.8283,-3.3686,-3.1884,-2.8837,-2.1886,-2.2966,-2.3956,-0.35646,2.0906,0.69285,-0.39851,-1.107,-1.6927,-0.0056608,1.629,1.4713,0.9781,1.0346,0.55977,-1.0771,-0.60016,0.32433,0.15919,-0.51509,-1.4346,-0.19811,1.876,2.3344,1.064,-0.086955,1.0072,-0.21327,0.21326,3.6722,4.3837,-0.71418,-5.1647,-4.8008,-2.5777,-0.30002,0.74116,0.62197,1.0188,2.1617,2.2451,1.3511,1.5619,2.4616,3.3019,3.775,3.5534,2.0573,0.83351,1.2273,1.2516,-2.3234,-2.4174,0.82503,1.902,3.2214,4.0607,3.5842,5.0683,7.3637,5.9466,5.7895,6.1669,5.7404,3.3669,2.2363,-1.3994,-1.7973,-2.4596,-2.7841,-3.1768,-2.5309,-2.1512,-0.73273,1.1228,1.311,0.9343,0.53806,0.15834,-0.066455,-0.38292,-0.50674,-0.53119,-0.87712,-1.4124,-1.5885,0.75918,2.9396,2.6185,2.7524,2.8145,4.0411,4.5733,2.3715,0.64184,-0.5883,-2.0185,-3.7637,-3.0306,0.26304,0.16698,3.8998,5.336,2.8952,1.8126,0.65502,0.43202,-1.3174,-1.8626,1.2729,3.2872,2.415,2.5405,3.0362,1.6953,-0.48999,-0.93577,-0.87247,-2.2182,-2.8594,-1.7262,2.8719,7.7803,5.6941,-0.15139,-0.17935,1.6552,2.8853,4.3105,2.0598,-1.0447,-2.2685,-2.7305,-2.4745,-2.9495,-2.7916,-2.4217,-1.324,0.4613,-0.28218,-0.64338,0.60338,1.2495,1.2075,1.2256,1.1079,0.43047,0.73997,1.5704,1.2985,0.95132,-1.7691,-2.1147,0.88356,2.2769,2.4111,1.963,1.8999,1.1299,-0.18979,-3.4694,-11.427,-6.2231,-2.675,-0.51299,1.1812
-1.4576,-2.3145,-3.7799,-4.4946,-2.8563,1.3757,5.0045,7.5181,8.7487,7.7204,6.9826,6.873,6.2986,6.4989,5.9106,4.684,5.1801,6.4111,7.3305,6.5781,5.5882,6.0299,6.238,6.9896,6.9403,5.7242,4.6732,2.0654,1.5333,3.18,1.9564,0.90479,-0.41943,-2.4075,-3.2134,-3.009,-2.2304,-2.9639,-2.2133,-0.26459,1.0164,2.0469,2.1729,1.1297,-0.32773,-1.7392,-3.3216,-4.3522,-3.2928,-2.5611,0.10028,-2.2444,-3.7233,-2.4312,-5.1132,-5.1277,-3.5665,-2.1789,-0.23843,-3.8007,-12.932,-17.573,-19.471,-18.605,-14.577,-12.109,-10.247,-8.8138,-5.7614,-3.1424,-2.4073,-0.0343,2.9149,3.6223,2.9024,3.8374,5.4869,6.1613,6.3979,6.4537,5.1016,3.2576,2.8735,3.219,4.2992,41.492,42.182,6.1009,-7.1153,-17.816,-21.821,-19.101,-12.388,-5.2996,-1.1042,-1.3523,-2.8465,-5.6271,-6.1214,-5.2105,4.8358,5.939,8.2952,10.842,12.678,11.859,11.434,11.486,8.7531,4.7249,2.6288,1.7499,0.82352,0.36229,1.6693,3.8777,2.407,-0.58591,-0.97652,-1.3962,-2.2903,-3.5933,-5.0207,-3.9612,-2.0209,-2.5409,-3.7836,-4.7367,-3.4099,-2.5583,-3.3898,-4.3516,-7.521,-9.8384,-11.127,-16.502,-18.245,-14.955,-7.9142,-1.7333,-1.5685,-5.503,-9.5215,-11.499,-11.243,-10.409,-10.615,-11.21,-10.76,-4.1334,5.0144,4.4561,-4.6102,-12.416,-14.894,-15.663,-12.214,-4.0299,3.0999,3.3351,3.9329,9.0894,9.6664,5.0859,0.16451,5.7412,12.461,8.6609,3.4846,2.8542,3.8915,5.0027,4.206,4.2544,3.9507,3.4423,2.8411,2.1674,1.4037,0.83633,1.9791,2.9684,2.2707,2.0319,3.7211,32.769,33.972,7.7027,-1.0194,-3.955,-1.94,-3.2834,-0.1262,3.5919,8.7934,5.0635,-5.1704,-8.7629,-4.9902,-2.1771
-3.0496,-4.2333,-5.6102,-5.0255,-2.1679,2.3181,5.8633,7.9624,8.1238,6.6155,6.4225,7.7051,8.5035,7.5566,5.3567,4.8318,5.9188,5.0729,4.1507,4.8295,6.7152,9.011,9.7499,9.4773,9.0226,6.8535,5.6467,6.062,4.5639,2.7347,2.9838,3.7147,2.802,2.045,1.5248,0.4632,0.47861,0.39606,1.2962,2.7992,-1.7647,-5.6114,-5.216,-6.0883,-3.7884,-1.1471,-3.1461,-5.2612,-5.2935,-0.30243,-0.28357,-2.7899,-1.4222,0.87934,1.4852,-1.9922,-4.8596,-5.5043,-6.0164,-4.5561,-8.9449,-20.579,-26.4,-22.254,-16.616,-16.127,-15.49,-11.435,-5.7062,-2.8738,-1.2433,0.093615,2.8932,4.4061,4.3109,5.673,7.3452,7.6114,7.887,7.3831,6.7295,7.0506,6.9159,5.3954,5.5787,41.305,40.619,3.4281,-7.9713,-16.179,-18.233,-14.938,-9.9177,-7.3937,-4.4309,-7.0054,-7.7378,-8.5404,-7.7683,-7.073,6.3463,7.6605,9.883,11.281,11.952,10.924,10.484,10.141,6.2061,2.7483,2.4908,2.9615,2.7521,1.5814,3.9675,5.4355,0.91156,-2.1215,-1.6024,-1.2899,-2.6955,-4.2742,-5.7037,-3.5941,-0.52815,-0.85099,-0.77504,-1.6112,-2.3661,-2.4134,-4.4387,-6.9709,-7.4292,-8.375,-12.428,-18.303,-19.151,-16.019,-7.7026,0.39017,1.5066,-3.3881,-9.5052,-10.024,-8.4072,-8.1808,-9.6843,-12.097,-13.325,-10.545,-3.7226,-3.9685,-11.404,-14.535,-17.011,-19.483,-18.638,-14.187,-4.2884,6.0253,7.847,9.6848,9.8157,5.3692,0.55177,6.1296,13.101,9.3121,3.8457,2.8573,3.1961,6.4016,6.9146,6.8387,7.4141,7.406,6.26,4.5383,3.4058,4.6323,5.7937,4.9637,4.2346,2.7328,-0.18407,32.823,37.738,6.3098,-1.4678,-4.8292,-4.0481,-6.2321,-9.0856,-4.9074,5.6605,7.0586,2.4932,-1.093,-0.44898,-0.20226
-2.9188,-3.1802,-3.2455,-3.24,-5.9349,-3.2509,0.54423,-0.67605,-1.9923,-2.1935,-1.467,1.8713,3.892,3.0369,3.0846,3.4114,3.9557,6.3198,9.3804,9.9676,8.3112,5.7983,3.0735,2.6061,2.416,2.3096,2.078,1.8435,2.3183,2.7066,1.9216,1.4854,2.0362,2.7634,3.3524,-1.6837,-4.4709,-0.52325,0.090328,-2.3532,-1.6347,-0.73665,-1.8112,-2.4122,-1.6482,-0.61526,0.96607,0.82547,-1.6705,-2.0236,-1.6223,-0.21115,1.0139,-1.2514,-3.5811,-3.4432,-4.5531,-7.0986,-5.4798,-1.704,1.8807,6.5479,16.084,19.323,6.6563,-5.4707,-1.4064,1.6938,0.0026028,0.094372,-2.4468,-5.8358,-6.0833,-4.4151,-2.0242,-0.28886,-0.57153,-2.2428,-3.0541,-2.8575,-1.3575,1.1396,3.6153,6.0711,8.0598,5.5376,4.6048,6.7829,6.7399,5.2965,1.3621,-0.81036,-0.94515,0.67046,1.804,-0.049106,-0.39797,-1.8065,-4.6856,-5.2167,-0.50808,-0.29739,-0.43521,-1.0009,1.1277,1.7747,2.0661,1.0215,0.080836,0.41575,-0.92687,-1.4963,0.21526,0.71484,0.28888,0.36877,1.7064,2.6945,1.716,0.54559,-0.25804,1.2623,3.1719,2.1275,1.4215,0.55727,1.5301,2.4734,0.89588,-0.25834,1.5188,4.3892,2.7028,0.35716,-2.8789,-0.30163,0.1305,0.68211,0.5054,-4.4547,-9.6474,-12.18,-11.165,-6.5466,-2.4746,-0.56179,0.9315,0.35338,0.12097,-0.11183,-1.2721,1.897,4.5284,4.8066,4.6686,1.9355,-2.292,-5.837,-4.8561,0.024938,1.1269,-2.6245,-6.288,-1.9919,1.8752,-0.54739,-2.5172,-4.4362,-4.6668,-3.3642,-3.8852,-4.8668,-0.83198,2.1457,2.6958,1.826,0.65384,-0.29956,-0.6795,-0.59605,-0.39204,-0.11102,0.44155,1.129,1.6939,-0.71023,-1.2572,0.7296,0.94071,0.70212,1.2908,2.5261,1.5201,0.67945,1.6705,-4.3263,-0.71509,3.6322,6.4299,7.6769
2.3022,1.6184,0.10877,-0.17293,-2.529,-5.9794,-6.4835,-3.3394,-0.777,-1.2665,-1.8787,-2.9107,-3.8119,-3.0124,-0.57466,3.5557,11.13,14.846,10.162,4.3502,5.33,4.5308,3.6304,3.1198,2.9532,2.943,2.2539,1.4432,1.918,2.3063,2.8584,1.1197,0.033324,0.76052,1.3495,-0.28038,-1.2787,-3.6907,-5.3625,-4.5406,-3.8263,-3.302,-2.6112,-2.3574,-2.7267,-2.278,-0.2986,3.0424,6.378,5.4158,3.138,-0.57628,-5.9989,-7.3251,-4.0122,-3.6772,-6.3563,-5.1517,-3.0261,-1.309,0.55543,2.4216,5.1101,6.7637,7.5978,9.3809,9.9056,7.509,3.7791,0.25721,-0.85217,-2.0255,-2.7781,-1.4458,-0.24666,1.4463,2.4445,1.3057,0.69959,2.3392,4.8317,7.3403,8.1917,6.6044,4.9409,1.5672,1.028,4.1617,5.4596,6.054,5.9368,3.816,-0.17216,-4.6366,-6.4014,-4.823,-3.308,0.042457,3.8387,6.131,-5.0507,-4.4953,-2.831,-2.1801,-1.8011,0.056037,3.1711,1.5371,-0.53552,-0.44306,-0.11662,-0.7581,-1.5703,-1.3528,-0.47805,-1.2987,-3.9994,-6.0641,-1.6139,5.4853,4.3584,3.3247,2.1774,2.1903,2.6129,1.7469,3.1012,4.7196,3.1421,1.9879,-0.20455,1.6444,4.7118,2.3662,-0.86988,11.311,16.356,9.755,1.7221,1.7369,2.5159,0.61168,-0.62037,-1.1686,-0.76672,0.90581,2.6406,3.4677,3.4191,0.84212,-3.122,-5.4636,0.3453,9.9434,7.1689,-3.2308,-5.8614,-8.1412,-8.6038,-0.90228,3.0394,1.9259,-3.5309,-8.1097,-9.8568,-8.7956,-7.0178,-5.0691,-4.1819,-2.7778,1.1604,1.4016,-0.31668,0.44819,-0.65397,-1.2532,-1.5706,-1.1964,-0.19921,0.44206,1.2495,1.8458,1.6984,1.9168,2.3704,-0.3932,-0.31741,2.4983,3.0675,2.9225,2.2666,1.8939,1.4623,-0.9732,-3.615,-5.4305,-0.61482,1.9998,-1.5086,-4.2228
0.61679,-0.52438,-1.9496,-2.0383,-3.4847,-4.509,0.29143,4.6606,5.3103,4.548,2.6679,2.1066,2.1948,1.987,2.0196,2.7263,4.1502,5.3032,6.2164,6.2629,5.4286,5.1645,5.1127,4.397,3.7495,3.7087,1.9635,0.59857,1.2349,1.6232,0.80401,-0.85966,-1.3342,-1.7226,-2.3864,-1.8262,-0.52012,-0.89131,0.3936,2.7592,3.849,0.071213,-3.5437,-4.1659,-4.6443,-2.8023,0.45253,1.7475,1.2398,1.1924,1.7377,-1.3897,-2.272,-1.2361,-2.718,-1.8126,-0.29937,-1.5548,1.0212,1.0021,-7.2516,-8.7225,-8.2234,-8.8914,-7.7196,0.0035531,3.2373,-0.082114,-3.0884,-2.6929,-1.1908,0.40296,2.5856,2.6244,2.5758,3.6942,2.246,0.43898,0.046372,-0.3099,-0.18905,0.091324,-0.18361,-0.29839,-0.17011,-3.2916,-2.7855,1.3521,1.5934,0.64951,0.098117,-0.38007,-0.59389,-0.5553,-0.89412,-2.7408,-7.6201,-7.402,-2.9575,0.12264,3.1795,4.5333,6.711,8.1604,9.9282,11.488,9.3519,6.6894,4.9034,3.0341,1.9561,1.9479,1.6383,1.2503,0.88316,0.18897,0.25597,0.50936,-0.48263,-0.86281,-0.95881,-2.0194,-3.357,-4.2612,-1.5933,1.2325,0.52481,0.64072,0.51638,-0.63784,-1.3221,-2.9217,-5.2438,-5.3326,-5.4311,-11.164,-13.611,-10.253,-5.945,-3.0908,-1.288,-0.87207,-3.373,-6.4041,-6.028,-1.8158,2.0356,2.6245,1.3378,1.953,3.8885,2.957,0.045751,-4.0683,-4.804,-3.6216,-1.9049,-1.9473,-5.5115,-9.9907,-8.5415,-1.091,6.9521,8.2762,4.2607,1.4482,1.5457,2.0832,3.1799,5.3423,5.1784,3.7571,3.4985,3.6084,3.2411,1.0897,-0.28502,-0.48677,-0.93038,-1.2059,-1.521,-1.9356,-2.2957,-2.63,-2.903,-5.4874,-5.6748,-3.1312,-2.1006,-1.6836,-2.0914,-2.1768,-3.0222,-3.0056,-1.827,-3.4508,3.4108,7.0257,5.4815,3.7134
-0.10018,0.66554,1.6084,1.7776,4.1402,4.7461,2.9687,2.662,2.3762,2.0566,1.9751,2.1013,2.6862,3.5529,4.7359,4.3351,0.68379,-2.3628,-3.162,-3.7309,-3.2936,-2.0561,-0.59207,1.1548,2.9007,3.3573,2.5643,0.8833,1.3581,1.7464,-0.53629,-2.0404,-1.4895,-0.76227,-1.7824,-1.7808,-0.10679,0.22355,1.2885,2.8713,-1.444,-5.1482,-4.6092,-3.9031,-4.6486,-6.6162,-8.2715,-8.4479,-6.4957,-5.045,-3.8672,-1.651,-0.63424,-2.1297,-2.7718,-1.8951,-3.5471,-6.6859,-5.7048,-2.6322,-2.0872,-0.40845,-1.7606,-1.3593,1.8433,2.1837,2.6577,4.5511,4.0757,1.2365,1.3949,0.95109,-0.50028,1.3345,3.3664,2.8451,1.3039,2.1126,3.6044,4.7424,5.0579,3.7025,1.6172,0.5366,-0.99589,-5.1781,-5.0687,-1.1757,0.44706,1.4932,1.2483,0.41477,-0.96464,-1.48,-2.2983,-1.2111,0.74378,-0.26185,-1.424,-1.1285,3.8242,2.8869,1.3334,0.70678,-0.07741,-1.2852,-2.2999,-1.6206,-2.4035,-3.3118,-2.9626,-2.1108,-1.4649,-1.4508,-1.5115,-1.9345,-0.86798,1.1968,1.3797,1.4076,0.80479,-0.82685,-2.9798,-4.9555,-6.2314,-7.0907,-3.5353,1.5052,-0.072267,-1.2265,0.86201,3.2802,1.5938,-0.75184,1.6048,-0.27887,-4.1773,-2.2884,1.2093,1.0446,-3.1956,-5.5363,-1.6533,1.6884,-0.6388,-4.1463,-5.4804,-5.138,-3.7502,-2.1659,-1.1795,-1.2879,-1.9707,-0.086835,4.0975,6.884,3.9382,-1.7672,-1.7998,2.4273,4.4147,5.0086,4.3452,4.6826,3.8222,1.2488,0.016348,0.096981,1.8506,4.3028,5.8104,4.2208,0.87582,1.1209,0.39389,-0.87037,-1.7455,-1.7558,-1.218,-0.89055,-1.3201,-0.87496,-0.19631,-0.8411,-2.916,-7.0319,-7.2609,-4.7509,-3.917,-3.2037,-3.1269,-3.011,-3.3131,-1.0474,-0.78987,10.711,9.7544,6.0484,10.334,13.435
1.3354,1.7982,2.0066,1.2612,2.3457,2.2239,1.2481,2.4955,3.8051,4.4161,3.4692,0.60635,-1.6839,-2.8777,-5.4759,-6.6222,-4.1065,-1.8538,-1.0353,-0.042811,0.76143,0.86633,-0.89647,-3.0173,-4.0119,-3.3818,-2.5187,-3.0356,-3.5615,-3.659,-3.4497,-3.0456,-2.4947,-3.6279,-4.5847,-3.9591,-2.5602,2.5351,3.1572,1.3875,2.5616,3.4845,4.2622,4.5752,3.5014,1.34,-2.823,-6.8691,-7.0958,-3.5732,2.0427,3.9665,2.7746,3.3324,3.3266,1.6161,1.4393,2.0265,-0.90759,-5.7111,0.78394,6.5681,0.9236,-3.9671,-2.1141,-1.1204,-7.2569,-14.261,-14.552,-6.8792,-2.4479,-0.79307,0.013382,-0.25839,0.066223,1.685,1.6269,1.3317,2.147,2.671,2.8113,2.1659,-0.073295,-1.2961,-0.18613,-1.5861,-0.10586,2.703,1.8641,0.89192,-0.8474,-1.7739,-2.877,-3.4001,-3.5839,-3.3223,-1.6551,-2.7068,-3.0893,-2.3709,-0.78664,-2.3125,-5.0174,-6.5785,-7.8287,-6.9381,-3.3919,1.2883,3.4672,3.2392,2.4407,1.3955,0.69411,0.46046,0.23678,-1.6636,-2.1089,-0.43822,-0.84369,-1.6523,-1.0128,-0.26649,-0.63355,-0.59816,-0.66302,0.75878,1.5471,-0.052639,-0.54689,-1.1458,-1.2751,-1.5016,-3.188,-2.9839,-3.8196,-9.112,-10.586,-7.6994,-0.80021,4.6996,6.2117,4.5448,1.0859,-1.6335,-1.532,-2.168,-4.5485,-7.0372,-8.4489,-7.956,-3.7244,3.0606,4.6158,0.37594,-4.0794,-5.2621,-2.0766,1.0688,-1.9954,-7.2597,-4.6922,-5.1565,1.2018,3.6969,6.5001,9.1296,9.4986,12.561,8.183,-0.78748,-0.76194,-0.77848,-1.5173,-0.99487,-0.51087,-1.0421,-0.65454,0.32781,0.47078,0.45951,0.022747,-0.85319,-1.1148,-0.95161,-1.0013,-3.1842,-3.1513,-0.96807,-0.54695,-0.47408,-0.0073196,1.1525,0.78556,1.9481,1.3566,10.553,8.356,4.3061,8.0316,10.806
