-2.461,-1.7971,-0.96701,1.6909,3.429,2.8135,0.6871,-2.117,-0.53186,0.45281,-0.98218,0.25645,1.9073,1.8984,2.0691,2.9631,0.83355,-4.3405,-6.518,-7.7119,-7.2114,-5.762,-4.4391,-3.5654,-1.4528,0.79865,1.1432,1.4831,2.174,0.7857,-0.94413,-0.10113,0.23023,0.63232,-3.1262,-4.941,-2.0529,2.5062,8.995,10.25,5.6898,4.2734,3.1315,2.5796,3.9067,5.2111,5.7637,1.7859,-3.0749,-5.7048,-3.8012,-4.6291,-4.5759,-0.37129,1.3682,-0.96764,-3.2677,-0.88974,1.6909,-0.89563,0.55879,5.8371,6.1408,-0.75547,-4.6137,-4.7318,-5.8986,-2.8411,0.39128,-0.76132,-0.53842,0.1979,0.071076,1.7037,0.20915,-2.2475,-1.2072,-0.98289,-0.72897,-1.1788,-2.2002,-2.8301,-2.6109,-1.4483,-0.25506,0.067649,0.69443,0.43351,-0.49603,-0.32114,-0.16686,0.32997,1.3055,1.7718,-0.45591,-6.6091,-5.9719,-2.5943,6.9119,12.723,3.233,2.7864,1.9021,0.37126,-0.72696,-0.50439,0.85904,3.147,0.57049,-2.4277,-2.5853,-1.3128,-0.36542,0.23823,0.36704,-0.22098,0.81758,0.81384,-1.093,-1.5217,-1.7712,-0.92126,-0.67627,-1.8779,-1.2484,-0.86309,-0.62314,-0.67604,-2.5099,-0.76691,0.69282,-2.0475,-2.8021,-3.6552,-0.58209,2.2581,-1.8263,8.0695,16.002,14.754,4.9295,-1.3601,0.42791,6.0376,7.4323,4.6597,1.9556,1.4836,-2.3792,-7.8778,-8.0776,-4.4448,-8.4201,-10.459,-4.5134,4.8022,15.915,11.156,-5.0626,-1.8603,1.7317,-0.71591,0.40128,3.8157,2.3565,0.33765,0.13984,1.1605,0.40022,0.71989,0.47737,-0.49271,1.4557,1.0107,0.24995,-0.68796,-1.105,-1.4327,-1.5707,-1.9913,-2.8331,-3.3669,-3.3859,-3.1876,-1.5133,-0.097381,0.20487,-0.23966,-1.608,-2.1047,-1.7899,-1.1959,-0.0032707,3.7705,7.9617,11.082,3.9061,-2.9257,-3.3795,-3.1492
2.4158,3.3886,4.4282,3.554,1.7805,2.1435,3.3927,2.4339,-0.06192,-2.5365,-3.6497,-1.5932,0.92854,1.1123,0.71486,1.3038,2.7916,3.8097,4.8581,6.2456,6.3101,6.1331,3.7885,0.90457,0.015941,-1.7094,-2.0057,-2.0114,-2.3175,-1.6139,-1.0435,-1.0079,-0.67653,-0.27444,0.35932,1.5108,0.15582,-0.1133,2.457,5.2052,7.3357,3.7265,0.2128,-0.03144,-0.13923,0.16511,0.42909,0.56101,0.0026886,-1.1158,-1.0542,-0.32216,2.1912,1.7324,0.13796,0.68382,2.1223,1.2236,2.1402,5.1572,1.3228,-4.1688,-1.7878,2.0051,-0.94662,-7.209,-5.1836,-1.2433,-3.2536,-3.0275,-0.22232,-0.74847,-1.6018,-0.6622,0.60933,1.7526,1.469,-0.10707,-0.53939,-1.5057,-2.3032,-2.6094,-3.2326,-4.3675,-4.8549,-4.3412,-2.5308,-1.1076,-0.5256,0.50363,1.1954,1.0379,2.287,2.7422,0.60091,-7.5988,-9.4792,-11.49,-11.946,-10.991,1.3997,0.36162,-1.6086,-2.2046,-0.8241,1.562,3.2337,3.1868,2.0151,0.72508,0.79222,1.4926,2.0976,2.7512,2.2641,1.3452,1.9347,4.1621,5.2373,4.0507,3.1535,2.5275,3.6052,5.0923,4.4788,3.6721,1.8561,0.67984,0.48543,-1.0244,-0.32807,2.1585,1.4039,0.55083,-1.0048,-2.4998,-4.6525,-8.1527,-9.009,-6.8108,-1.989,-4.0025,-6.6677,-5.2081,-5.1443,-6.3318,-5.0274,-1.7784,-2.2763,-4.2266,-3.8519,-5.6242,-4.8858,-0.64206,1.1766,0.18661,-0.086273,1.1071,1.614,5.6725,4.822,2.1022,0.91777,-0.69283,-1.7,-3.0089,-2.7181,-2.2191,-2.3013,-3.6037,-5.6587,-4.32,-2.2241,1.1109,4.3353,4.3064,2.7943,1.5779,0.46378,-0.62117,-1.4856,-1.8888,-2.0469,-2.824,-3.7306,-3.8234,-2.7267,-0.064332,1.4398,1.1965,1.0091,0.049719,0.6064,2.619,4.6301,12.606,6.5657,1.0446,3.6501,5.5089
0.3551,0.3031,-0.27385,-0.43566,-0.75378,-1.7173,2.3852,4.5702,2.7796,2.5063,1.976,-0.24039,-1.8611,-1.6734,-0.33011,1.1121,-0.58454,-5.4558,-8.1997,-9.7727,-9.5538,-8.6007,-7.6184,-6.8806,-6.2868,-5.4343,-3.4673,-1.4564,-1.0854,-0.88448,0.13445,-0.33218,-1.6294,-1.2274,-0.59359,0.55786,-0.22025,-0.17017,2.4001,3.5198,4.3094,5.5292,6.0077,7.1794,5.3209,1.8959,1.9605,4.4124,5.8862,4.0054,1.8184,1.1637,4.3542,3.8779,1.3369,1.2005,2.597,2.331,1.5574,2.3681,0.18775,-6.0384,-8.9537,-6.9838,-4.3138,-3.465,-4.4051,-4.9243,-3.6413,-1.1087,0.75423,-0.16858,-0.21623,1.0807,3.4487,2.5995,0.12089,0.8614,1.105,0.86526,-0.2841,-1.3956,-1.6215,-2.6558,-4.1778,-5.1496,-4.4749,-2.6352,-1.758,-1.3725,-1.1651,-1.3843,-2.498,-4.4093,-4.9661,-3.4148,0.0074389,4.8465,3.9771,1.4531,-0.15979,-0.2774,-0.38492,-1.3538,-1.8869,-0.58751,0.19522,1.8867,4.0874,3.7454,1.5354,0.18259,-0.44968,0.31727,1.3853,1.2993,2.1248,1.9011,0.36815,0.33336,0.33378,0.03077,-0.28542,-0.7355,-1.6523,-3.0057,-2.9769,-3.2455,-2.5554,-1.1069,-4.0804,-3.2482,0.90579,0.052718,-1.5029,-2.9979,-5.1913,-8.5841,-9.4405,-5.8472,0.17475,5.4863,8.5844,8.4854,5.9525,3.5152,4.7864,9.7078,9.2911,3.6613,3.2827,5.0025,5.9837,1.5798,-3.4895,-3.6735,1.1922,6.8793,9.3766,7.7333,4.398,2.2485,0.8071,-1.828,-0.15935,1.7844,-0.23211,-1.0576,-0.38097,-2.1233,-3.7653,-1.6884,-0.53677,0.17418,1.5198,3.3222,4.3226,4.0444,3.3173,2.4715,2.5005,2.8157,2.3578,-0.41944,-3.343,-4.1237,-3.4913,-2.5932,-1.0459,0.59543,0.23541,-0.46943,-1.8559,-2.1583,-5.3383,-2.5223,-4.6142,-8.9486,-9.4496,-8.1784
-6.9094,-5.639,-3.2275,-1.3768,-0.31229,-0.57429,-2.8216,-0.67179,1.8928,1.2537,-0.66675,-2.1449,-1.6737,-2.412,-3.0697,-2.3244,-3.5786,-6.0332,-5.0824,-3.9929,-2.8243,-1.912,-1.6206,-2.5338,-3.8501,-4.5886,-3.0297,-0.58592,0.10501,0.72384,1.2301,2.0731,2.4045,2.8066,3.4403,-0.30069,-0.24865,2.6127,2.7781,5.2365,5.5511,4.3435,4.2284,4.1334,4.8084,5.3543,2.9224,1.3642,2.1961,1.2266,0.17169,0.32626,1.4275,0.36113,-0.81698,2.5134,4.3237,2.3496,1.5015,-1.932,0.78664,2.2895,-5.288,-8.9623,-10.232,-12.674,-8.4496,-0.17011,-1.6125,-4.9677,-3.9466,-2.2292,-1.3439,-0.27233,-0.19763,0.0081429,-0.56516,-2.6306,-1.8318,-0.39233,0.38558,0.26387,-0.18106,-0.29542,0.12052,0.8692,2.1757,3.6573,3.5746,3.3968,3.8296,3.887,2.9561,2.5703,1.9959,1.3125,5.7452,5.0238,-2.613,-6.03,5.953,5.5801,4.3357,2.8303,-0.0080127,-2.3596,-1.1534,-1.2709,2.1243,5.5387,3.4147,-0.13753,-1.0177,-0.80068,-1.113,-1.3816,0.41158,1.0504,-0.86925,-1.5575,-1.9267,-2.2993,-2.4524,-2.4712,-2.8424,-3.6713,-1.6564,0.42956,-1.4043,0.5521,2.3298,-0.4105,-1.1651,-2.0181,-3.5738,0.34569,0.97868,-3.7659,-4.0221,0.52789,-1.7808,-3.7396,-1.6238,0.28666,0.26154,-0.66577,2.7549,7.8237,7.2327,3.1386,1.4882,1.1977,1.7673,1.9501,-0.40037,-2.5832,-0.75441,-0.35161,-3.7666,-8.1449,-2.8315,-0.65928,1.8459,1.7767,4.885,7.6599,3.5269,0.020811,1.0437,0.07674,-1.5975,-1.1088,-1.0526,-0.90636,-0.85397,-1.2316,-1.4004,-1.9247,-1.4919,-0.29913,0.10866,-0.31791,-0.93569,-1.5891,-2.0107,-1.9885,-1.2461,-0.77979,0.41568,2.0365,1.7348,1.2927,0.27086,0.72508,3.8967,-2.3654,-3.6118,-1.3592,0.79764,1.7453
-3.2232,-2.585,-0.80333,0.87802,1.899,2.1831,1.7543,-0.26914,-1.5882,-1.6245,-2.1129,-3.123,-5.5733,-6.7249,-5.7418,-4.6384,-3.7402,-2.1938,-0.039186,2.2262,3.3667,3.3867,2.81,2.1506,-0.084071,-2.9019,-5.5549,-7.6726,-8.1656,-5.0931,-0.50789,0.33511,0.66647,0.39205,0.21949,1.3709,4.259,1.9783,-0.16032,1.5491,1.9731,1.3524,1.7537,2.7959,4.6823,4.2119,3.4701,4.5001,3.1864,1.4799,5.2778,7.5511,2.4988,2.7309,4.5503,2.7804,2.5661,3.8765,1.8409,0.44564,0.044079,-2.009,-2.9608,-3.14,-2.8302,-4.2133,-10.02,-16.847,-14.176,-6.6149,-1.0766,0.051952,-0.4937,-0.6381,-0.79366,-0.22844,2.0041,2.361,2.2164,2.8762,3.0024,2.6055,1.7335,-0.17932,-2.2154,-2.8488,-2.0157,-0.493,0.69007,1.8603,2.9702,3.1817,4.0816,3.9203,1.2647,-2.9584,-1.4232,-1.8197,-6.3909,-8.2815,6.1831,5.9183,4.5381,2.41,0.46176,-0.96544,-2.1318,-2.2171,-1.7787,-0.52693,0.88059,1.5798,1.0891,0.14476,-0.31244,-0.28424,-1.6048,-1.0055,0.78508,-0.0024392,-0.53307,-0.23069,-0.41591,-1.4476,-1.1232,-0.70861,-1.3542,-2.4599,-3.5757,-1.684,-0.72012,-3.4605,-4.215,-1.8328,1.0888,-0.40617,-4.4906,0.14075,1.983,1.4358,1.5048,3.8771,7.7141,8.2694,5.4695,1.9555,1.6883,4.5971,4.6467,2.8962,4.8991,5.8952,-6.3627,-11.32,-6.6731,-2.094,0.21328,7.2663,10.454,4.0901,1.831,2.5894,1.228,3.4227,5.0231,3.0039,0.22087,-1.4949,0.65571,-0.53113,-4.1473,-4.9402,-5.1859,-4.1215,-2.4213,-1.4025,-0.053947,1.89,3.1427,3.4226,2.9725,2.0012,0.78238,-1.2525,-3.2453,-3.9891,-3.3655,-2.6528,-3.0389,-1.6669,0.01779,-0.74428,0.61948,3.595,5.4723,5.6169,-0.77946,-4.0996,-3.0372,-2.6254
-4.7813,-3.6445,-1.9345,-0.67334,-0.84955,-2.0652,1.7092,3.5971,1.0936,0.76217,0.2473,-2.7497,-3.5816,-2.8799,-3.3566,-1.9966,-1.1709,-4.1619,-6.561,-6.7348,-5.9329,-4.6727,-3.4581,-2.4996,-1.921,-1.5524,-0.28974,1.1747,1.8657,1.8349,1.4829,2.3259,2.6572,3.0593,3.6931,0.67911,0.62016,3.4815,6.0519,3.462,2.0907,3.6041,4.3374,3.4136,1.3558,0.74378,1.4972,2.817,3.836,1.0505,1.74,3.1648,2.8417,2.4294,1.2035,1.7921,4.6529,5.2095,2.3016,1.5146,10.817,15.209,9.0465,0.31044,-2.7103,-4.335,-5.8814,-1.9179,2.8875,0.27114,-2.3215,-1.8398,-1.617,-0.95528,0.59344,-0.81664,-3.4231,-2.7139,-2.3284,-3.9107,-5.764,-5.9792,-5.7596,-6.0406,-7.0156,-7.1678,-5.8514,-4.2373,-3.3588,-2.3785,-1.5212,-0.44877,1.2175,2.4584,1.9378,3.3079,2.3448,-3.0167,-8.795,-10.792,2.1172,1.5321,0.26226,-1.6384,-2.2104,-0.44315,1.0681,1.3365,0.93699,1.7676,0.92736,-0.75118,-0.46105,0.79916,0.57035,0.45801,1.4111,1.287,0.6049,0.21441,-0.018485,-0.44805,-1.5806,-1.3341,-0.62341,-1.8203,-0.48727,0.91254,-0.92135,0.8904,2.5214,-0.21898,-0.97356,-1.8266,-3.3823,-2.0919,-3.7365,-8.481,-9.3373,-5.7656,-0.72266,3.1686,4.7445,3.4228,1.7379,0.81238,1.2156,4.9296,5.4902,4.7072,7.3777,7.1589,3.8998,2.0529,0.81947,1.6975,4.6531,7.5793,7.7239,1.2625,-0.11268,-5.3071,-5.5182,-2.2516,-2.4535,-3.409,-2.6564,-1.7865,0.042624,0.97005,0.82559,0.014969,-1.9194,-0.76087,-0.9009,0.091816,1.5111,1.7814,1.7664,1.3595,0.85063,0.59324,-0.78308,-2.6643,-3.6993,-4.0153,-3.0798,-0.96362,-0.025877,-0.23081,0.36162,0.94129,1.6051,3.3044,2.1671,-0.04607,-3.165,-4.7781,-3.5575,-3.1768
2.0204,1.5558,0.17341,-0.33362,-0.19598,-0.51222,1.2645,1.2618,0.2302,0.017487,-0.33513,1.5277,3.0372,1.8173,0.83291,1.9478,2.7806,1.2795,-0.049507,0.25824,0.07936,0.60506,0.75859,0.70515,0.95772,1.4312,1.4728,1.1296,1.8206,2.5241,1.2899,-0.7404,-0.40905,-0.006956,0.62681,1.7783,-2.6219,-5.3049,-5.1948,-2.9405,-2.4608,-1.9164,0.3743,0.90243,-0.1043,-1.2846,-1.1279,-0.13381,-0.12635,-2.0027,-1.9241,-0.18939,3.139,2.7079,-0.86118,-1.1121,-0.20042,-2.0188,-5.7004,-5.5193,-0.5523,-2.1242,-4.1146,-6.9376,-4.8895,2.8121,4.96,2.6977,2.0794,-0.37305,-1.7556,0.035455,0.62113,1.4655,-0.72591,-3.378,-2.4752,-2.0469,-1.3282,-0.51827,0.33619,1.231,1.983,2.069,1.9058,0.8934,0.83314,2.6471,3.6192,4.3898,4.1654,3.1081,1.725,0.5392,-2.4362,-3.2329,3.0296,3.4215,1.1565,1.892,0.51129,0.72101,1.3096,0.72674,-0.31378,-0.05815,0.18232,0.51038,-2.2535,-3.2739,-1.6926,0.27614,1.0785,0.45247,-0.44254,-0.86777,-0.26277,1.6866,2.7694,1.764,1.1948,0.78719,0.95606,1.0994,0.29826,-0.93625,0.79841,2.9519,1.118,-0.39184,0.9927,5.4794,4.7248,3.8718,2.3161,0.82111,9.2903,9.4109,4.9245,1.5703,-4.5359,-8.1618,-9.1075,-9.0678,-7.4257,-4.7957,-1.274,3.4681,2.8653,-1.675,1.6623,6.7611,2.7911,-4.0138,-5.2448,-1.8022,5.1688,6.8773,0.58279,-6.6633,-2.0707,-1.4522,1.0177,2.1793,0.81766,-0.16205,-0.47684,0.51483,0.81702,2.6776,2.3226,-1.016,-0.99612,-2.2872,-3.0199,-3.4708,-3.5229,-3.317,-2.8459,-2.1774,-1.2795,-0.4394,-0.1365,-0.66761,-1.5333,-0.41217,1.8887,2.526,1.8487,1.3489,0.60315,-0.013057,0.72924,4.4126,10.28,7.1131,2.1121,0.22228,0.14723,-0.65583
-4.571,-3.5013,-1.9035,0.33537,1.7295,1.5709,-0.18177,-1.413,-1.7734,-1.8123,-0.16376,2.5423,3.6909,2.4522,1.5675,2.6209,3.5568,1.9998,0.051865,-1.3064,-3.7788,-4.9837,-2.6328,0.65735,1.8507,4.2595,6.0001,4.5607,1.6298,2.3334,3.3523,4.1953,0.38428,-2.516,-1.8822,-0.73074,2.1573,-1.7877,-4.7787,-2.2333,0.3855,0.45971,0.097394,-0.87533,-2.1074,-2.2207,-2.2144,-2.0858,-2.9664,-5.3979,-5.1316,-2.823,-0.61621,-2.4011,-3.3294,0.74737,1.8396,-0.95376,-0.10423,0.89182,-1.4189,4.4213,7.2891,2.0004,-0.64199,1.3631,2.4867,1.3496,-0.085975,-1.3246,-1.8826,-0.023959,1.048,2.0883,2.7343,3.7438,3.1857,0.15187,-1.039,-1.757,-2.0049,-1.8576,-0.72914,1.0314,2.3722,3.282,4.3597,5.4095,3.9255,1.6348,-0.141,-1.7693,-2.8933,-2.3574,-3.0366,-4.2342,-3.2047,-3.9217,-6.0728,-7.4209,4.3053,3.8598,2.9222,1.7156,0.50703,-0.54986,-0.87861,-2.4363,-6.271,-5.8275,-1.4404,1.5459,1.8665,1.1181,0.25854,-0.29482,0.24089,1.9747,2.9326,2.0876,2.0136,2.0993,3.1034,4.0859,3.231,1.9258,-0.14281,0.62526,3.4789,1.9691,-1.0044,-3.7448,-0.012113,5.1581,3.6024,2.1074,-1.977,3.9665,6.8434,5.7076,3.5639,-4.4636,-8.7903,-6.2869,-3.0733,-2.566,-1.1749,1.9491,-0.48121,-5.7222,-5.2143,-3.3764,-2.0537,5.7898,3.1778,-9.8665,-15.28,-16.014,-10.349,-0.81366,-0.29625,1.1748,1.4407,2.8144,2.9166,1.0039,2.8953,3.8152,2.3171,3.9699,3.2537,-0.69584,-1.0637,0.2328,2.6118,4.0833,2.6465,-0.44364,-2.3118,-3.0254,-3.3213,-3.35,-2.7804,-2.1256,-1.8597,-1.7235,-1.2069,-1.1351,-0.58677,0.29805,-0.72812,-0.99405,-1.0408,2.9572,8.5068,5.5617,4.0909,3.1764,3.5538,3.8161
-2.2501,-1.8882,-1.6521,-0.12071,1.0551,0.58895,-1.4396,-2.1407,-2.7175,-3.0713,-3.1226,-4.4883,-1.5461,1.3349,-0.24799,-0.5612,0.92702,0.088054,-0.76949,-0.70837,-1.3756,-1.3339,-1.0705,-0.83238,-0.34421,0.36592,1.0219,1.7519,2.4428,2.0791,1.1674,2.0104,2.3417,2.7438,3.3776,-1.3486,-2.0412,0.82016,0.5443,2.6275,1.47,0.041455,1.3771,0.78225,-0.021775,-0.681,-0.2625,1.0613,2.1911,0.70668,1.2871,1.7396,-0.76782,1.0288,3.329,0.35041,-4.4116,-1.1133,3.1609,-0.18796,-2.6349,-6.01,-2.0941,4.1093,4.5159,1.9427,2.7431,1.7467,-3.1982,-5.9682,-3.5466,0.20687,-0.065816,-0.2724,0.88064,-0.55075,-1.9759,0.018494,1.1838,0.81073,-1.0975,-2.537,-2.3344,-1.7277,-0.89791,-0.975,-0.38252,2.0491,3.824,5.18,7.1745,8.815,9.2501,7.5461,4.075,4.6287,7.297,4.0366,-2.9805,-5.562,2.0697,1.8074,1.3543,0.17364,-0.98074,-1.0117,0.28432,1.0429,1.2953,-0.52382,-2.1268,-1.5223,0.65004,0.91825,-1.8048,-3.175,-0.92034,2.5891,3.7862,2.8654,2.4258,2.1199,2.2521,2.3135,1.5177,0.29003,0.27377,-0.099913,-1.9338,0.22703,2.5157,-0.22469,-0.97927,-1.8323,-3.388,-0.20186,-0.80661,-5.5512,-6.6918,-2.8592,-5.62,-8.7493,-8.158,-6.1757,-3.8052,-1.178,1.9649,5.9613,6.2756,6.5145,8.7763,6.723,-4.7162,-8.6545,-2.9659,5.0318,11.672,10.856,-1.4437,-3.0156,0.24289,0.7032,2.1399,1.798,-0.16627,-1.4282,-1.6475,-0.63855,-0.28586,0.73825,-0.42899,-6.1184,-6.9651,-3.6163,-2.0742,-1.7718,0.015956,1.9078,2.6829,1.9286,-0.19994,-1.5703,-1.6366,-1.8096,-1.9817,-0.28864,2.3684,3.4146,3.1986,2.9844,3.8923,4.8751,5.5215,7.001,5.2326,2.1309,-3.5995,-6.3922,-4.3687,-3.6527
0.15796,-0.19831,-1.1179,-2.4281,-2.7459,-2.0185,-3.5444,-6.3415,-3.9377,-1.1121,-0.047365,2.4464,3.3925,1.5899,0.4587,3.5485,9.2132,11.331,6.524,1.5243,2.6941,2.3143,2.1747,1.76,1.2244,1.6513,1.3204,0.90672,1.5977,2.3013,1.3228,-0.3353,-0.0039445,0.39815,1.0319,2.1834,0.2333,-0.14437,2.4259,-0.8758,-3.3731,-0.48428,1.4586,0.85741,-1.1045,-2.279,-1.9871,-0.92872,-1.189,-3.3788,-0.68285,3.5394,0.58694,-1.934,-1.2641,-2.7716,-4.3106,-5.6135,-4.3476,-3.3632,-2.0432,8.5254,12.604,9.4314,2.6214,2.2228,5.2139,3.9853,-1.5386,-4.673,-2.7005,-1.0211,-1.2014,-1.6656,-0.69013,0.62979,-1.2025,-4.5776,-6.1736,-4.9332,-2.7707,-1.1524,0.27174,1.3365,2.1947,3.1718,4.5531,4.5158,3.2691,3.0601,1.9785,1.2345,1.5831,1.5003,1.1695,0.9721,-2.0935,-2.8538,0.76075,3.7666,3.9943,4.2446,4.7119,5.5557,6.2363,3.1191,-0.64337,0.56559,-1.8176,-2.0397,1.526,4.2752,4.2019,3.9437,4.0051,5.0214,5.7528,1.4851,2.1706,7.5526,7.0382,6.5568,5.5623,5.4044,5.6089,4.4074,4.0352,3.3308,1.497,-0.012869,0.3539,2.4775,1.7229,0.86984,-0.68581,-2.1808,-2.3583,-4.5205,-5.3768,-3.7549,-5.5573,-8.9619,-9.1404,-7.5337,-4.2382,-1.7638,-0.92145,-0.24516,-3.8789,-7.847,-5.9327,-3.1895,-3.4862,1.585,5.3074,3.1894,-0.059272,-0.49697,-1.0545,-4.8478,-3.1652,-3.1619,-3.5093,-0.45282,0.44044,-0.91017,-1.5479,-0.69761,-2.2926,-3.808,-2.8826,-2.6598,-0.51264,2.0004,3.0793,3.6591,1.1102,-2.8094,-4.3409,-3.5222,-2.1792,-1.2495,-0.45733,-0.2293,-0.27453,-0.070455,0.64103,1.7718,1.6102,0.64292,0.40174,0.31423,0.24091,0.66392,-0.95881,0.67766,1.6943,0.91245,-1.2167,-3.0887
2.7282,2.6157,1.9072,0.74464,-0.22667,-0.9203,0.63086,0.7241,0.87493,1.6356,0.42687,0.37039,0.93212,-0.0070528,-1.1374,-0.042559,1.9951,2.5703,1.9803,1.5624,-0.54705,-1.8356,-1.3842,-0.75881,-0.02278,0.38979,1.0814,1.9747,1.8301,0.95618,1.9751,2.8181,3.1495,3.5516,-0.66665,-2.7545,0.13353,2.9949,1.1651,2.1763,1.3809,-0.22106,0.088872,-1.0864,-1.2457,-1.0407,-0.20738,1.8189,3.0993,1.5018,0.63776,1.1003,1.7783,1.5075,-0.37215,-0.53325,0.77197,0.60861,-0.20257,-2.3577,-5.8243,-1.7849,0.56553,-3.644,-9.8428,-12.79,-10.892,-2.8306,1.8067,-2.7501,-6.75,-4.1242,-0.8352,-0.80728,-0.42809,1.5865,0.70761,-0.7969,-0.22749,0.17715,0.57006,1.1503,1.2643,0.51356,-0.12811,-0.072699,1.1167,1.8959,2.0075,2.8898,3.1771,3.3042,3.6808,3.5234,2.3803,3.2841,6.0594,3.4588,-2.3002,-3.6677,-0.79899,-0.87367,-0.87294,-1.01,-1.132,-0.74282,-0.22631,1.4538,1.8412,1.7704,1.293,0.72093,0.54367,0.33637,-0.48754,-0.84499,0.38712,2.224,2.4632,1.319,0.7529,0.47165,-0.50892,0.094799,1.1162,1.9584,2.1801,-0.46461,1.2461,4.6439,1.6703,-1.07,-1.8246,-2.6777,-0.45549,1.5082,-2.5762,-7.3208,-8.6235,-4.9616,-7.2485,-9.4863,-7.1413,-3.8189,-2.3485,-2.3272,0.58658,7.131,7.8142,2.915,2.3822,3.2796,-2.1337,-4.7472,-4.5354,-5.664,-1.4047,6.2217,8.1778,2.68,-0.45936,0.52251,1.1227,1.4055,-0.23847,-2.0052,-1.5621,2.243,4.5389,2.5075,1.0686,1.6466,0.36975,1.4981,2.3109,1.284,-0.24999,-0.69706,-0.5743,-0.35153,-0.29525,-0.14796,0.017146,-0.76628,-1.9484,-2.3986,-1.7063,-0.13636,0.30615,-0.07519,0.25896,0.63778,1.1015,2.6979,2.1719,1.1881,-0.32722,-0.49807,0.91301,1.1828
-2.4234,-3.221,-0.77404,0.82563,0.19901,-0.11268,-0.5034,-2.8603,-5.501,-6.5712,-6.651,-4.3592,-2.3113,-1.4764,-0.47716,0.66935,0.19503,-0.89316,-1.0454,-0.073843,1.3177,2.147,2.6349,2.3252,1.9,0.22176,-0.52419,-0.59988,-3.1371,-2.4284,0.38979,1.2122,1.2485,3.8723,4.5061,3.48,6.2804,4.5076,-2.7324,-1.2927,1.0388,2.5341,3.5914,1.359,0.45387,1.6757,3.3102,3.9929,1.3316,-2.3365,-0.32052,2.2693,5.9702,3.5884,-0.17142,0.15952,-1.5504,-2.4157,2.6314,11.71,7.9804,14.927,19.109,14.826,4.7237,-3.5111,-3.4751,2.5495,0.92677,-5.3924,-5.2271,-5.3621,-7.7681,-7.7156,-5.7627,-3.2137,-1.5053,-1.2661,-1.6913,-1.8614,-1.6629,-1.7321,-1.7516,-1.5593,-1.806,-1.7512,-0.42139,1.3445,2.6526,3.8259,4.7026,4.7974,4.3498,2.1937,1.8898,0.94334,4.7612,4.2923,0.23139,-0.40534,-8.5769,-8.0598,-4.6306,-1.9884,-2.7128,-4.4204,-5.6392,-5.6205,-6.7555,-6.1066,-3.3094,-0.59751,0.92107,2.1904,2.9072,2.5741,2.3296,3.8717,4.8533,3.8908,3.4143,2.9925,3.0204,3.0637,2.3722,1.6814,2.0058,2.8838,4.7302,6.583,5.0838,2.4903,8.1925,14.262,12.706,18.542,21.24,14.792,3.1247,-3.3573,-7.6445,-10.169,-8.872,-3.7806,2.1836,5.7036,7.3797,8.0862,4.1869,-0.79492,1.0793,3.0325,-0.022113,-1.9282,3.4606,4.0066,-3.8443,-5.5299,-2.4785,-1.7739,-8.6971,-10.534,-10.137,-7.2291,-3.3321,-3.9973,-4.1918,-1.6793,-2.6918,-3.9824,-2.1038,-4.2969,-6.1571,-2.096,1.3654,2.222,2.2691,2.804,2.7666,2.2933,2.1149,2.6854,3.3559,2.9161,2.8,3.1164,3.8407,4.4325,3.9204,3.621,3.5257,2.8184,3.7609,3.0603,9.3339,6.5349,-1.9312,-4.2325,-3.6262,-3.8145
-2.94,-0.7587,2.9164,4.2031,3.6561,2.9087,2.1491,0.26576,-0.066512,0.88068,0.041559,-2.0224,-5.0964,-6.5834,-5.4234,-2.3275,0.33262,-0.62255,-1.6704,-0.12839,1.8171,3.3632,5.6142,8.7061,12.221,13.79,12.948,7.9351,-0.11477,0.58883,1.6078,-0.59713,-2.954,-2.5519,-1.9181,-0.76666,-0.96771,-0.60638,1.9639,-1.3678,-3.1558,-0.61801,0.90723,1.7799,0.90045,-0.4841,0.028927,1.6879,3.6703,0.8816,-1.1841,-0.35854,0.9799,4.3034,5.6553,3.1135,5.3186,8.6711,5.8931,1.3866,-2.8938,6.4375,15.701,8.6257,-6.814,-12.78,-14.153,-12.265,-6.9315,-2.4344,-1.9504,-2.2242,-3.4647,-3.3722,-1.2582,-0.41567,-0.50185,-0.0041156,0.40906,0.76128,1.5178,2.7443,3.9572,4.3483,3.897,2.9441,0.45416,-3.1544,-5.9283,-7.0329,-6.5746,-4.4906,-3.0723,-3.7139,-2.9351,-4.2265,-4.2924,-6.2859,-9.2133,-9.6539,5.9664,4.6371,1.2902,-1.4352,-2.3942,-2.9488,-3.2551,-1.3719,1.4046,3.4459,3.3472,2.1582,0.42645,-1.1988,-1.5688,-0.61199,0.65436,0.50773,-0.51239,-1.4511,-1.9586,-2.3821,-1.2335,0.35871,0.5688,0.15867,-1.8473,-0.91104,3.2669,1.757,-1.2165,-1.2162,1.2596,0.40657,-1.1491,-2.6441,-5.3734,-9.1268,-9.9831,-5.6812,-1.6051,-1.3136,-1.929,-2.3649,-3.3643,-3.3698,-0.18873,5.5275,7.3669,6.4817,6.0308,4.2568,-0.05537,-2.7399,-3.4731,0.92286,8.8205,14.865,14.974,6.5675,0.77966,0.35618,-4.5113,-2.4058,2.0296,-0.5249,-2.8544,-0.72233,-1.9422,-4.0604,-2.0913,0.25912,1.4261,0.70738,0.60153,0.61982,0.70357,0.53175,0.3691,0.43812,0.7841,1.9492,3.1421,2.8735,1.6728,0.20745,-1.5079,-2.9685,-4.1577,-4.626,-4.7934,-3.5064,-1.6603,-2.8272,-0.21649,-2.3523,-1.6939,1.512,2.1877,2.2491
-3.3077,-2.4557,-1.282,-0.14922,-0.12004,-1.1598,2.2155,3.7875,1.4369,0.20649,1.3186,2.1909,0.14323,-1.0724,-0.50328,0.93284,2.4887,1.0604,-0.21284,1.0039,2.0708,2.2017,1.6636,1.2789,0.58388,0.32583,0.48405,0.60214,1.2931,1.3429,1.2078,2.0508,2.3822,2.7843,3.4181,0.70844,0.65396,3.5153,6.0857,3.3378,2.0328,3.6581,4.148,2.5396,0.22423,-0.49363,0.11929,1.1091,1.0188,-1.287,0.19121,2.9628,2.996,2.2244,1.7531,5.1054,6.8125,2.893,2.7977,2.9292,1.5354,0.18572,-2.9455,-7.4525,-11.501,-14.094,-16.978,-14.598,-9.087,-7.2338,-4.943,-2.764,-1.6575,-0.72859,0.69923,1.8395,2.3864,1.436,-0.22359,-0.62828,-0.61563,-0.022881,0.84642,0.43606,-1.1855,-1.4689,0.65114,3.3891,3.6837,1.6897,1.2773,2.5869,5.139,5.4054,1.5952,-7.0079,-7.1075,-7.8077,-11.978,-13.58,2.486,1.9595,0.87612,-1.0365,-1.9961,-0.72694,0.27913,1.3648,1.9753,3.0088,2.6853,2.3009,3.2237,3.402,2.3355,2.0783,2.4456,1.9964,0.98297,-0.064452,-0.61262,-0.24528,-0.39215,-1.4122,-0.36975,0.37057,0.48101,0.29455,-1.5393,0.097267,1.2978,-1.4425,-2.1971,-3.0502,-4.6058,-4.2805,-6.7211,-11.466,-12.322,-8.8734,-4.0674,0.057903,2.3658,2.4382,-0.071512,-2.4599,-0.56543,3.9893,2.9423,-0.51111,0.11745,-0.068037,-2.9496,-4.564,-8.1515,-10.808,-6.6147,0.21155,4.6601,1.4849,-1.4922,-2.6919,1.1096,3.2645,0.095569,2.2614,6.2613,3.9809,1.3243,3.3122,2.3228,-1.1089,-1.6512,-2.1308,-2.3806,-0.85118,0.67401,0.72784,0.31747,-0.29276,-0.56591,-0.37955,0.02218,-0.82339,-2.6054,-3.2399,-1.9921,-0.70681,-1.5603,-1.5241,-0.41633,-0.72069,1.5486,5.3078,6.4119,11.899,5.1249,-0.45212,0.46236,0.73325
1.426,1.1772,0.21936,-0.0038331,-0.13207,-0.95685,0.27903,2.7664,2.8272,1.5551,1.898,1.2528,-1.0774,-2.0986,-3.1686,-3.4263,-1.5308,0.19158,1.1979,1.9533,1.7445,0.46073,-1.2027,-2.4144,-3.2902,-3.9656,-3.7871,-2.959,-2.3252,-1.6216,-1.601,-2.0432,-1.7118,-1.3098,-0.67599,-1.8959,-0.9101,1.9513,4.5216,1.5436,-0.33885,0.86667,1.439,2.7166,1.2799,-0.40239,1.1388,2.814,2.6955,-1.053,-0.78077,-2.1877,-0.55343,0.84596,-0.98614,1.9697,3.9871,-0.36003,0.39097,2.5264,0.33979,4.0074,4.9279,4.1322,5.1642,6.1172,4.2759,-6.731,-15.546,-10.531,-2.8545,-0.8044,-0.74257,-0.036344,0.78033,0.50713,1.0129,1.8006,1.8777,1.2248,-0.58849,-2.1845,-2.3852,-2.6377,-3.2016,-3.7219,-3.0951,-1.6165,-1.1664,-1.1943,-1.6686,-1.9698,-2.3933,-1.2686,-1.0555,1.4167,3.8306,0.69957,-3.1899,-4.2133,-0.19115,-0.20072,-0.07329,-1.167,-2.1346,-1.1334,-0.23645,0.096167,1.1765,2.2681,1.8079,0.6251,-0.79717,-2.3499,-2.8592,-2.4116,-3.5049,-4.0403,-1.6745,-0.34379,-0.84807,-1.1829,-0.46598,0.30853,-0.14603,-1.0156,-2.8984,-2.1378,0.09133,-1.4185,-1.0096,0.76457,0.009986,-0.84308,-2.3987,-1.7215,-3.859,-8.6036,-9.4599,-5.421,1.006,6.6463,9.1249,7.9939,3.936,1.1637,4.0209,8.4449,6.0642,1.8537,2.1998,0.056649,2.6301,3.9385,2.4884,3.4449,6.954,6.9138,3.0346,0.12294,-1.3865,1.3848,3.2332,1.6562,1.9085,2.195,0.097316,-0.83264,-0.046653,-0.51444,-3.238,-4.0382,-2.3478,1.0481,2.2875,3.3575,4.6984,4.4809,3.4024,2.0705,0.5861,-0.40523,-0.81297,-1.5469,-2.5415,-3.1563,-2.6,-1.8976,-0.93842,0.12411,-0.37152,-0.47267,-0.70135,2.2642,4.3065,0.63414,-2.8953,-4.969,-4.3141,-4.2231
1.6967,0.89914,2.8594,4.3909,3.3531,2.3943,2.3083,3.0934,2.4565,1.4884,1.0536,1.3765,1.7363,-0.0099399,-1.2235,-0.19104,1.3408,0.64978,-1.9106,-3.3685,-3.5704,-2.724,-0.73843,0.92064,1.5046,0.80165,0.0074782,-0.74722,-2.6207,-1.9171,-0.89822,-2.148,-3.7009,-3.2988,-2.665,-1.5136,-1.5693,-1.1478,1.4225,1.5287,1.7273,3.0968,3.52,2.0412,1.1034,0.40558,-0.27106,0.22484,-0.16843,-1.6022,-1.2272,0.27165,-1.3504,-0.63516,2.6716,1.8924,1.0016,1.3381,-0.32281,-2.3181,-2.6941,-4.3859,-6.7222,-6.8798,-5.895,-5.2688,-4.6049,-5.6676,-6.5164,-2.5796,1.2547,1.0315,0.56929,1.5029,3.0964,1.5322,-0.64938,0.71499,1.668,1.7794,0.46644,-0.819,-0.97873,-2.9636,-5.0103,-5.2821,-4.2047,-1.743,0.74362,3.0363,4.61,5.7348,5.2224,3.318,0.82458,-3.1317,-8.2928,-4.9989,3.2618,7.322,-4.3418,-3.8247,-3.1102,-3.3529,-4.1516,-4.051,-2.5835,-0.82918,0.66887,2.4548,3.0464,1.6192,0.24267,-0.67286,-1.5269,-1.8706,-0.72462,-0.081662,-1.0582,-1.8725,-2.1979,-2.5807,-2.4822,-2.3958,-3.2078,-2.4075,-2.1976,-0.67114,3.2128,1.703,-1.2705,-0.59721,2.8119,1.9588,0.40319,-1.0918,-4.2178,-8.3029,-9.1592,-8.6352,-5.3591,-0.86124,1.4961,1.3824,1.1916,2.7739,3.4582,4.2611,2.0043,-1.609,-0.077008,2.9438,-3.0341,-7.2195,-6.7706,-3.1457,3.1055,9.5419,5.2045,-2.9265,0.51388,2.2639,4.2289,4.4405,1.7016,1.761,1.7997,0.99355,1.9563,1.5942,1.0223,0.32581,-1.2866,-0.61547,-1.2851,-1.2405,0.078358,1.1223,1.6044,1.3578,1.3635,1.6046,1.23,0.1918,-0.86562,-1.3704,-0.6349,0.47795,0.62597,0.87985,1.1494,1.0803,0.035489,-0.94478,0.060253,-2.4701,2.1836,5.7069,2.9067,0.58372
-2.3631,-2.3914,-2.903,-0.86555,1.2983,1.2473,-0.55924,-1.2372,-2.0003,-2.9784,-3.425,-3.2046,0.13298,2.9306,3.6927,4.6171,5.0902,2.4265,-2.1505,-6.3648,-8.832,-8.5937,-5.9458,-2.4909,-0.37488,-0.046083,0.60835,0.73737,0.44659,1.1502,1.3929,0.71185,1.0432,1.4453,2.0791,3.2305,-1.1161,4.1768,2.4043,-6.9114,-6.0803,-1.5864,0.056698,0.49632,1.0297,0.44313,0.82346,1.6654,-0.10965,-3.0622,-3.1875,-1.3866,-2.5101,-2.193,-1.4762,-3.6015,-1.8901,1.9558,-0.7475,-1.3867,10.913,19.669,14.868,7.5847,5.915,8.0001,10.29,9.668,6.0422,0.27619,-2.7461,-2.3385,-0.45262,-0.37037,-2.5143,-2.9043,-1.647,-1.3779,-1.8021,-2.6275,-2.8391,-2.6985,-2.4495,-2.4135,-2.2218,-1.2925,-0.12974,1.4483,3.09,4.1187,4.5861,4.5675,3.7204,1.8169,1.0707,1.8266,5.2044,4.1,0.61191,0.42683,2.9805,2.9617,3.0507,1.8812,0.1211,-0.5452,-0.15536,-0.30627,-0.13314,-2.3612,-4.2462,-2.0883,2.9125,5.4515,4.2489,3.2553,2.4415,0.37164,-1.4686,-1.7519,-1.2613,-1.4038,-3.0601,-1.7657,0.69815,-0.45251,-2.4533,-2.815,-2.0348,-3.5446,-2.5828,0.3996,-0.35498,-1.208,-2.7637,-4.2587,11.537,23.024,23.658,13.88,4.7633,-0.80382,-1.9644,-1.1849,0.064625,3.3168,7.489,9.0838,3.2104,-3.759,-3.302,-0.31785,-0.064876,-2.5127,3.7446,8.2856,-0.18402,-5.2981,-4.1487,-2.7264,0.13149,-7.3445,-7.2825,-2.1446,-1.231,-1.9648,-1.7952,-1.4576,1.8287,1.9094,-0.25823,1.6006,1.294,1.2762,1.443,0.91958,0.6073,0.16719,-0.67063,-1.4209,-1.6992,-1.7709,-1.7777,-2.2816,-2.8499,-2.7254,-0.31386,2.0599,1.7848,1.4355,1.16,0.48345,0.1751,-0.92779,0.22271,-4.9215,-6.8092,-5.0506,-4.7491,-5.2009
1.7473,1.7989,1.5097,0.2887,-0.5905,-0.94456,-2.7339,-5.1013,-2.631,-2.2087,-4.775,-2.6354,-0.16456,0.42235,0.3586,0.87332,0.92272,0.10558,0.40994,1.0801,2.0981,2.1781,0.98314,-0.25505,-0.4444,0.2927,1.6208,2.5141,1.9139,0.64788,1.6668,2.5098,2.8412,-0.99986,-2.9793,-1.8278,1.0602,0.25735,-0.11252,-1.4925,-0.57807,0.95181,-0.74363,-1.5988,-0.74644,0.25067,1.4998,3.1599,2.9396,-1.1134,-1.3623,0.17752,2.1377,4.3914,2.5574,1.5172,3.195,3.7157,3.0216,0.29472,-5.2908,-6.0287,-0.52168,3.8949,6.5914,7.7658,7.0278,7.1947,7.2151,4.7606,0.72484,-2.2459,-4.5012,-4.3636,-1.5567,-1.8608,-3.2793,-2.7333,-2.5599,-3.2611,-3.5912,-2.9677,-2.3772,-2.682,-3.4816,-3.3833,-1.6338,0.40566,1.2053,1.6156,0.98687,0.18204,-0.094039,-0.29922,-0.217,1.2751,4.1203,4.305,2.8066,2.3516,1.0599,0.88046,0.50549,0.82776,1.4288,1.839,2.8978,4.6608,2.6086,-1.2902,-2.5929,-0.35299,1.4906,2.5608,2.4034,1.4993,1.5238,-0.16709,-0.73314,0.46201,-0.026346,-0.42629,-0.52189,-0.63773,-1.3546,0.85438,2.8192,0.17458,1.3981,3.9895,1.016,-1.7244,-2.479,1.8984,5.9639,4.4689,0.38448,-1.6434,-0.62292,-7.373,-11.828,-8.9294,-2.6253,1.4032,2.304,1.3162,2.8525,7.404,5.2612,2.5454,4.1579,2.6189,-2.6506,-6.8695,-5.4759,0.63631,8.4507,16.849,20.551,10.412,0.12822,-0.29507,-1.6074,-4.5383,-6.7739,-8.4175,-8.5846,-5.4788,-3.0713,-1.7359,1.1846,4.6861,6.3361,5.1837,4.3008,1.9292,0.94759,1.0063,0.80357,0.13127,-0.29429,-0.032104,0.17053,-0.5423,-1.673,-2.0038,-0.96144,0.78786,1.0879,0.58125,0.47987,0.29777,0.13868,0.84522,0.8477,0.91104,-3.484,-7.1543,-7.9604,-8.3281
-6.2134,-6.952,-4.151,-1.0364,-0.1517,0.4918,1.5998,1.2602,1.4368,1.8764,0.72619,0.27712,0.48966,1.2014,1.946,2.496,3.4494,4.0348,1.4207,-3.1181,-4.8386,-3.9439,-1.7411,-0.014375,0.64049,1.5479,2.7559,3.8342,4.6907,4.2506,4.282,5.2275,5.5588,4.9169,2.1844,0.5452,2.8268,5.4579,5.7459,1.0953,-1.1094,0.32518,1.7084,3.2128,4.8109,1.9733,-0.70217,0.38214,1.307,1.3155,2.9405,4.4557,-0.0086553,0.10435,4.3431,7.1667,6.0609,2.3984,2.1025,-1.4679,-7.5818,-7.0946,-6.2566,-6.8788,-12.243,-18.696,-14.822,-7.2685,-5.6194,-3.5688,-0.37759,0.70025,0.094156,1.0668,2.2459,2.9804,3.1408,2.9488,3.9399,4.1348,3.8072,2.2928,-0.34507,-2.9816,-5.186,-6.4985,-6.0743,-3.9874,-2.3227,-1.0139,0.38941,1.2937,2.797,4.0425,4.914,5.8337,2.9429,-3.2415,-9.9815,-11.694,0.83463,1.324,3.1456,3.8163,2.6327,1.7428,2.3076,5.0633,5.9047,4.4647,3.0495,3.5605,4.4822,4.0561,3.0142,2.0196,3.1677,2.923,-0.288,-1.5885,-1.9763,-2.4576,-2.1847,-1.8752,-2.7167,-1.1309,-0.0046219,-2.6667,-4.5154,-5.6295,-5.3543,-4.7037,-5.4583,-5.7085,-4.9042,-4.9773,-9.5606,-14.021,-11.626,-6.0405,-0.37006,3.1733,2.5308,0.51099,-2.8345,-4.6128,-1.7271,4.468,5.4393,3.2713,6.346,10.545,3.302,-6.2882,-10.217,-10.176,-4.1888,4.7912,6.5636,1.0404,-0.43811,2.1181,1.7525,4.5063,8.4263,7.1187,3.4525,1.5486,2.6042,0.42539,-3.0053,-2.9389,-0.72094,3.2907,5.5951,3.7759,2.9258,3.7746,4.0765,3.6442,2.5671,0.62977,-1.6982,-3.8515,-5.5592,-6.3149,-5.6575,-4.6317,-3.9598,-3.267,-3.2137,-3.835,-3.9187,-3.5849,-2.6304,-4.1121,-3.6739,-2.25,-0.73432,-0.41421
-11.027,-9.4998,-6.9569,-4.4232,-3.0459,-3.0697,1.7807,4.8024,4.0116,4.009,4.268,3.8053,1.8858,-1.3306,-5.4543,-6.5758,-2.4958,2.7753,5.4242,4.9984,2.8226,0.29277,-0.91651,0.18009,2.0688,4.0275,4.5495,3.3082,2.7399,0.43291,-0.94252,0.43237,0.76372,0.52896,-0.50297,-1.0648,1.1297,3.9082,5.864,5.4463,5.2808,6.1042,6.2458,6.9631,6.0657,4.5488,4.6588,4.8044,3.6634,1.0721,-1.6144,-1.6298,-1.2045,2.1561,7.8568,7.6331,1.7349,-0.16886,0.26419,-2.1568,-5.3995,-10.863,-16.196,-17.566,-18.897,-20.297,-15.858,-8.2998,-7.5352,-6.7158,-3.7541,-1.7549,-0.78105,-0.70789,0.15834,1.0082,1.0479,2.5644,3.5213,4.1174,5.0068,5.7724,5.9038,24.599,23.348,-2.4919,-5.3929,-9.3357,-14.368,-17.384,-16.419,-8.6149,1.1294,3.0104,0.77715,-2.9593,-5.6418,-5.0521,-4.3467,-3.5366,5.5164,5.4454,5.1512,4.3745,4.0168,5.0023,6.3016,7.9437,9.1708,9.7782,7.7165,5.9291,3.924,0.053144,-3.7096,-4.8841,-2.4658,0.19404,-0.14205,-1.5654,-2.439,-2.8647,-1.8111,-0.89575,-1.793,-3.0275,-4.9027,-4.1668,-2.2133,-2.624,-2.289,-2.7616,-3.5162,-3.8704,-3.9782,-5.0456,-9.6326,-14.264,-14.252,-11.862,-6.8583,-0.87869,2.3027,2.4871,-0.92025,-4.9499,-4.6194,-1.6988,-4.3151,-9.5143,-5.8303,-0.44199,-7.0683,-13.988,-14.547,-14.481,-12.981,-3.0689,4.9758,3.9976,2.1196,2.7841,2.4441,-0.81665,3.054,6.8392,2.3071,-0.89403,-1.552,-2.1401,-0.60972,0.094575,0.81122,1.7815,2.17,3.5073,4.9609,5.9184,5.985,5.9008,6.2446,6.6786,9.2808,43.196,42.478,4.4474,-1.5107,-5.2394,-5.108,-4.2001,-4.0516,-5.354,-2.9424,-1.642,-1.5444,-1.0529,-10.203,-2.38,6.6967,6.2215
0.73259,0.61902,0.19182,-0.81031,-1.0845,-0.96986,-2.6865,-5.1173,-2.2955,-0.017147,-2.7401,-4.6795,-3.7711,-2.7443,-2.7623,-1.5658,0.87411,2.7211,3.1514,2.6521,1.4514,0.27743,-0.19906,-0.36101,-0.32546,0.12522,0.28015,0.3855,1.0764,0.84381,0.10927,0.95227,1.2836,1.6857,2.3195,-4.6757,-3.2476,1.7572,1.5806,0.88043,0.063914,0.95838,1.3133,0.19488,0.25153,0.49659,1.1459,1.7093,1.2197,-1.4758,-0.62075,0.62674,2.3619,4.8882,2.69,-0.66871,0.78916,2.3222,1.1667,2.314,8.1303,9.2177,8.0513,7.5421,7.6801,7.1671,4.6616,1.5225,-1.0384,-2.9165,-3.5794,-3.5555,-4.5963,-4.3576,-3.7068,-3.0821,-1.3254,-0.80629,-1.7315,-3.635,-4.7346,-5.3626,-6.1174,-6.9464,-6.8508,-5.5598,-3.0459,-0.88999,0.48942,2.4048,4.3832,5.2534,6.9428,6.9101,4.7394,5.9858,6.9932,4.7733,1.235,0.25873,1.229,1.2193,1.0662,1.3291,1.3179,0.93631,1.7221,3.7767,3.2904,1.9837,-0.21185,-2.0502,-1.5752,-0.06909,0.022379,-0.20337,1.1883,2.5797,2.0131,0.72267,0.0039042,0.36612,0.27295,-0.73341,0.21784,0.83496,0.98881,0.86843,-0.96545,1.4234,4.3132,1.5729,0.81831,-0.03476,-1.5904,9.8377,17.15,16.985,13.415,8.0274,-3.0314,-8.1712,-6.2368,-2.8592,-1.1821,0.91324,3.4727,4.8161,2.0271,1.4074,4.125,1.3634,-3.8374,0.9276,8.7059,8.3872,5.6838,4.4117,1.483,-0.92561,0.66001,-2.9642,-6.1414,-4.1968,-2.1806,-3.3691,-4.2149,-4.1206,-4.9358,-5.0509,-2.4703,-0.02439,1.5348,1.7094,3.2088,4.0201,4.1247,3.5868,1.8277,-0.04212,-0.97437,-1.461,-2.373,-3.6738,-4.2838,-4.0558,-2.6835,0.26491,2.0757,2.1731,2.6661,2.4261,3.2099,3.8206,0.9093,-1.7048,-5.5845,-8.0182,-7.689,-7.7212
-1.7035,-1.6666,-2.0697,-1.6497,-0.89331,-0.90685,-2.4753,-0.8172,0.90021,-0.90381,-3.9478,-6.1021,-7.1616,-6.3104,-4.5479,-3.3931,1.7222,6.6203,9.2411,11.003,10.025,5.4869,1.552,0.4388,-0.87038,-1.017,-1.407,-1.0815,-0.82505,-0.99168,0.027249,0.87025,1.2016,-1.285,-2.8899,-1.7384,1.1496,-0.012298,-0.49424,1.218,2.9171,4.9012,6.191,3.9364,1.4923,1.2463,1.5846,2.5097,1.1814,-2.8784,-1.9582,-4.6447,-4.7339,0.09644,1.9368,3.982,5.5318,1.4846,1.0179,2.5178,2.5563,0.77815,0.89201,2.2792,4.0305,4.0075,0.74254,-2.9521,-3.051,-2.558,-2.6645,-3.2462,-3.0034,-1.6697,-2.7101,-4.0775,-2.9029,-3.1524,-3.985,-4.5452,-4.3313,-4.4549,-4.7521,-4.5688,-3.6698,-1.7589,0.15201,2.1504,4.1983,5.6085,6.2415,5.8018,3.7785,3.1826,2.7876,3.2957,3.5653,0.011789,-2.9671,-1.7189,1.0178,0.97867,1.028,1.1113,0.80066,0.29742,1.0144,2.4873,4.458,3.9531,1.2196,-2.843,-5.2352,-5.0737,-2.7831,-0.42496,-0.2585,2.0049,4.7526,3.6889,2.3612,3.1277,4.2972,4.4251,4.9925,3.972,2.3096,-0.12686,1.3762,4.3053,1.3318,-1.4086,-2.1632,0.26195,2.2112,0.71621,-3.3682,-4.6922,-3.2225,-2.825,-1.5171,0.15182,0.41197,-2.1632,-4.4083,-3.7027,-0.55557,3.9693,2.4154,-4.7318,-7.5608,-2.7536,4.3851,3.0838,-1.3029,0.4649,7.3011,9.4979,6.1735,1.9479,1.3185,-0.50861,-2.9204,-1.9154,-0.95798,-2.5317,-2.3948,-1.2086,-0.50054,-2.336,-3.6889,-1.4624,-0.22523,-0.25162,-0.089596,-0.28388,-0.25256,-0.75875,-1.6336,-2.0467,-1.9328,-1.9979,-2.2451,-2.6774,-2.893,-2.2346,1.2804,4.6794,4.6344,4.4479,4.1893,4.5879,4.0443,2.3844,1.4516,-5.5816,-4.2206,-1.2012,-0.88908,-1.6899
0.12166,0.3671,0.35899,0.36407,0.18733,-0.4353,4.0245,6.2573,4.0282,3.2869,2.8015,0.96637,-0.083621,-0.2086,-1.0178,-1.6677,-2.2689,-3.8365,-5.0835,-6.2053,-6.2547,-5.7039,-4.5621,-3.78,-3.9273,-3.7023,-2.8997,-1.9778,-1.495,-0.79139,-0.73619,-1.4148,-1.0835,-0.68137,-0.047604,1.1038,-2.9989,-4.5826,-4.3366,-2.0353,1.6335,0.36732,-1.2164,-0.39038,0.80303,0.23684,-0.097665,1.5624,2.1579,0.34072,-0.51056,0.21807,0.96914,-0.21324,-1.7928,-1.1551,3.2471,6.626,3.6405,1.9441,2.8108,5.9535,8.0562,1.7583,-3.3266,-4.7191,-6.9585,-5.1849,0.09035,3.0802,1.6515,0.58846,-1.2686,-2.601,-2.9163,-3.3422,-1.6678,-0.76882,-0.73162,-1.4423,-1.6177,-1.4829,-1.5609,-2.3071,-3.1207,-3.3352,-2.8938,-2.3331,-2.1363,-1.7873,-0.60203,1.0472,2.7267,3.857,3.1546,4.4077,4.532,1.2764,-3.121,-4.5726,1.33,1.087,0.70309,-0.46216,-1.5734,-1.3554,-0.83944,1.1118,2.2891,1.1211,-0.4948,-1.1741,-1.2935,-0.73908,-1.1752,-2.4691,-0.57397,0.48238,-1.4735,-1.9973,-2.1436,-2.3907,-1.2341,0.02864,-0.62688,-1.769,-3.8464,-2.9877,-0.5481,-2.0579,-0.61941,3.4405,2.686,1.8329,0.27724,-1.2178,0.78867,-0.68077,-1.5468,0.69429,3.3658,3.0842,1.9959,2.3677,1.8219,1.045,3.1215,7.5036,6.598,1.5109,0.8974,2.1227,0.076936,-0.33428,-0.88206,-2.4342,2.9429,11.067,8.9146,3.4499,3.0071,2.0269,-0.025305,0.19876,-0.56526,-1.4923,-0.62997,0.62882,-0.54212,-1.7879,0.8515,3.4553,2.5785,-0.15206,0.48752,0.31439,0.5977,0.92777,0.48999,-0.34844,-0.73672,-0.88438,-1.139,-2.13,-3.2616,-3.7448,-3.236,-2.7708,-3.3498,-3.7471,-2.2801,-0.60194,0.25593,2.4378,2.0003,0.73347,0.54461,0.58355,1.4414,1.6985
0.90816,1.7651,2.4272,1.5689,1.0344,0.88492,-1.2476,-4.7506,-2.783,-0.25443,-1.0961,-0.21915,0.51961,-0.47944,-1.9368,-1.5733,0.83767,3.0568,4.2457,3.3972,0.87393,-1.0968,-2.9803,-3.9057,-3.4146,-3.4439,-2.201,0.051002,-0.22983,-1.6728,-0.86539,0.9553,1.2867,1.2923,1.454,3.81,1.3338,-0.10251,-1.8255,-1.1644,-2.276,-4.2268,-3.1813,-1.9249,-0.79009,-0.80077,-0.52451,-0.46631,-0.29983,-0.41053,-0.25479,0.47523,-0.028496,1.21,3.2616,2.9152,1.9143,1.0237,0.3398,2.5512,10.017,7.0606,0.07259,-2.825,-2.8505,0.45488,4.4062,3.3185,1.1129,-1.8442,-3.457,-2.6969,-1.2658,-1.6218,-1.053,0.62219,0.67754,0.72108,0.3818,0.0061351,-0.72576,-1.3619,-1.2941,-1.6833,-1.8324,-1.0573,0.32288,2.0692,3.2645,3.4732,3.2456,3.4653,3.2536,1.8109,-0.15598,-2.1422,0.30759,2.753,4.5973,6.1066,-4.6144,-3.1817,-2.4094,-3.1323,-2.7122,-2.3961,-3.7522,-3.0443,-1.6725,-0.90299,-0.15306,0.67244,0.76375,0.49091,-0.48982,-1.2557,0.21194,1.8861,1.4607,0.09164,-0.51684,0.71939,1.6404,0.81663,-0.021799,-0.97101,1.0725,3.148,2.7098,4.5327,4.2703,2.3084,1.5538,2.168,8.1741,11.6,12.749,13.155,7.5482,0.09735,-4.411,-5.1598,-4.2278,-4.0522,-4.3398,-3.6983,-1.0339,2.2059,2.8866,1.5043,0.80477,-0.76913,-7.3139,-7.9819,-1.097,3.127,1.9548,2.4044,-0.27516,-1.3842,1.2707,-0.97974,-1.8022,-0.2364,0.42514,-1.6472,-2.1583,-1.2442,-0.49287,-1.3025,-1.5315,-0.020003,-1.0007,-1.5271,0.96019,3.9908,4.425,3.066,1.6996,0.8352,1.4189,2.2434,2.0114,1.1295,0.29404,0.32619,1.9134,3.3506,2.8123,2.0317,1.4345,0.9446,1.3484,1.0356,3.6802,-1.6207,-0.094906,2.9105,1.0262,-0.36756
1.6072,1.2231,-0.0035606,-0.55442,-0.4525,-0.59358,-2.025,-2.1235,-0.10222,-0.39833,-2.3526,-1.3231,0.069148,-0.60491,-1.2703,-0.44382,1.0418,0.87559,1.4054,2.8793,3.4687,3.9958,3.0344,1.757,0.16725,-1.4058,-1.5888,-2.5487,-2.7682,-2.3425,-1.9514,-1.1084,-0.77703,-0.37494,-3.3773,-4.7639,-1.8758,-2.384,-2.9617,-4.6915,-4.9442,-2.1834,-0.32169,0.2394,-0.30836,-0.48121,1.2165,2.8413,1.4638,-1.9874,-2.0577,0.41565,4.3,7.7814,9.0246,2.791,-3.533,-1.0668,3.019,1.9404,8.5025,7.7627,2.7376,1.7354,2.781,3.2765,2.6658,-0.5293,-4.1707,-6.4191,-6.3525,-5.3239,-4.501,-3.5709,-1.8568,-1.0741,-1.5763,-1.9256,-2.3229,-2.3935,-1.7308,-0.69272,0.19593,0.48676,0.53645,1.2574,1.9591,2.8486,3.6792,3.1136,2.0057,1.0686,-0.82851,-2.1814,-2.8199,-2.4931,1.0345,3.5863,4.0619,4.3291,-0.62144,-0.45712,0.037714,0.85576,1.3747,1.2331,1.6837,2.3941,1.409,-0.42909,-1.3026,-1.7891,-2.3026,-3.5206,-3.9573,-3.0871,-0.8553,2.7022,3.916,2.9361,2.2892,1.8123,1.934,2.0985,2.7906,3.2646,1.5651,-0.30178,-1.7129,0.35503,2.2038,-0.53653,-1.2911,-2.1442,0.30027,2.3793,-1.7051,9.8369,17.421,12.132,1.0966,-4.0761,-5.8896,-6.2919,-3.5624,0.93677,6.1141,9.6955,4.6937,-3.2985,-3.6874,-0.33029,1.2579,2.3867,1.5115,4.3056,11.35,7.8257,-4.3552,-2.2386,1.3467,-1.4776,-0.55669,-0.23786,-1.2191,-1.8306,-1.9387,-3.4506,-5.1958,-3.0232,-0.18906,-0.59972,-2.7616,-1.5948,-0.64157,-0.087359,-0.28432,-1.1678,-1.8682,-1.9812,-1.6348,-0.70983,0.077039,-0.28042,-0.96032,-0.96167,1.5885,4.0086,3.2645,1.9944,0.86471,1.4636,1.4648,1.8547,0.5005,0.4371,-0.26696,-1.9152,-3.3882,-4.1556
-9.6239,-10.362,-12.087,-12.805,-12.515,-12.474,-10.028,-5.9475,0.64411,5.7452,7.0799,5.6148,2.2532,1.1624,2.1388,2.7481,4.3688,6.3579,7.5737,9.36,10.852,12.236,12.927,13.243,12.938,11.644,11.619,12.09,10.398,8.5726,9.0508,9.8601,8.1772,5.4591,4.9895,6.1409,7.1195,6.0019,6.3237,4.3227,1.6872,1.2333,1.7221,0.34153,1.0433,2.2995,0.23107,-1.9992,-3.8219,-5.8239,-2.8531,3.0764,4.1299,-0.62883,1.3681,1.2454,0.56532,1.4774,-0.96268,-1.7723,-11.314,-22.56,-12.479,-6.3238,-7.193,-10.639,-6.1476,0.25386,-0.82237,-5.9579,-9.7967,-8.9407,-6.2061,-2.3985,1.367,2.2185,1.753,2.1139,1.5245,0.034749,-1.4255,-1.5626,-1.0381,-0.41047,-0.1735,-0.48262,-0.15278,1.6856,3.7924,4.6042,3.6334,1.6199,-0.9518,-4.4576,-6.4502,-7.3712,-18.211,-22.849,22.395,35.282,5.7337,6.4769,8.0428,9.8143,12.057,14.909,20.11,23.592,21.89,19.318,15.266,10.053,4.8445,2.1578,1.3293,0.42345,0.52057,2.9107,4.1697,2.9671,2.2977,1.922,2.1562,2.386,3.6901,4.3615,2.0669,0.61962,-0.28575,-2.0953,-5.1081,-6.9888,-6.623,-6.8691,-8.1266,-9.6216,-15.331,-20.11,-19.408,-15.211,-5.2848,6.9449,11.547,1.5974,-12.203,-19.548,-17.305,-8.722,-4.5919,-5.4561,-2.855,4.6415,15.8,6.6944,-14.317,-19.423,-6.7424,5.6932,-2.9899,-21.396,-29.87,-21.966,-2.0642,4.94,3.3263,2.9312,5.428,4.5387,3.2603,6.107,5.8833,3.8277,6.445,7.2651,5.6081,4.6338,4.6097,3.6273,1.8671,1.0071,0.46535,0.092162,0.22715,0.10911,-0.42872,-0.28877,0.68037,1.3522,1.3236,0.99827,2.6926,3.9974,1.9213,-2.0052,-9.2363,2.1478,3.1395,2.7866,-39.105,-69.032
0.44294,0.63743,0.53094,0.53321,0.16953,-0.78464,0.35594,0.06213,0.070229,1.1469,-0.35261,-1.6842,-1.4931,-2.5978,-4.9395,-3.9011,-0.1113,2.0543,2.216,1.5324,-1.1676,-3.3257,-5.2583,-6.7802,-7.4941,-8.1402,-8.0786,-6.6539,-5.1568,-3.2143,-0.82207,0.020935,0.35229,-1.2176,-2.3748,-1.2233,1.6647,-1.282,-2.9767,0.49213,0.41049,-0.30536,0.82001,0.56675,0.030594,0.15727,1.3413,2.4597,1.7465,-0.54449,0.85085,-1.6705,-0.95263,2.458,0.70459,2.2926,4.499,1.032,-0.16429,-0.099872,0.75621,-0.20775,-1.4672,1.4059,5.0903,0.72821,-7.108,-9.1905,-6.1161,-2.4127,-1.0121,-0.93715,-1.1048,0.3774,1.2021,0.79936,1.1958,1.9869,2.6633,2.9573,2.7833,1.4198,0.29215,0.16272,-0.01334,-0.89189,-0.78301,1.2093,2.1482,2.6826,2.7256,1.7739,4.9197,8.0362,7.5428,8.3918,7.6024,5.8602,2.2862,0.66206,0.42802,0.12641,-0.38078,-1.7517,-2.6728,-1.7636,-1.3749,-0.57664,0.26335,1.5728,1.0429,-0.71378,-1.0788,-1.1002,-2.3308,-2.5048,-0.27295,2.9613,4.2092,3.1226,2.7095,2.7022,2.3546,1.934,1.6265,0.99212,-0.6769,-2.3907,-3.3905,-1.896,-1.1776,-3.9179,-4.6725,-1.9617,0.95114,-0.54386,-4.6283,-0.77184,2.0196,3.3712,0.90355,-1.5089,-1.2536,-2.8726,-3.5545,0.30375,5.041,7.8004,6.1971,2.1361,0.94488,0.26546,-1.7878,-5.1961,-4.6252,-1.3522,7.6073,11.84,5.0775,-1.5959,0.74767,0.48372,-1.1932,-1.8168,-2.3839,-2.6355,-1.6719,-0.31553,-0.2679,-0.49164,-0.87638,-1.5322,0.42114,1.3344,2.3932,3.6313,3.9648,3.6686,3.4362,3.183,2.4052,1.6001,1.222,0.49428,-0.37273,0.25411,2.0184,2.8101,2.1869,1.6265,2.3785,2.4346,1.5934,1.5159,0.35277,-6.7719,-4.4968,-2.3269,-1.9055,-1.5689
-4.6662,-5.3681,-7.1481,-8.3308,-7.1607,-4.6688,-3.8844,-2.0523,3.0528,6.491,6.0849,4.58,3.7458,3.8785,4.4887,4.5336,6.3762,9.8931,9.7266,6.5304,5.802,6.738,7.776,8.5484,7.5136,6.4449,5.0431,3.0772,2.1904,0.0053679,0.094132,2.4605,2.0156,0.97769,0.9511,1.5169,3.7168,5.2779,6.7386,4.0047,1.4621,1.6996,2.8948,5.0651,6.4667,5.9294,4.8759,4.1922,2.5831,-0.32048,1.8402,-1.7974,-6.0106,-1.4846,6.9461,8.1305,1.8602,-1.23,-1.564,-5.2798,-11.352,-17.303,-20.988,-20.012,-18.993,-18.616,-14.927,-9.9616,-7.536,-6.1375,-5.9933,-3.5707,-1.0701,-0.30702,0.12626,2.0776,4.2753,5.0939,5.5008,5.5752,4.6032,3.3309,2.9712,2.8325,27.461,28.4,-0.54398,-11.459,-16.994,-18.003,-17.356,-14.317,-10.836,-8.7895,-3.9332,-3.1513,-0.68154,-1.291,-4.2418,-5.076,4.7599,5.2399,6.3429,8.6307,10.268,9.9027,10.229,12.84,15.79,14.183,8.6531,6.4091,6.4289,5.0228,3.618,4.4681,4.4704,0.93686,0.89259,2.3218,1.1621,0.62353,-0.35479,-0.20437,0.073099,-0.027519,-0.75083,-3.1719,-4.7296,-5.3691,-4.953,-4.6478,-4.9631,-4.918,-6.0232,-8.2317,-12.864,-16.304,-15.925,-15.406,-10.362,-3.6001,-2.6361,-5.6457,-9.2962,-11.2,-9.2372,-5.3533,-7.6659,-13.141,-12.102,-2.2752,2.2244,-7.2766,-14.905,-17.77,-16.413,-4.8883,4.7558,2.9619,-0.12618,0.76635,0.43285,-2.3875,3.0321,8.0724,3.3646,-0.49029,-1.2701,-1.578,1.4535,2.7799,3.7485,5.9065,6.9575,7.2335,6.9353,5.9671,4.7836,3.9569,3.2609,2.3883,1.4908,2.69,47.582,47.726,0.32027,-4.5295,-5.4045,-5.1267,-4.9699,-3.9521,-3.2644,-4.9933,-2.7007,-2.9862,-7.3445,-7.8968,-7.4356,-7.4109
-6.7864,-7.7635,-9.9626,-10.154,-8.176,-6.5358,-2.4964,0.090308,3.1889,6.4826,6.0023,4.402,4.2392,5.5908,5.7105,5.9328,7.98,8.8156,6.6715,5.0564,7.19,9.9484,11.479,10.643,9.003,7.2252,6.4834,6.2463,4.0639,3.6322,5.3383,6.1813,5.0758,3.9238,4.4187,4.8399,7.0197,7.5159,7.8777,7.0667,4.7484,3.8411,-0.72915,-2.705,-0.27342,-1.2342,0.63807,3.8989,2.3671,-0.87213,0.89753,6.2357,1.1194,0.024378,8.5764,9.2095,2.7319,-0.60211,-1.442,-1.7354,-6.7605,-20.857,-27.65,-23.522,-22.4,-23.926,-19.531,-11.123,-7.4345,-4.4459,-1.8144,-0.25349,1.5369,3.947,4.5839,2.8267,2.4004,3.4075,4.3925,4.2601,3.6618,2.8899,3.7605,25.859,24.598,-4.2092,-13.841,-17.205,-16.651,-13.506,-8.9498,-5.8555,-4.4701,-5.1254,-5.5062,-6.6364,-7.8871,-9.6899,-9.3087,-7.0216,5.5869,6.1198,7.2954,8.3789,9.0831,9.9638,11.449,13.713,15.521,13.626,7.9173,6.4909,8.1084,8.1267,5.9185,3.9222,3.5116,0.60832,-0.10505,1.8155,1.2438,1.1449,0.36704,2.2588,4.8161,3.3055,1.1153,-1.5382,-3.2474,-2.0101,-1.9325,-4.6728,-4.9648,-5.2177,-6.7145,-9.6795,-15.06,-18.028,-16.903,-15.667,-9.0434,-0.68571,-1.0351,-6.763,-12.261,-12.762,-8.1361,-3.295,-6.9659,-14.531,-15.455,-8.659,-5.5779,-11.669,-18.369,-20.809,-20.528,-12.179,-1.4698,6.0399,4.2734,-0.058086,-2.0781,-3.4638,2.1591,6.523,2.2403,-0.39243,0.047123,0.10264,1.8324,3.0134,3.2826,4.0016,5.6486,6.6663,6.3208,5.7971,5.7436,6.1501,5.9502,4.1134,2.2294,49.683,50.657,-2.701,-6.6138,-6.2082,-6.1359,-6.327,-3.5068,-1.0852,-2.6893,-6.3268,-7.1654,-2.4962,-12.096,-5.9329,2.0882,1.6676
-3.2074,-2.9965,-2.082,-1.5874,-2.2851,-1.0037,-1.4581,-4.5345,-6.5157,-3.0811,-0.23036,-0.84105,1.472,3.2369,2.1834,2.2579,3.3136,5.2565,8.3062,7.3003,3.6976,0.90749,1.4997,1.5784,1.6938,1.145,0.58057,1.4738,2.1647,0.75639,-0.92584,-0.082836,0.24852,0.65061,1.2844,-2.3636,-2.5084,0.35302,0.16926,2.3482,1.9778,0.57723,3.1596,4.6855,3.1733,0.72903,0.44431,1.7132,2.4838,0.42687,-0.46921,0.97952,-0.78629,-1.7224,-0.74281,-2.5033,-3.9092,-2.0197,-2.0755,-4.1375,-3.6404,10.895,20.852,16.711,1.9991,-7.4782,-6.2849,-0.63411,-2.019,-3.8801,-4.4277,-2.9735,-1.6959,-2.4228,-3.6783,-3.1576,-2.8881,-3.6447,-3.629,-2.497,-0.47364,1.7622,3.9377,5.2742,5.4888,5.1675,3.9697,3.1211,2.3999,0.04062,-2.1813,-1.1789,-0.5506,1.0358,1.8024,0.48307,-0.22397,-3.0887,-7.3679,-8.2714,0.72156,0.56641,-0.40901,-1.7615,-1.5651,-1.8957,-1.4327,1.5512,5.0239,1.6868,-1.5233,-1.9885,-0.22201,0.45306,-0.74965,-0.69134,2.9971,5.9218,3.7707,2.0024,3.9247,7.0989,6.0751,4.9402,4.1393,5.2746,6.0042,3.3595,1.5256,3.398,5.4783,2.738,1.9834,1.1303,-0.42532,3.0099,2.1705,-2.574,-4.6503,-1.5142,-1.6918,-6.5788,-10.823,-12.581,-11.958,-7.5279,-1.1905,4.584,4.9933,-0.14939,-1.0277,1.0327,-0.10013,1.8645,3.2657,1.4331,0.030075,-2.1409,-5.2519,-6.9489,-4.799,3.5921,4.1622,0.093157,-0.50869,-2.5795,-3.5179,-2.9109,-4.0265,-4.4431,-1.9693,-1.5032,-2.5978,-2.5018,-0.87706,0.018714,-1.1156,-2.286,-2.4825,-1.5522,-0.11047,1.5548,3.3861,4.1983,3.5733,2.3512,3.3437,4.767,3.3851,1.9608,1.2063,2.0112,2.2709,1.7501,3.4225,-2.4641,-1.8866,0.67516,1.4981,1.6338
2.3501,1.8638,0.73929,-0.69094,-2.2339,-1.8217,-2.8931,-5.915,-2.9938,-0.51159,-2.2476,-2.5876,-3.1002,-3.4531,-2.8279,0.15916,8.8685,15.119,10.212,1.7349,2.9212,2.6017,2.5049,2.2524,1.8909,2.3178,1.097,-0.35228,0.33865,1.0422,0.17325,-1.2058,-0.87448,-0.47239,0.16138,1.3128,-2.8896,-3.542,-1.285,0.45029,-2.2096,-4.3702,-3.6044,-2.1063,-0.42097,-0.16192,-0.10262,0.40205,0.45632,-2.1196,0.70253,3.0924,-0.45852,0.22804,-3.1402,-5.4089,-6.9828,-3.2986,3.0401,0.63498,1.3807,1.7291,6.9185,10.49,9.3784,8.434,7.7048,5.452,2.261,-1.6239,-3.7098,-2.2294,-0.86129,-0.47048,1.0218,3.0414,1.3631,-1.0716,0.44911,2.3831,4.2638,5.1737,3.6261,1.6447,1.471,0.99299,1.5146,3.2714,3.7291,3.7624,2.8156,0.96911,-0.024816,-2.8719,-4.6603,-6.4107,-3.6909,-2.5914,3.3508,8.3972,-2.6303,-2.4295,-2.1827,-2.0617,-0.96194,-1.4786,-1.941,1.0299,0.30887,-0.93644,-1.2511,-2.8741,-4.6854,-5.3726,-2.9657,1.4266,4.4755,3.4246,3.9323,7.8716,7.2308,6.4987,5.3785,5.2469,5.4731,4.2717,4.1161,3.8075,1.9736,0.46379,1.3289,4.3137,3.5591,2.706,1.1504,-0.34464,8.1141,10.968,10.184,8.0558,0.62586,-1.5259,-0.37981,-2.2459,-4.6479,-4.842,-3.0267,0.81357,0.98593,1.972,7.7269,7.7629,-4.9225,-6.0344,4.2559,1.8495,-5.1821,-5.4011,-6.4247,-1.7406,1.8809,0.1827,-1.9863,-2.9945,-3.4841,-4.3354,-4.5034,-3.6095,-3.8694,-2.7796,0.42861,-0.531,-3.5796,-3.246,-2.2546,-1.9588,-1.5124,-0.42311,0.78677,2.7197,4.4306,4.7971,4.598,4.0517,3.1077,2.9149,3.7886,4.3037,3.2712,2.3849,2.4661,1.9259,2.8581,0.53315,1.8286,-2.2722,-4.5605,-1.8335,-1.657,-1.7864
-3.829,-2.9689,-1.5148,-0.77604,-0.20208,-0.47602,-2.7389,0.25169,2.8356,1.4522,2.5006,3.6878,2.0513,1.032,1.8202,2.1087,1.5016,1.1444,3.3533,6.612,7.4803,6.6128,3.794,0.66594,-0.39921,-2.515,-3.0171,-3.4585,-4.4651,-3.7615,-2.7426,-3.072,-3.8353,-3.4332,-2.7994,-5.0069,-4.8596,-1.8438,0.13981,3.7051,5.2293,4.5222,4.6195,5.2182,5.8586,6.0231,6.6603,7.3953,6.6841,-0.20166,-2.6676,1.1136,-0.18279,1.297,4.4707,-0.4964,0.17913,4.9001,2.9534,2.5094,3.7027,-10.023,-22.512,-21.701,-13.151,-8.3999,-8.6235,-9.2712,-8.0845,-3.4561,0.99734,1.8761,1.6121,1.9522,3.5778,1.9265,-0.96772,-0.069423,0.86243,1.3673,1.6376,1.5778,1.6335,1.8195,1.9572,1.5132,1.6843,2.8618,2.9648,3.0843,3.6325,4.1133,4.2446,2.6684,0.78488,-2.3583,-14.601,-12.918,-6.1338,-4.2721,4.6366,4.2976,3.2423,2.1355,-0.55357,-2.8213,-1.17,-0.33685,1.0306,1.9198,2.5776,3.4051,4.5712,4.7492,3.702,2.469,1.3782,2.6611,4.2892,3.6804,2.9808,2.1477,3.0377,4.3887,3.9606,3.5723,1.991,2.5071,4.7275,3.2177,0.24412,-1.3564,-0.93581,-1.7889,-3.3445,-8.6561,-15.754,-20.716,-20.828,-15.395,-8.4217,-2.8032,0.41408,0.66692,-1.2151,-2.8422,-1.2554,2.3108,-0.055637,-4.5374,-4.9222,-3.2336,-5.3472,-9.8057,-15.105,-15.017,-9.1307,-5.1892,-5.576,-0.86311,2.8922,3.98,4.0474,1.189,1.9054,2.562,0.59726,0.017789,1.2299,-0.30764,-3.0301,-3.5488,-3.2236,-1.1304,-0.7989,-0.61507,0.025201,0.41515,0.8734,1.0987,0.93203,1.45,2.1502,1.6947,1.0714,2.0075,3.7607,3.9033,2.6079,1.6805,1.3931,1.013,0.61718,-0.30707,-4.5209,-1.2339,6.7148,10.939,8.3283,4.9986
-2.9611,-2.0684,-0.8118,1.0526,2.1196,1.7982,0.161,2.4542,4.5885,3.2256,2.0548,2.1078,3.0446,2.7656,2.4259,4.4819,8.0595,6.6418,0.029597,-2.5452,-3.8234,-2.3727,0.50605,3.0767,5.1114,5.9707,4.2749,1.0007,1.6917,2.3953,0.7833,-1.425,-1.0936,-0.69155,-0.057784,1.0937,-1.011,-1.5273,1.043,1.0186,1.3108,3.5248,1.4628,-0.90296,-1.8044,-2.7649,-2.6531,-3.0452,-4.7039,-7.1248,-4.42,-1.5056,2.1461,-1.5025,-6.0539,-5.8773,-3.8483,-1.997,-2.536,-1.5004,0.035901,0.52875,-2.0278,-3.2793,-1.5559,-1.7717,-0.70569,1.8947,1.0008,-2.0072,-1.6988,0.93081,1.6447,2.3008,3.5753,2.1428,0.42715,1.9538,3.0264,3.198,2.6839,0.6323,-1.5923,-2.5156,-3.0036,-3.1559,-2.2045,-0.016795,0.72453,0.80178,0.62698,0.76474,0.62581,-0.3942,-1.1259,-6.1321,-3.118,-2.722,-5.9421,-6.7487,4.2739,3.8378,2.9585,1.964,1.4799,1.5284,2.1624,1.8431,2.743,2.8527,1.7666,-0.065584,-0.94921,0.26463,0.85288,0.97045,0.055771,-0.89296,-0.91497,-1.9909,-2.3617,-1.3483,-0.96342,-2.1285,-2.7909,-3.8165,-1.3344,2.0872,0.25329,-1.2565,-0.75776,1.4593,0.70469,-0.14837,-1.704,-3.199,-3.152,-5.0675,-5.9238,-3.4312,-0.41837,0.30546,-4.6252,-8.0831,-4.9474,-1.3095,-1.0398,-1.2546,-4.659,-8.8086,-6.3865,-2.0086,1.0053,-4.0134,-3.3707,5.0515,5.5854,-0.31464,-0.53099,2.7898,3.8141,2.5092,1.2646,2.8649,3.6841,1.7679,3.742,4.3926,2.8734,4.8817,3.3874,-1.8607,-3.1192,-2.4772,-2.5416,-2.7687,-1.6639,-0.39663,0.23933,0.064214,-0.86532,-1.8368,-2.6236,-3.7458,-4.7098,-4.1923,-2.5417,-1.5605,-1.3167,-1.1444,-1.6667,-1.9652,-2.4855,-0.60894,-0.26862,11.195,8.3295,3.5304,6.3659,8.5313
-0.86555,-0.62002,0.36677,0.59958,-0.51399,2.2604,3.3417,2.9354,3.7008,3.6437,4.158,3.4275,-0.42735,-3.6593,-4.4398,-5.71,-3.5816,1.0833,2.1982,1.236,1.5639,1.55,-0.1769,-2.5078,-3.5318,-3.7921,-3.1726,-3.1146,-3.3662,-3.5268,-4.203,-4.1837,-3.9125,-3.647,-3.0132,-1.8617,-1.2349,-0.29402,2.2763,2.4764,2.5981,3.8433,2.8936,2.5824,4.34,5.5821,6.4503,6.8153,1.7095,-4.8625,-3.2223,1.5428,2.7162,3.0409,4.6413,6.7692,6.9781,3.575,0.90777,-2.3648,0.71286,8.7607,3.5685,-4.1891,-6.0635,-7.7346,-14.027,-20.95,-18.953,-8.466,-3.5092,-0.96647,0.69352,1.5909,2.9616,1.6849,-0.76701,0.096686,0.81647,1.0094,0.48496,-1.4417,-2.6278,-1.842,-0.38721,0.56091,0.90882,1.6591,0.33567,-1.1967,-1.8823,-2.1033,-2.2332,-2.9231,-3.1031,-7.7121,-5.5983,-4.5188,-6.2267,-6.9679,-0.41677,-0.78441,-2.4404,-4.3303,-4.1592,-2.9006,-1.7531,-0.051215,4.533,7.8967,6.1864,3.5138,2.8101,1.8263,0.13486,-1.1551,-2.177,-2.694,-1.2408,-0.256,-0.85883,-1.2551,-1.1461,-0.93717,-1.4598,-0.67309,-0.69979,-1.6698,-1.6405,-2.5632,-4.2871,-6.3693,-4.0603,-1.0611,-2.6168,-4.1118,-6.7798,-10.306,-11.162,-7.356,-1.2306,4.0007,5.6931,4.9205,3.4208,1.8598,2.0648,2.9332,-2.0307,-9.8141,-11.023,-7.2217,-1.4078,2.9537,0.041234,-4.5451,-0.79907,5.8937,1.8584,-9.3226,-6.2121,-4.5974,-3.7343,2.0712,7.5381,7.9057,6.8076,7.0602,2.4289,-2.898,-1.7486,-2.3314,-4.4403,-4.2454,-2.8041,-1.0169,0.45912,0.80216,0.99773,0.918,0.11232,-0.75274,-0.87853,-0.89213,-0.57834,0.55057,1.6054,1.6309,0.73658,0.24918,-0.34402,-0.70559,-1.265,0.37799,1.2693,8.522,3.9982,2.0944,5.528,5.6353
4.1441,3.9435,3.07,2.1266,1.4163,1.3383,0.63408,-1.254,-1.6558,-1.157,-1.2761,-0.5111,1.3494,3.4062,4.7907,3.3047,-3.1264,-9.3593,-7.0159,-0.095543,3.0853,3.3454,5.7432,10.038,14.247,15.216,9.5588,1.9434,2.6343,0.019819,-2.9182,-2.0752,-1.7439,-1.3418,-5.397,-7.3668,-4.4787,-7.5537,-9.6278,-5.847,-2.8673,-1.3963,0.16749,0.32153,-0.089609,0.18467,-1.1196,-2.3451,-2.6802,-4.017,-2.0016,-1.1763,1.8618,2.6636,1.1015,-1.5362,-0.74538,0.56077,-1.7285,-4.2627,-7.2432,-10.213,-11.881,-10.588,-6.3281,-0.88049,3.1635,3.4115,2.4605,1.1249,-1.6751,-1.8586,1.0201,3.454,4.1609,3.3822,3.4748,3.8616,3.7372,3.3245,3.2577,3.0056,2.7476,2.6507,2.3159,1.3871,1.2861,2.822,2.1804,0.33146,-2.1808,-4.9149,-7.1183,-7.3564,-5.6976,-6.4187,-1.9908,0.16472,2.5684,4.771,0.18027,0.16615,0.29434,2.3914,4.9058,4.7715,3.3035,2.4183,1.5308,-0.88237,-1.9416,0.46132,3.2656,4.216,3.7394,1.4715,-3.425,-7.4504,-9.5807,-8.9429,-6.2466,-5.1635,-5.992,-6.381,-6.0579,-6.7864,-4.4148,-0.60185,-2.4357,-0.23179,2.178,-0.56239,-1.317,-2.17,1.1442,3.5353,-0.54914,1.9434,5.3177,6.4038,6.701,5.2384,2.3019,-0.77147,-2.1058,-2.0576,-1.0298,1.0731,0.068223,-2.6092,-2.5973,-1.5442,2.3821,-5.528,-14.653,-10.208,-0.84923,4.8417,8.4779,3.9891,1.1771,2.361,2.159,-0.36941,0.55707,1.9351,1.5532,2.2352,2.6874,4.2197,4.7866,3.1609,1.225,0.50498,2.3809,3.286,3.0073,2.093,0.84829,-0.17606,-0.76321,-0.33746,0.16864,-0.52957,-1.5431,-1.7038,-0.86672,-0.37968,-0.7915,-1.2414,-2.3192,-2.7258,-3.0733,0.0084074,8.4039,6.1343,7.0898,7.6664,6.1607,4.7332
2.0495,1.586,0.20488,-0.49842,-0.18844,0.33304,-0.35158,1.8587,2.2942,1.0513,3.9048,6.2214,6.1352,5.1359,4.5336,4.2878,2.0296,1.0052,3.6766,3.6852,3.5421,3.5685,2.8598,2.7245,2.14,2.1732,1.4063,0.23136,0.92229,1.6259,0.096469,-1.9934,-1.662,-1.2599,-0.62616,0.52529,-3.833,-5.5383,-5.184,-2.9249,0.62652,-2.2838,-4.721,-3.6955,-3.3449,-3.1107,-2.8167,-2.9068,-3.9783,-5.8696,-5.4762,-3.7469,-1.6481,-2.8815,-4.1865,-3.415,-0.36658,1.5609,-1.2452,-3.6433,-2.7468,-8.9497,-12.054,-11.577,-8.9652,-3.8166,1.5265,5.1839,4.9144,3.4155,2.5159,3.7058,1.7408,-0.95276,0.25062,1.311,1.989,2.6232,3.9216,4.5623,4.967,5.1609,4.441,3.4309,3.0907,3.073,2.8846,3.3921,4.3979,3.4624,1.555,-1.4705,-4.7554,-6.9913,-5.8079,-8.2247,-7.3606,-6.6105,-3.2556,0.63518,1.7793,2.0409,2.7368,4.0328,4.808,3.8664,2.2381,-4.5779,-7.5147,-4.5893,-2.5433,-1.8547,-1.2294,-0.1283,0.92488,-0.67041,1.1055,3.0702,0.85231,1.3998,2.6307,3.41,3.7243,2.6575,1.9029,0.71344,1.5047,2.3648,0.53092,-0.9789,0.13481,3.5032,2.7487,1.8956,0.33995,-1.155,1.8113,0.8474,0.44385,2.4839,3.8837,-0.454,-4.6701,-5.5326,-5.88,-6.6361,-6.5259,-4.8519,-5.6805,-7.502,-5.0305,-4.6204,-3.08,0.58698,-1.6613,-6.6339,-10.02,-12.659,-12.418,-8.0913,1.3506,3.2557,2.1839,-0.60509,-3.4264,0.81391,3.6823,1.645,1.7841,3.0336,5.4834,6.2943,3.8063,0.15633,-1.3653,-3.6445,-2.2845,0.35722,1.2351,1.499,1.3453,0.94968,0.87131,0.39699,-0.64785,-1.2622,0.20717,1.8941,1.2348,0.0095715,-1.1027,-2.5869,-3.4308,-4.5823,0.35641,0.78183,7.8712,14.668,10.982,6.4455
-2.2355,-3.0331,-5.0775,-8.1659,-11.208,-13.441,-1.0433,4.0944,-0.16746,-1.1393,2.087,4.5873,4.7619,6.2782,11.678,11.535,-0.62723,-11.162,-9.1438,-6.1905,-3.2977,-1.5326,-0.28004,0.3788,0.054378,0.3785,-1.7042,-4.3003,-2.2318,0.10587,-1.0874,-1.1087,-0.75831,-0.35621,-2.0436,-0.55096,5.0166,0.85908,-6.723,-9.5081,-8.1213,-6.5865,-3.9564,-4.034,-4.9862,-3.9903,-9.2938,-11.211,-3.988,14.067,5.1818,-6.0186,-3.5572,-1.8152,-2.4563,-1.505,-5.7193,-10.577,-2.562,13.057,9.5045,0.45346,-1.2094,3.2258,7.7523,10.576,11.796,11.736,11.1,9.5091,6.6283,2.6225,1.5056,0.9663,-2.4316,-3.5425,-2.4558,-2.7023,-3.0015,-2.4796,-1.5329,-0.16665,1.4157,2.3447,2.6273,2.9072,4.1202,4.7031,4.6412,6.0205,6.5974,6.3274,8.7291,10.476,8.755,9.3299,13.61,15.846,17.432,20.161,-18.423,-17.906,-16.691,-14.404,-10.947,-7.0336,-5.7036,-6.5986,-7.4056,-3.4384,-1.8145,-1.6495,-0.69959,-0.15821,5.5669,6.7578,1.946,1.5883,-0.28153,-1.0595,-0.84566,-0.49909,-1.5646,-0.86951,0.40945,1.3451,3.802,4.088,4.1127,4.8076,7.1539,11.652,11.246,10.393,9.5336,14.832,15.659,18.279,17.898,10.124,5.4689,3.9031,3.9293,5.6173,5.7175,0.19714,-15.177,-25.47,-7.609,17.812,10.123,-3.8968,-0.80508,13.309,19.337,4.7547,-11.78,-13.447,-6.4795,5.6983,-0.836,-5.5771,-5.4965,-4.7855,-5.9525,-8.0973,-9.0407,-9.3433,-9.1195,-8.1453,-5.9396,1.0437,7.2723,6.5362,3.8818,2.8408,1.8728,1.718,1.8426,2.1807,2.7383,3.6136,4.729,5.0027,4.4882,3.9964,4.4254,6.7957,8.2379,7.9771,7.6085,6.9533,4.7354,3.8033,3.9896,-4.3887,-3.2034,1.9777,1.3282,-2.2825
12.363,11.847,10.179,7.1174,3.921,2.3773,0.65031,-1.9098,0.12448,2.6049,2.7319,3.0812,1.9477,-0.33,-1.3151,-1.611,-2.2259,1.159,7.1474,10.703,11.307,9.7938,6.4673,2.4424,0.10842,-0.13154,-0.23499,0.65826,-0.013659,-1.3988,-0.37985,0.46315,0.7945,-2.9614,-4.354,-3.2025,-0.31448,-4.2053,-8.5815,-10.09,-10.045,-9.0755,-8.802,-8.0747,-5.7824,-3.9408,-4.0005,-4.2655,-4.9469,-6.9852,-7.5813,-6.1731,-1.3322,1.285,0.33722,1.2977,-0.87375,-2.6893,1.5498,7.0582,0.84365,1.9525,3.7988,4.1644,1.2992,-1.5294,-1.7635,0.46929,5.7269,8.2984,4.1288,0.24778,1.6882,3.8891,1.571,-2.0056,-1.6911,-1.6823,-0.85033,1.0429,3.4634,5.1077,5.5523,4.617,1.9736,-0.10447,0.49464,1.3397,1.0453,0.15879,-1.7622,-4.1485,-5.5636,-7.8319,-10.109,-9.6798,-9.5723,-10.815,2.3405,12.799,-5.8297,-5.8146,-5.293,-3.0651,0.60525,2.3069,1.7086,1.0106,-3.1393,-4.1325,-1.9364,-1.7979,-3.664,-3.8867,-3.4064,-4.1088,-6.2106,-5.2774,-2.5542,-3.072,-3.9832,-5.0914,-6.6241,-4.3489,-1.038,0.094221,0.68056,-1.9641,-0.13684,3.3436,0.37001,-2.3703,-3.1249,2.9427,8.5173,7.0223,2.9379,14.446,19.218,11.728,4.8093,4.575,6.0715,7.6706,9.7827,8.0358,0.61358,-2.2204,-1.8992,-4.819,-2.6039,1.3118,2.6393,1.0823,7.3317,9.3675,-5.4405,-16.482,-12.198,-3.8204,-7.7869,-1.1133,2.9975,1.0518,2.1152,3.0242,3.0033,3.6329,2.4025,1.6909,2.3136,2.7762,2.1377,-0.9259,-2.3331,-3.687,-4.5209,-4.7779,-4.2194,-2.5822,-0.61682,0.54938,0.53788,-1.0005,-2.1833,-2.4225,-2.0766,-1.864,-2.8465,-3.6201,-0.91239,1.6753,1.4322,-0.054252,-8.7559,10.397,9.4605,5.437,3.632,0.52321
1.7371,1.486,0.81751,-0.33829,-0.090721,0.5036,-1.2383,-0.99695,1.7014,3.3579,3.981,4.2249,4.4444,4.4194,2.9218,-0.27414,-1.2523,1.1807,2.1085,2.3282,1.9341,1.8545,2.5243,3.4856,4.4168,5.231,4.7845,3.547,4.2379,4.9415,3.5153,0.8096,1.141,1.543,2.1768,3.3283,-2.8252,-4.9362,-3.2866,0.26959,4.5653,3.3112,0.23694,-0.70762,-2.1943,-2.4832,-0.76063,-1.5495,-2.1191,-1.8887,-4.7119,-4.6902,-1.2733,0.58497,-0.48129,-0.42305,0.43815,-1.38,1.8598,5.9086,1.0394,-4.1597,-6.2641,-10.304,-15.872,-14.23,-6.495,-2.3905,-2.9478,-1.9118,-1.3021,0.031505,1.9381,2.6546,3.8216,5.9067,7.055,7.3839,5.9873,3.7458,3.4234,3.9383,5.3043,6.1106,4.0177,1.7354,2.2921,2.7981,2.9923,2.2076,1.1779,1.6273,0.45146,-1.9237,-3.3934,-18.515,-17.37,-11.413,-6.9919,-6.9027,4.226,4.4006,4.5597,4.9972,2.6867,-1.1167,-1.1944,-1.8801,-2.0707,0.23423,2.7686,5.2034,6.9296,5.3969,2.0456,0.81154,0.0028555,-0.72427,-0.75885,-1.8438,-2.4828,-1.4249,-0.81034,-1.8856,-2.6505,-3.8455,-1.5107,1.4485,-0.38543,-1.8953,-1.3654,1.3271,0.57257,-0.2805,-1.8361,-3.3311,3.5462,3.7566,1.5968,-0.8274,-2.7204,-4.9489,-4.6176,-0.90919,-1.7198,-9.9435,-17.896,-15.55,-8.8294,-6.3866,-7.7977,-8.9861,-7.172,-9.02,-9.7368,-2.7537,-5.0235,-15.605,-12.05,-2.9939,-5.3392,-5.7694,0.73513,4.021,6.8771,10.662,6.9426,3.2925,3.9758,2.1715,0.77185,0.68113,-1.5318,-1.9374,-1.5841,-1.7377,-2.4785,-3.0951,-0.86906,1.173,0.34038,0.33711,1.2214,1.3543,1.6882,2.2789,2.3637,2.1064,0.98746,1.0144,1.3841,1.6898,0.99098,1.6663,1.4844,20.616,19.829,9.0875,2.6589,2.5233
1.7916,2.0583,2.0844,2.2867,2.4471,2.0964,0.37652,2.1244,3.6286,1.554,0.43094,2.1163,4.9926,3.7571,-1.5045,-5.6708,-8.7312,-10.935,-7.3651,0.38163,5.4605,5.9203,4.8729,2.7409,0.08334,-1.7453,-2.0383,-2.6256,-3.5882,-3.8576,-4.7399,-4.8174,-4.3711,-3.9413,-3.3075,-2.1561,-2.1036,-1.5044,1.0659,1.4123,1.6841,2.9614,3.5907,4.9,2.7874,0.34177,0.79301,1.2197,0.33127,-0.98006,1.2353,2.9357,0.85394,-1.9522,-2.9421,-2.807,-1.3228,-1.846,-2.3017,-2.8782,-7.5818,-7.5648,-5.0698,-3.8121,-0.21039,3.9454,1.331,-6.0935,-8.4863,-5.3122,-1.8568,-0.99179,0.59585,0.52403,0.76464,2.0864,2.3109,3.3283,4.2246,4.3661,3.5311,0.93435,-1.2388,-1.6693,-2.5737,-2.9651,-1.8468,-0.25641,0.7432,1.5105,0.799,-0.13696,0.045118,0.51528,1.3946,2.3051,-0.23972,-0.49437,1.8819,3.4142,1.442,1.0708,0.42285,0.38754,0.36337,-0.28413,-0.023751,0.47624,1.191,0.53827,0.25376,2.8002,6.2724,3.7334,-1.3357,-3.2432,-4.9363,-7.0946,-8.7602,-6.7016,-3.8738,-4.4044,-5.5046,-6.5647,-7.1204,-4.5963,-2.5204,-3.2111,-2.8163,-3.7315,-5.4368,-7.5091,-5.124,-2.0311,-3.5868,-5.0818,-6.4315,-8.7402,-9.5965,-3.6955,4.0518,9.3434,11.55,10.127,5.5796,-0.042578,-2.8819,-0.93148,2.5159,3.1184,3.3911,2.787,0.99012,-0.78761,-4.5788,-5.2805,-1.477,0.21958,3.2097,4.0382,1.0056,2.2081,5.3096,5.8874,3.3016,3.3693,3.3646,2.5497,3.6384,2.127,0.37589,1.7118,1.3077,0.43403,0.49686,1.8583,2.2197,2.3855,2.5609,2.1837,0.71441,-0.01594,0.0698,-0.78678,-2.038,-2.6514,-1.9187,-1.226,-1.676,-2.0033,-1.9093,-1.9992,-2.2428,-1.6142,-2.0019,1.1997,5.7981,7.045,5.66,4.7561
0.40378,0.33197,-0.28093,0.47415,1.6886,1.9299,0.51301,-2.133,-4.4159,-2.6687,0.54811,1.5316,2.0833,3.8836,6.8921,6.8086,2.4512,-0.2446,-0.28666,-4.3246,-9.3008,-10.889,-8.9447,-6.9641,-7.2156,-7.8622,-7.5805,-5.1455,-2.5658,-1.8622,-1.3698,-1.2943,-0.96293,-0.56084,0.072925,-2.6727,-2.8442,0.10994,2.8673,7.5259,6.2191,2.6329,2.1248,2.7324,4.149,1.6475,-0.12981,0.63779,-0.39046,-1.7607,-2.493,-2.3023,-3.1316,-3.7359,-2.5686,-4.0564,-3.2353,-1.0974,-1.1013,-3.7179,-10.547,0.40911,16.616,21.327,13.992,5.2858,3.955,3.2776,3.4441,3.6501,1.5713,0.19363,-2.2499,-2.8245,-0.097985,-0.22889,-1.5608,-1.0058,-0.50685,-0.22473,0.40518,1.2295,1.5809,0.11323,-1.5194,-1.2935,-0.21798,1.6384,3.0482,3.5739,3.5153,3.5341,3.1114,1.9102,0.82311,0.029919,2.6601,2.9302,0.60083,0.10987,1.615,1.5713,1.6216,2.5414,3.1775,2.5902,2.4397,2.8176,3.0058,0.23822,-0.19545,2.4843,4.7299,6.4045,7.8313,5.9976,1.571,-0.77042,-1.5676,-1.5856,-0.50969,-0.24073,-2.0318,-3.0773,-2.8468,-3.5768,-5.3848,-3.8325,-0.53105,-2.0409,-2.1405,-1.2405,-1.9951,-2.8482,-4.4038,-6.6696,-11.554,-16.393,-17.44,-13.466,-7.918,-2.4021,2.0159,2.8321,1.082,1.4663,4.7048,6.6118,2.2614,-1.5359,-2.3482,-4.1711,-4.403,-0.21119,1.3727,3.5395,-2.5737,-5.2019,12.832,13.114,4.7766,4.915,-2.3184,-6.9432,-2.8305,-2.7487,-4.941,-4.2047,-3.15,-1.4961,1.4684,4.858,6.1595,4.2693,2.3533,0.8826,0.49439,0.44621,0.42934,0.47421,0.71421,1.0793,1.0502,0.34466,-0.53338,-0.88638,0.53545,2.0895,1.6917,1.0915,0.56955,0.041646,0.19143,0.032128,2.7471,-2.4647,-2.1596,0.51155,0.49455,0.31952
-5.7146,-6.466,-4.0868,-0.80968,0.91446,2.2926,1.9067,2.2118,5.0464,6.908,7.1049,5.376,-0.67072,-1.9356,1.2118,0.87221,1.8061,4.4082,6.4634,7.2276,6.4339,4.2579,2.139,0.9407,1.1029,1.6436,2.4112,3.4958,4.3767,5.0546,3.4043,1.8442,2.5984,3.0005,2.3575,-0.25807,-1.6625,-0.72599,1.0329,-0.84491,-0.79185,1.6694,2.2862,0.38475,-1.1149,0.54727,2.0994,1.9486,0.57788,-1.9548,0.60321,-0.40165,0.43547,-0.38405,-3.953,-4.2009,-3.9151,-4.3342,-5.1793,-8.1442,-12.982,-7.4227,3.7924,2.9339,-3.3668,-7.5372,-11.364,-13.623,-11.986,-6.3877,-2.5705,-0.46713,2.7397,4.3112,5.829,4.6868,2.9376,4.2269,5.2303,5.2976,4.5636,3.4633,2.4101,1.7155,1.8205,2.4574,3.2051,1.9328,-0.70016,-2.1281,-3.0854,-3.3288,-3.1257,-3.3645,-2.1004,-11.924,-15.773,-17.056,-12.047,-8.0088,3.2229,3.7182,6.7634,8.7154,7.7445,6.5526,5.465,3.8882,2.3509,2.9007,3.9489,1.1127,-4.5151,-4.9252,-3.3783,-4.7847,-3.8005,-1.8948,-2.3714,-3.6481,-4.5719,-5.3101,-3.1843,-0.63742,0.7962,2.0307,0.050465,-1.1777,-1.5651,-3.0619,-4.5932,-4.7934,-4.7646,-5.6177,-6.239,-4.2632,-6.7159,-12.272,-12.274,-8.8429,-6.0575,-3.7959,-1.8722,-2.2614,-4.1081,-5.784,-5.8789,-4.2542,-6.86,-11.015,-8.8591,-3.5403,-1.8639,-5.2762,-10.41,-12.218,-5.6738,-2.9469,-3.52,-4.7946,-1.7929,3.1864,0.82038,5.6206,10.564,12.149,14.689,10.864,6.9503,8.7422,7.3883,3.4332,-0.014596,-1.4475,-1.7505,-1.5076,-0.46854,0.35457,0.83228,0.42204,-0.90681,-2.3266,-3.4406,-4.5291,-5.1819,-5.2364,-4.823,-3.6388,-3.4788,-4.3967,-4.1629,-4.0722,-4.1062,-3.9935,-3.0317,15.114,11.876,7.3781,10.529,12.38
-4.4145,-5.123,-6.927,-8.3172,-7.6826,-5.7299,-5.0812,-0.7453,3.6776,5.0332,5.7568,5.3312,4.3729,4.921,6.5801,5.8362,1.4602,-1.1545,-0.11865,2.7798,4.9348,5.5752,4.5559,2.6612,1.6827,0.9942,1.2479,2.2101,2.2955,3.3004,5.0673,5.8863,5.425,5.0602,5.694,6.2657,8.3839,8.7922,9.2034,7.2215,3.9151,2.6582,3.3194,0.70569,-2.1941,-2.5303,-2.7437,0.63223,2.9789,-0.28671,1.4103,6.4325,3.248,-0.27366,0.96121,-0.43296,-1.5608,-2.1321,-3.7326,-6.1665,-12.544,-16.777,-16.761,-15.947,-11.574,-4.3805,0.4387,0.31052,-0.59515,-2.6379,-4.1387,-3.01,-1.0697,1.6256,3.2725,4.1321,4.18,3.0364,3.0723,3.8582,4.3384,4.3909,4.0358,2.7031,0.6969,-0.85725,-1.285,-0.64733,-0.21905,0.46091,1.499,2.4513,2.3032,1.9184,1.7249,2.3557,-12.088,-20.583,-20.729,-14.808,4.931,5.4126,6.5248,8.9353,11.103,11.618,12.631,14.751,16.626,15.047,12.324,10.199,8.2894,7.002,6.6445,4.2786,-1.698,-3.1167,-1.3864,-2.1146,-2.5518,-2.1796,-2.3926,-3.4658,-2.3592,-1.4826,-1.3175,-1.585,-3.2947,-2.1405,-2.0389,-4.7711,-5.2429,-5.7968,-7.3525,-10.393,-15.721,-18.778,-17.868,-16.824,-10.135,-1.8793,-0.58953,-4.574,-8.2663,-10.037,-11.403,-11.532,-16.351,-23.19,-22.326,-15.007,-4.4474,5.1997,4.6298,-2.3862,-4.1993,-1.3107,0.52272,0.19197,0.1137,5.0503,7.8414,5.1568,4.7994,5.4601,3.3162,2.0222,2.6977,3.7849,5.921,5.7724,3.8951,2.6253,-1.55,-4.8405,-4.0944,-1.1464,0.63393,1.1207,1.1069,0.61168,-0.16357,-1.476,-3.2711,-4.7089,-4.802,-4.4712,-3.6957,-2.6097,-2.6375,-2.278,-2.473,-3.2575,-3.9441,-8.1795,5.4969,12.886,6.0176,-4.7268
0.23996,-0.55763,1.0328,1.9965,1.1878,0.33014,-2.5169,-3.5681,0.55635,3.7682,5.0241,4.4785,4.1833,5.6378,7.8197,11.221,7.5881,0.46536,-2.9901,-2.2831,-1.1283,-0.9816,-0.42612,0.033212,0.52601,-0.21983,-2.0383,-1.466,0.22274,-1.2553,-3.759,-3.8561,-3.5247,-3.1226,-2.5592,-0.93188,2.3038,-6.4452,-13.618,-12.734,-10.597,-9.3136,-7.7811,-6.3494,-6.9151,-6.0062,-6.718,-7.4108,-9.4755,-10.631,-7.1685,-2.7409,-0.98712,0.23907,-0.7315,-1.9572,-8.9496,-10.407,-3.9201,3.3759,10.204,7.8003,4.6732,9.5232,16.049,17.216,15.968,14.266,11.875,8.447,3.6986,0.99228,-1.9879,-4.9517,-4.0517,-2.2814,-0.12169,2.4987,4.9601,5.9627,5.9945,5.2936,2.8707,0.45631,0.23183,1.1286,3.1894,5.6247,5.4625,3.9216,1.2156,-0.97021,-0.63064,1.9102,1.9757,3.8581,9.9584,10.975,7.3795,5.725,-7.1958,-6.6786,-4.0461,-1.8759,-3.3275,-4.6478,-6.8061,-9.8813,-11.251,-9.2711,-5.0809,-3.873,-3.3362,-2.9526,1.1259,8.1347,1.7742,-0.83765,3.9491,4.4819,5.3985,5.0692,4.0914,3.0037,3.144,3.7873,3.5795,3.5796,3.6725,4.845,8.3078,8.6231,7.8686,7.0155,8.2879,11.557,9.3763,13,14.487,10.244,6.788,2.9424,-1.2919,-2.5968,3.3232,10.621,3.3735,-11.031,-9.369,-6.2343,-8.6509,-5.9908,-1.8316,0.25491,12.339,21.232,2.8453,-17.933,-14.871,0.25741,3.8281,2.5295,0.60017,-3.5937,-7.5864,-8.7701,-8.5966,-8.2599,-5.4061,-1.2674,3.2362,6.8027,4.227,-2.4452,-2.8102,-2.5676,-1.5466,1.1154,3.6162,4.3097,3.5727,2.0536,1.022,0.15093,-0.74283,0.28691,2.4958,3.5606,2.1589,0.40805,-1.1532,-1.8659,-0.87459,3.7803,8.6905,5.2975,1.6343,-0.35274,-0.020262,0.34683
-3.2317,-3.7031,-4.8621,-5.8547,-6.6492,-5.0838,-4.131,-4.962,-4.3204,2.231,6.9095,5.4113,3.4653,3.4428,4.0846,-0.12353,-6.3073,-4.9546,-0.10169,2.4041,3.0205,2.8214,2.5502,2.4248,2.8657,3.801,4.8635,6.1597,8.2615,9.6505,10.139,10.977,11.122,11.335,11.968,13.281,15.857,13.531,10.919,9.4455,5.0684,2.8796,1.2895,0.8859,2.5941,3.4527,3.7113,3.38,-1.6591,-4.5803,1.4725,3.4171,0.21505,-3.4828,-2.9865,-1.914,-2.0611,-2.7892,-2.3951,-5.1424,-12.773,-2.19,2.1196,-3.8513,-5.6894,-5.0807,-7.7191,-12.235,-10.951,-4.2317,-1.1855,-0.23719,2.1153,4.0452,5.6252,7.9159,8.9332,6.1621,3.5756,4.282,4.2339,3.2177,1.5669,-0.96539,-4.1482,-6.8379,-6.5811,-3.8894,-1.634,-0.29036,-0.27155,-1.2182,-0.62731,-0.17795,-0.54099,-7.0504,-15.139,-20.205,-15.681,-10.195,3.6318,3.9748,4.7024,5.6488,7.4517,10.177,12.784,15.257,18.09,16.615,12.226,7.8048,4.8989,3.9574,3.6031,-0.20812,-5.0198,-8.0856,-6.717,-4.134,-4.694,-5.1696,-6.1511,-7.206,-3.5246,0.59041,-1.4757,-4.1029,-5.8069,-3.7296,-2.4277,-5.1566,-5.5282,-5.9986,-7.5542,-10.618,-15.952,-18.44,-15.89,-12.908,-2.8977,5.3612,4.8498,1.8236,-2.3136,-6.9752,-10.023,-9.1252,-7.4554,-2.7356,4.5646,3.5744,2.967,2.9708,-7.8765,-15.496,-8.4374,2.5099,1.3351,-11.751,-11.185,-0.16,1.4137,4.2232,4.6107,2.5544,7.7068,13.578,9.1417,3.7444,4.0998,4.44,2.7736,0.34847,0.059626,-0.43413,-1.7915,-0.74342,1.6838,2.0393,1.4167,-0.097813,-1.7977,-3.9968,-6.285,-7.6261,-7.0443,-4.485,-3.0215,-3.128,-2.7266,-3.0168,-2.1016,-0.29103,3.6838,7.501,5.0341,4.7956,6.0683,5.7917
3.2328,2.6321,1.1739,-0.47617,-1.9988,-0.15351,0.39046,-2.4379,-4.5855,-2.0099,1.1546,1.3175,3.9813,9.782,15.526,10.688,-1.3744,-2.999,-4.1304,-5.9593,-6.073,-4.3101,-2.895,-2.9043,-2.5168,-0.84104,2.1343,4.7656,4.0868,1.8458,1.3066,-0.57907,-3.4971,-3.095,-2.4612,-1.3098,-1.9651,-1.8491,0.72119,0.30553,0.7682,2.9538,3.5477,1.4926,-1.2551,-2.0649,-1.8986,-1.9591,-1.2805,-0.60948,-4.133,-5.6527,-0.22318,-0.43168,-3.6029,-1.3665,0.29638,-2.7297,-1.9159,1.6722,-0.18494,-2.4954,-5.1055,-7.1584,-8.7761,-6.4742,-1.7869,1.8853,1.8023,0.52801,2.9857,5.4998,5.1362,4.6255,6.6584,5.1229,1.9305,2.7221,3.3811,3.6726,2.4427,1.3995,2.0754,1.9213,1.571,0.63383,-0.10057,0.20602,-0.0059787,0.017766,-0.32798,-1.2616,-2.8395,-3.9491,-5.5181,-12.317,-11.203,-7.2932,1.3311,5.8829,-1.0179,-0.68734,-0.039261,0.58582,2.0434,1.648,-0.081943,0.20537,2.4114,-0.16742,-2.0097,-0.28685,-0.19679,2.9908,10.959,9.2143,1.612,-1.2016,-3.0896,-3.3901,-3.4882,-4.0836,-4.5294,-4.7719,-5.5687,-6.976,-5.5317,-3.9292,-5.0526,-4.8995,-6.8935,-3.982,4.4899,3.6368,2.0812,0.5862,-0.69949,-3.4992,-4.3555,-5.5405,-5.1898,-3.3291,-1.4954,-1.3495,-4.8215,-10.072,-12.127,-6.1993,1.0271,-0.19527,-2.8107,-0.85471,3.9967,0.80507,-3.4016,-4.5591,-10.551,-12.487,-2.8802,3.6203,1.3132,-0.17305,3.9574,6.3218,3.3426,3.6272,3.8093,2.204,2.7064,4.1061,4.8477,4.2595,1.7224,-0.70376,-0.020102,1.1199,1.8227,1.6865,1.5756,1.3943,2.4573,3.9344,4.1419,3.3405,2.2522,0.073208,-1.321,-1.3618,-1.6061,-1.4724,-2.046,-2.0797,-2.1585,1.6601,9.5698,14.792,10.145,3.9125,3.7789,3.9425
-0.20675,-1.0043,-3.0487,-6.1371,-1.2674,2.3582,-1.0928,-0.15573,1.8662,1.6341,5.5491,9.0568,8.7771,6.9511,4.8738,0.47377,-2.4591,-0.88869,-0.71872,-0.7069,-0.70553,-0.5909,-1.7151,-1.8574,-4.1434,-6.7119,-4.9536,-3.2912,-5.485,-6.3088,-5.2899,-4.4469,-4.1017,-2.944,-1.1154,0.036091,-5.289,-7.7013,-7.9354,-10.461,-10.093,-8.9355,-7.775,-6.0059,-4.295,-4.4428,-5.2795,-8.1179,-6.0948,16.904,13.051,-5.9181,-7.8824,-8.8923,-7.723,-6.2837,-5.5994,0.14277,-1.9197,-1.0987,8.2011,1.8549,-1.6429,3.1709,10.584,15.52,15.93,15.13,14.455,11.832,5.6729,-0.97156,-1.0333,-1.8001,-5.2054,-3.2219,-1.1391,-0.30495,0.18948,0.78896,1.1256,1.3926,1.7743,1.3054,0.83127,1.4851,2.9312,5.0852,5.6117,5.5821,7.3496,8.1854,6.7982,13.941,16.923,13.392,12.981,9.8667,11.259,14.733,-15.189,-14.672,-13.457,-11.17,-9.6859,-9.3794,-11.167,-13.422,-10.715,-5.1881,-1.7169,0.38827,0.52368,-1.1438,-3.1045,0.55744,5.4063,2.2533,2.7839,5.3437,4.8807,4.6113,3.9225,3.9028,5.8765,6.9651,6.7059,6.7683,10.273,13.778,10.804,8.0639,8.186,12.951,15.409,13.914,22.007,25.491,21.122,12.654,7.1995,7.2355,5.4158,1.8824,2.4973,8.19,7.7769,-26.623,-23.591,21.109,16.179,-18.172,-16.021,-0.15117,5.5553,9.1147,-4.9042,-22.169,-18.28,-6.284,-1.3373,-4.2433,-6.2652,-4.7405,-4.2052,-7.2451,-7.9699,-4.488,-1.9957,-1.1449,1.3709,6.226,8.5801,3.2751,-3.3269,-3.3565,-2.1455,-0.31826,1.0696,1.4273,1.3379,1.1432,1.107,1.0531,0.89709,0.83494,1.6038,2.4097,4.222,6.2595,6.9729,7.2201,6.1265,5.5566,9.7676,8.2757,-2.9654,-8.2351,-4.3607,-1.3214
4.8737,4.0761,3.5235,1.8447,0.14397,1.1191,-0.087129,-5.2207,-3.3673,-0.24525,-1.3912,0.20417,3.0294,5.4593,4.7245,4.5349,5.562,1.8453,-4.2495,-4.8726,-3.9406,-3.7313,-3.2719,-2.9769,-2.8919,-3.8647,-3.4445,-1.3767,-2.1511,-4.4282,-3.6426,-1.5287,-1.1973,-1.1717,-1.1898,0.80112,-4.7073,-5.6412,-9.9038,-14.242,-11.03,-9.516,-8.6034,-7.6723,-9.0675,-7.3251,-5.6231,-7.6944,-2.9003,10.062,1.9968,-3.5524,2.0236,2.0517,-3.9021,-7.5412,-7.5164,-5.94,-7.0775,-6.6516,0.6873,-1.4707,-0.50764,7.8176,15.942,17.986,15.611,12.514,11.572,11.517,10.441,6.4803,4.4305,1.9753,-2.6447,-3.925,-4.5992,-4.29,-2.7524,-1.3245,0.22842,2.0756,3.5043,2.9805,1.8556,2.2089,3.5815,5.8308,6.1442,5.882,7.0262,7.0411,5.2411,7.1472,9.269,10.358,11.406,10.603,8.4904,7.0096,-3.9631,-3.446,-4.2168,-4.0082,-3.9899,-4.8007,-5.9794,-8.4105,-14.182,-15.988,-13.736,-10.173,-6.7103,-5.4541,-4.2845,-2.4641,-3.9196,-2.725,0.85032,-0.0083255,-0.26303,-0.45496,-0.16962,0.039054,-0.69289,-1.2858,0.5504,1.7834,1.5463,3.8213,3.7741,1.8646,1.11,1.734,7.3969,11.117,26.08,34.762,29.476,15.668,6.0534,3.7864,3.5979,4.6125,9.5447,18.483,14.14,-7.969,-0.27189,17.71,4.736,-11.805,-4.1681,3.2795,8.227,10.176,3.8548,-6.3266,-12.571,-10.039,1.8034,2.1091,-0.022703,-2.9741,-5.5497,-7.3641,-6.7426,-5.6366,-1.9153,1.4725,2.7668,6.3743,10.048,8.5357,-1.5263,-6.9069,-8.6024,-8.2491,-6.9733,-4.7647,-2.6444,-1.4422,-0.57774,0.47463,1.0041,0.68517,1.3825,2.2532,3.9628,5.8936,6.0776,5.5703,3.944,1.2145,0.97221,-3.1876,-11.875,-8.2088,-1.5992,-1.3311
6.0478,5.2502,4.4187,4.7072,4.7872,4.0332,3.0279,1.0435,-1.9484,-4.4957,-6.2932,-6.3166,-7.2909,-9.7933,-13.171,-17.695,-15.761,-8.0609,-0.53676,4.4467,8.3848,12.158,14.223,12.301,6.1329,0.98024,-1.3156,-5.0899,-7.1552,-5.4258,-5.889,-7.416,-7.8982,-7.4961,-6.7215,-4.6867,-8.1146,-4.0148,-4.8603,-9.0494,-2.9915,0.89065,2.1909,1.3362,-4.8922,-7.9771,-9.2451,-17.384,-13.62,10.758,3.4625,-1.8273,-0.47668,1.0677,2.3872,1.274,3.7473,5.9902,-0.68784,-1.7941,-3.0147,-7.1235,-4.8599,6.5526,13.501,13.648,14.097,10.589,5.4812,5.1459,9.4507,10.948,10.125,5.2601,0.8861,3.6322,4.7283,4.6699,2.522,0.041444,-0.056411,-0.08068,0.17006,-0.060118,-0.60581,-0.72251,-0.52102,0.34892,-0.38165,-1.405,-2.2966,-4.5398,-5.0128,-4.263,-5.3871,-2.2798,2.721,7.4868,14.112,18.029,-4.6042,-4.087,-4.6626,-3.9595,-2.6178,-3.4527,-2.991,-1.1604,-0.043911,0.15106,0.27221,-4.3171,-8.7377,-9.9738,-10.062,-9.1598,-9.0605,-10.659,-12.206,-9.4836,-6.0256,-5.8575,-6.4393,-7.8878,-9.0875,-4.5656,0.93266,1.0979,3.0756,2.5339,1.9969,4.4916,6.3211,5.468,6.5003,10.251,21.536,29.659,24.158,8.1027,-1.6375,-4.8304,-3.4993,2.0901,14.51,19.702,8.7286,-33.329,-31.663,15.32,6.841,-5.8432,-1.4412,15.93,17.283,-3.1592,-26.562,-32.281,-14.791,5.9689,7.305,6.3211,4.6993,2.2563,1.0692,-1.2517,-3.0908,-1.751,1.2292,3.0002,2.4555,3.4106,6.6121,8.8127,7.2422,5.7105,2.9686,0.81859,0.53668,0.91999,0.44745,0.05577,-0.036619,-0.77815,-1.8468,-2.3639,-2.1473,-1.7897,-1.541,-1.0641,-0.17205,-0.063297,1.5783,5.31,2.8781,7.8018,1.2099,5.3183,10.984,7.4744
-1.0265,-1.4098,-2.5969,-3.4031,-3.2625,-2.9623,0.14227,1.8178,0.0048009,1.3109,3.2875,0.95822,0.66147,3.4373,4.1689,2.2929,-1.2092,-3.9413,-4.1095,-2.2865,-0.52783,-0.66485,-2.204,-3.4794,-4.1623,-3.4395,-2.1653,-0.91202,0.35384,0.25011,1.1778,2.814,3.1453,2.6155,1.0008,0.22872,2.4932,4.9446,5.3289,4.7534,5.1195,2.5034,0.015953,1.1438,2.8397,3.8744,2.5417,1.4087,1.0999,-2.5097,-1.5201,1.6978,0.1891,-2.7142,-3.3244,-0.89917,0.5239,-3.6233,-2.3592,-1.5112,-5.7628,-4.3381,-4.7454,-6.4028,-3.8905,-0.85651,-2.0148,-4.2324,-2.5522,-1.4714,-2.2744,-1.7088,0.037323,0.70914,1.3461,1.9244,1.034,0.6106,-0.13404,-0.97884,-1.2203,-0.94399,-0.87765,-1.4364,-2.0698,-2.1087,-0.9599,0.28618,1.0425,2.2104,2.7057,2.458,2.2277,1.6985,-0.10797,-2.483,-0.79917,-1.9366,-3.4354,-2.922,3.8869,4.1618,4.8524,5.3916,5.8174,6.6755,7.0612,5.5064,2.9056,1.907,1.8285,0.43578,0.70829,2.2529,1.1905,-0.19032,-3.0108,-7.0531,-9.2699,-10.024,-7.1804,-3.8103,-4.4676,-5.2373,-5.7977,-3.9405,-2.5943,-3.1331,-2.6917,-3.8012,-4.3868,-4.8845,-5.6391,-5.771,-5.3451,-6.1279,-10.773,-15.015,-12.788,-7.1591,-1.2105,3.8996,5.3839,4.8208,1.9431,-1.9694,-1.7573,2.0362,1.1146,-0.62255,2.6722,4.6538,5.2291,2.7905,-4.0401,-4.481,5.0513,4.0456,-3.2682,-5.4051,-3.4262,4.7544,8.8507,6.6843,6.4178,6.6234,4.4122,3.3176,3.8454,2.1433,1.5823,3.6372,4.5607,4.8332,3.2529,1.5312,-0.093602,-1.4359,-2.636,-3.4335,-3.7515,-3.7129,-3.8196,-4.6712,-5.6907,-6.0703,-5.2951,-2.9623,-1.6733,-1.8658,-1.4309,-1.2725,-0.2756,2.5741,7.1516,7.4514,4.8146,3.9937,4.0541,3.684
-1.6933,-2.4909,-4.5353,-7.6237,-3.0973,0.52342,-2.4331,-2.7017,-1.5741,-0.85944,1.3836,2.3943,2.4374,3.4289,4.5769,3.4194,1.5548,0.91224,1.9245,3.7261,5.2639,6.4129,6.6755,5.7396,5.1968,2.9896,-1.156,-1.2163,0.13062,-3.4468,-4.6621,-3.8191,-3.4877,-3.1052,-2.25,-0.55314,2.3349,-5.4091,-11.594,-10.193,-8.1579,-6.7036,-5.0675,-3.185,-1.8971,-1.695,-7.4272,-9.2647,-2.7376,9.6045,0.5996,-6.1972,-6.4698,-5.1128,-6.55,-10.223,-10.857,-7.9225,0.62438,15.127,11.477,2.1677,0.40574,9.6312,21.136,23.712,17.714,11.274,7.748,5.4269,4.4205,3.4169,3.3146,-1.1194,-6.2586,-3.5944,-1.8933,-1.145,-0.2271,-0.26198,-0.34591,0.34734,0.49307,0.18114,-0.66055,-0.89856,0.94307,3.6176,5.2958,6.3986,8.2962,9.2864,7.9114,14.628,17.649,17.216,18.135,14.009,11.095,11.958,-13.612,-13.095,-11.88,-9.5932,-6.5649,-5.1294,-7.9311,-13.27,-11.678,-4.8222,-1.2439,-0.3354,2.9791,5.4911,4.7924,2.2078,0.21207,1.5441,2.9486,1.9685,1.4298,1.0003,2.2595,3.6983,2.9722,2.7201,2.8654,3.6022,5.0732,9.3062,11.878,9.138,8.3834,8.0506,10.909,12.727,8.6429,11.771,13.343,10.58,9.2308,6.165,0.89945,-3.6581,-3.9603,-0.80659,-14.383,-25.167,-3.8885,16.546,7.9539,-0.77267,1.5592,8.9937,9.0741,-1.2916,-11.534,-18.319,-13.843,3.6669,-2.6675,-4.0502,-3.298,-3.5137,-5.0952,-7.0825,-6.6701,-6.4478,-5.5983,-3.2394,-0.31755,1.8823,3.3759,3.2899,1.6443,2.6609,2.6673,2.6376,3.0442,3.6506,4.0948,4.284,4.0012,3.0917,3.0731,3.7689,4.8652,6.1082,7.4541,8.7751,9.7436,10.379,9.4749,9.951,9.3259,1.3589,-10.26,-13.836,-6.6231,-1.6681
2.8154,2.214,0.75473,-0.6141,-1.7519,0.044156,0.45706,-2.277,-4.1769,-0.76382,3.0248,2.7468,4.1844,9.4883,14.164,6.8313,-5.2695,-2.8192,-1.7907,-2.1724,-0.86934,3.7117,6.889,6.8159,6.8517,7.2227,8.0379,7.7571,6.0196,5.4776,4.2978,0.62024,0.9516,1.3537,1.9875,3.1389,-4.2737,-7.0347,-6.3256,-4.6051,-2.3519,-3.8629,-4.8656,-3.7909,-3.7857,-3.9631,-3.7887,-3.809,-4.8486,-3.8088,0.92001,-0.64304,1.3519,-0.64346,-5.3688,-4.1803,-5.0968,-4.0807,-0.91854,-1.577,-0.8016,-10.384,-15.846,-11.509,-3.0868,5.0287,8.5724,9.2821,7.8874,4.5516,1.0769,-0.036964,1.6645,3.0409,0.70417,-2.231,-1.1825,-0.58579,-0.17413,0.31882,1.8181,3.8211,5.4467,6.1446,5.8787,5.0968,4.1775,4.5083,5.3686,5.0608,2.561,-0.77759,-2.3854,-4.8025,-7.217,-7.4975,-1.6776,-1.9014,0.57338,4.981,-0.13788,0.1814,0.79414,1.1752,2.2805,2.4916,1.803,2.3046,4.0231,1.7555,0.36127,1.3839,0.10119,4.3688,12.81,8.994,1.5761,-1.2014,-3.1497,-3.7276,-3.9716,-3.6783,-3.9822,-5.1684,-5.9128,-3.4004,-1.1717,-3.6918,-5.1781,-6.4589,-4.2471,2.0433,1.2887,0.43561,-1.12,-2.615,8.0158,11.083,9.1769,6.5496,4.6964,-0.16892,-4.553,-5.5954,-4.325,-3.9416,-7.0618,-8.3857,-6.7121,-5.1006,-3.8404,-6.1636,-3.3496,2.3323,2.3251,-1.3637,1.8367,2.8134,-3.4678,-1.6541,4.7035,4.6446,3.2017,0.9033,-1.6262,-0.78885,1.2918,1.3052,0.22903,0.73092,2.2817,2.0051,0.0032347,-2.8831,-3.3887,-3.8895,-3.8365,-3.4474,-3.2662,-2.8975,-1.8606,-0.43242,0.71787,0.76516,-0.26494,-1.6521,-1.7371,-1.1598,-1.8662,-2.7545,0.55926,4.1667,4.4811,5.1131,-1.0836,12.848,9.7275,4.5163,5.1942,5.1321
0.55757,0.608,0.22972,0.18992,0.756,1.3284,0.3963,-0.014254,2.1818,3.0292,4.8342,8.0282,7.5602,4.3732,2.5909,3.1735,0.87411,-2.7172,-2.268,-3.5849,-3.848,-2.7794,-1.0058,1.1119,3.3956,5.4116,4.0657,1.6894,2.3803,3.0839,0.53118,-2.4327,-2.1014,-1.6993,-1.0655,0.08592,-3.9465,-5.5968,-5.302,-3.0426,0.662,0.0014294,-2.3748,-3.1903,-3.1906,-2.9819,-2.3303,-2.6687,-3.8932,-5.5201,-4.0547,-0.36118,-0.010458,-3.5004,-4.3065,-5.9529,-9.3187,-6.6043,-0.28025,-1.5915,0.15662,-2.0178,-2.6641,5.646,11.78,7.373,8.0943,11.833,10.245,7.6712,4.8909,-1.6101,-5.5322,-4.3714,-1.7738,1.3381,3.0613,0.70587,-3.9611,-5.9779,-5.0002,-1.5982,2.9083,5.5959,5.9583,5.5421,5.1701,3.2306,0.7271,-0.44999,-1.4993,-2.0272,-1.2916,-1.6634,-2.9552,-4.2798,-8.6692,-10.125,-5.4793,-1.2093,2.8946,2.8419,2.8713,3.6084,3.7342,1.949,-0.2326,-2.8332,-5.7904,-6.3307,-3.7447,-0.086209,0.0036596,-1.2147,-1.2131,-1.9551,0.46852,2.3114,0.080417,0.0025176,0.5029,0.12813,-0.98929,-2.2457,-2.002,-2.0521,-0.12624,2.4536,0.61975,-0.89007,0.6231,4.9366,4.182,3.3289,1.7733,0.27827,3.2789,2.3197,0.74285,1.4498,2.2273,-0.80606,-4.5878,-5.1728,-3.051,0.52634,2.5521,-0.083411,-5.3633,-7.4326,-9.7399,-13.38,-4.8636,2.445,-2.7045,1.0264,8.6545,2.9612,-3.7925,0.33233,4.2046,3.6714,5.5468,4.2523,0.16226,0.2898,0.54217,-0.22178,-0.1661,1.0614,4.328,3.6372,-1.6935,-0.60115,0.98365,2.2057,2.468,-0.74162,-5.0203,-6.3809,-5.8602,-3.8874,-0.85651,0.84661,0.41595,-0.64055,-1.409,-0.80286,-0.60759,-1.5516,-2.1843,-3.2321,-0.74887,-0.48219,1.9532,-1.6461,2.6701,8.9889,8.8306,7.6134
