1.2746,1.2746,1.2807,1.2893,0.947,1.0466,1.1428,0.43028,0.042363,-1.0052,-1.6724,5.9815,0.73004,-8.2788,-2.6915,3.0428,0.71121,-5.3815,-8.7134,-4.6008,-0.30547,0.053801,-0.41959,-0.64193,0.92694,2.1262,2.0526,0.44905,-1.2381,-1.3981,1.6314,6.6115,9.5714,10.343,9.2791,7.3176,6.8471,7.0112,6.1075,4.9588,4.4383,3.9032,3.2707,1.8671,0.32151,1.4956,0.57069,0.68027,1.8341,3.0287,1.9344,0.21971,4.8208,1.3889,-4.4651,-5.7544,-3.8748,-1.1692,-0.26165,-4.0135,-6.0671,6.9943,7.8885,-6.1988,-8.6434,-9.9944,-12.465,-9.3259,-0.52498,0.21758,-4.0336,-13,-10.957,3.5995,4.2868,1.2615,-1.1812,-2.3666,-0.31476,3.0149,5.7187,0.31949,-8.7754,-2.3963,-1.2032,-3.033,-0.58602,0.40381,2.1699,2.107,-0.048532,0.78223,1.9004,1.2434,0.23427,1.3068,2.1071,2.2864,1.7772,1.4758,-1.2368,-1.2368,-1.4394,-1.6799,-1.8835,-0.58812,1.0279,0.86111,0.85644,0.17367,-1.3776,7.2064,13.287,13.518,5.0283,0.87491,11.44,10.976,-4.6541,-5.5991,-4.5255,-3.9268,-3.4493,-3.8565,-2.4107,-1.4838,-1.9234,-1.4077,-0.96479,-1.0243,-2.4366,-4.0316,-4.6573,-4.7106,-4.9438,-2.7214,-0.75407,-2.4012,-3.5852,-4.2399,-5.4944,-4.5114,-3.668,-2.8813,0.030555,-3.2915,0.26663,4.3635,-2.3794,-0.33759,-0.72472,-4.6022,-4.2874,-4.6176,-8.3499,-10.343,-3.8381,0.072592,-3.4418,-7.178,0.69042,-8.4898,-15.438,-5.7122,1.7533,1.9282,-0.99414,-1.754,0.057222,-5.103,-11.933,-19.28,-14.926,-3.0751,2.9375,14.379,17.765,11.664,2.86,0.41672,2.1265,2.8439,1.6243,2.8854,3.0257,4.7165,4.9231,2.9482,0.90586,1.0227,1.9164,1.5096,1.1654,2.3338,3.3488,2.5538,2.1747,2.1853,2.3535,2.482
1.6919,1.6919,1.698,1.7066,1.3643,0.86842,2.4929,4.134,3.7461,2.6985,2.0313,1.108,5.6872,-0.057549,-3.5315,-3.4441,-7.8932,-7.4567,-4.4215,-2.4945,0.14358,-0.96691,0.41276,1.4022,1.5198,3.4108,6.6542,9.1312,9.1678,9.6224,12.683,13.968,11.691,7.8158,5.0771,5.9463,7.856,8.0756,7.2373,6.2475,5.5328,5.1496,4.3345,4.8368,3.3208,2.8822,3.6568,4.0828,2.2395,1.9116,2.4195,0.14299,-3.2995,-4.1395,-4.7479,-5.1878,-4.4614,-2.9586,-1.9012,-2.2381,-6.8081,-8.884,-3.9242,-1.3011,-1.3232,-6.5278,-11.557,-7.3322,3.6319,8.5784,5.8133,-17.557,-16.306,8.2785,-4.8575,-4.3558,-5.7227,-5.6617,-1.1214,0.085607,-0.82604,-2.6561,0.63964,2.5772,1.0302,2.7519,2.5218,2.4335,1.8232,-0.021831,0.92712,-0.56963,-2.1324,-1.3884,-0.70978,-0.91021,-1.3769,-1.1976,-1.7068,-2.0082,1.1069,1.1069,0.9043,0.6638,0.46019,-0.04431,-0.030071,0.4898,0.48513,-0.19764,-1.7489,-2.2257,-5.4195,7.8908,8.6125,4.1663,3.1968,6.6282,4.9433,-2.2204,-1.9381,-0.23033,1.4056,2.8546,0.56929,-0.93397,-0.21188,-0.72474,-1.316,-2.0017,-2.9841,-3.0844,-2.632,-1.9438,-0.1781,1.5005,0.99649,-0.6773,-1.8934,-2.5986,-3.7988,-0.73712,3.846,-0.19707,2.1921,6.9803,3.4103,-0.36528,5.121,6.8883,3.2806,3.4589,4.0755,0.5654,-4.9542,-7.6013,-5.3262,-3.1471,-4.6759,-5.9047,5.1325,9.9838,6.9602,3.7983,-0.32153,-6.4857,-11.368,-14.588,-7.6209,-1.3006,-5.5384,-22.018,-18.802,1.1423,7.2796,8.2003,5.7656,3.0752,-0.33879,-0.40504,-4.3002,-7.1951,-3.9208,1.1008,2.9513,2.8379,3.0284,2.6923,1.9756,1.3995,0.59791,1.0028,1.6542,1.4949,1.0147,0.23986,-0.072676,-0.062072,0.10608,0.23455
-3.084,-3.084,-3.0778,-3.0693,-3.4115,-3.9074,-2.2878,-0.069998,-0.45791,-1.5055,-2.1727,-3.096,5.5837,-1.955,-3.6764,0.13122,3.674,2.3635,1.4127,0.87729,-1.1565,-0.043619,0.41545,0.86617,2.0616,3.383,2.8542,0.86088,-0.26061,0.3532,-1.0616,-4.2875,-6.1306,-6.5285,-5.0561,-0.061766,4.5581,4.3116,2.5635,0.20744,-1.5201,-2.5304,-3.0188,-2.9178,-1.6759,0.04398,0.81858,-0.65621,-0.59082,-0.10516,-1.5747,-2.5212,-7.7682,-6.3628,1.9584,8.8266,3.6183,-6.4298,-7.6813,-4.355,3.9258,9.5522,3.3185,-3.1266,-5.5809,1.2145,10.949,9.0698,-4.6024,-3.0269,2.8043,4.831,5.7099,0.49624,-0.26488,-5.429,-4.0036,0.10401,-0.32111,0.60209,0.56767,1.1861,0.58498,0.97745,1.5219,-2.0974,-1.2283,-0.26146,1.665,1.9137,0.2176,1.0484,-0.32147,-2.4686,-1.79,-0.71748,-2.5711,-4.6758,-5.185,-5.4865,1.7744,1.7744,1.5719,1.3314,1.1277,0.62324,1.1143,2.1708,2.1661,1.4834,-0.067894,-0.5447,10.55,16.075,11.669,5.5225,2.3851,2.6102,0.7115,-1.198,-2.4039,-1.2075,-0.41093,0.76275,1.2777,1.9046,3.1061,3.7415,4.0246,3.6774,2.3228,2.1518,3.037,3.04,1.4965,1.8555,3.0014,1.4688,0.6274,1.6187,2.3993,0.33123,-0.5159,-1.3567,-1.5029,-0.68789,-4.2578,-2.5787,-4.0113,-8.84,-11.498,-13.363,-13.425,-8.9122,2.3019,9.5586,3.6276,-3.585,-3.8526,-3.905,-6.511,-9.3231,-11.144,-7.8242,-5.1678,7.0009,10.073,6.4212,2.7038,8.3569,2.0625,-10.408,-5.3091,-7.9569,-9.2105,-6.8275,-3.7607,-0.7499,0.59721,1.6186,2.2193,2.1183,0.45347,-2.3339,-2.0652,-1.3435,-2.0545,-1.6816,-1.2543,-1.0114,-0.0060169,-0.41285,0.24425,1.3228,0.84257,0.047564,-1.4361,-2.3515,-2.1834,-2.0549
1.0195,1.0195,1.0257,1.0342,0.69194,0.19605,1.5044,3.3793,2.9914,1.9438,1.2766,0.35332,3.2557,-6.2245,-5.8211,-10.913,-15.417,-6.6331,-1.053,0.57741,4.0569,3.1944,3.1503,3.5998,2.9311,2.9967,0.99837,-2.8782,-4.1625,-2.4947,-1.3199,-1.928,-1.8648,0.86408,6.0615,9.8179,5.7342,-0.83238,-2.5954,-2.3517,-2.076,-0.81555,2.1947,4.9727,4.8333,4.1337,3.9399,3.277,6.4717,6.6812,3.4014,0.93764,-0.61705,1.6732,4.0141,2.7497,0.40338,-4.0422,-5.9588,-2.4197,-1.005,1.2372,3.1078,-2.1632,-4.6313,-6.3049,-6.4912,-0.48644,2.1455,-2.0561,-6.2273,-0.47867,7.4397,5.966,-2.066,-4.5248,4.4647,2.67,-12.099,-12.279,-5.264,-3.2008,-2.3633,0.56387,-0.93008,-0.71176,-0.29111,1.3162,1.6648,1.0602,2.0091,0.41883,-1.2718,-0.52779,0.15081,-0.036892,-0.4875,-0.30821,-0.81741,-1.1188,1.0721,1.0721,0.86954,0.62904,0.42542,-0.079076,1.1317,3.1542,3.1495,2.4668,0.9155,0.4387,16.819,18.8,12.155,9.2253,11.075,9.8905,3.6689,-4.2809,-6.368,-7.5441,-7.0113,-3.6619,-1.5743,-0.92562,0.74121,2.261,2.7401,1.4487,0.23013,0.45411,0.31028,-0.92635,-2.7118,-4.4624,-5.4047,-3.204,0.73445,2.3666,0.99602,-2.6065,-3.9286,-4.2588,-6.2056,-5.9146,-7.378,-1.5749,3.0996,-3.865,-5.5542,-5.5379,-7.6391,-7.4816,-6.8717,-9.8763,-11.995,-6.766,-2.6519,-2.3631,2.9718,-0.36122,-7.214,-4.6935,-1.1805,-1.885,-3.5555,-5.3785,-4.9506,-9.8107,-16.833,-8.6892,4.8163,3.5574,6.6593,8.732,2.6222,1.9096,12.893,14.694,6.648,5.3337,5.1327,4.7946,1.4163,0.0041773,0.78331,1.671,1.5682,1.5924,0.79082,1.1202,1.6875,1.5282,1.048,0.17029,-0.24598,-0.23537,-0.067224,0.061248
-1.0233,-1.0233,-1.0171,-1.0086,-0.10156,0.6892,0.015289,-0.69722,2.6967,6.3274,5.6602,4.7369,7.9538,-1.6617,-4.1017,-1.9369,-0.74878,-1.2261,-0.11264,0.3694,-1.5235,-0.89152,-0.41558,0.32114,0.49615,0.58246,3.4869,4.6762,0.44391,-3.344,-4.0116,-2.9554,-0.37629,2.4969,2.3587,-2.1062,-7.3529,-8.9931,-5.1213,-0.1245,1.6876,3.148,3.7805,3.3704,4.0952,2.3315,1.3464,1.7724,2.369,3.4519,2.7681,-0.41577,0.56936,6.6869,8.6335,2.8343,-3.7968,-5.5553,-4.1166,-3.9775,-6.4813,-5.5994,-1.6377,3.1669,3.6448,0.035886,-2.6876,-1.0258,3.9643,2.0031,-3.3914,-1.6385,0.58661,6.4116,1.9927,-3.4045,-3.6235,-2.0812,-1.6568,-2.4828,-2.7354,-1.9544,0.48653,0.2387,-1.3225,1.4049,1.3745,0.87277,1.0051,0.15775,1.1067,1.1006,1.2742,2.0182,2.6968,2.6309,2.2845,2.4638,1.9546,1.6532,-1.9669,-1.9669,-2.1695,-2.41,-2.5535,-2.9537,-3.407,-3.5738,-1.1546,1.8629,0.31161,-0.16519,14.907,13.498,4.8929,-1.8234,-3.7639,1.9692,5.2672,1.2163,-2.2362,-1.6236,-0.78818,0.76316,1.4578,0.14327,-0.94667,-0.98846,0.028991,1.4659,1.6932,0.98228,-0.4498,-1.2949,-1.3616,-0.9134,0.31417,-0.23173,0.14229,1.1543,-0.96372,-4.6242,-3.2409,0.73334,-2.7725,0.44704,4.7339,0.9583,6.5774,8.4628,3.8399,0.31159,-1.5376,0.62072,1.8747,-0.14957,-2.9211,-5.8545,-7.3261,-4.1795,3.3038,-0.77515,-1.6109,5.7928,-0.27772,-1.0282,-1.456,0.68045,4.3702,-1.8639,-9.7056,-7.9136,-2.7526,-0.087831,-0.94134,3.5764,5.0709,0.93711,2.2889,7.7684,7.677,2.1591,-2.8074,-2.6629,-0.10856,1.0909,1.8783,1.5405,1.213,1.0142,0.21262,0.95558,1.8462,1.6869,1.2067,0.24755,-0.25851,-0.24791,-0.079761,0.048711
2.8625,2.8625,2.8686,2.8772,2.5349,2.0866,2.1951,2.2116,1.8237,0.77613,0.10893,-0.67872,1.5548,-1.1968,-7.7161,-2.7426,1.0905,1.6699,2.9535,3.5755,4.4548,7.1215,7.5195,6.5861,6.6132,8.5513,9.5409,9.2353,9.4301,10.53,9.8011,7.305,3.5315,0.40958,-0.069839,1.4796,4.1246,6.6057,7.7692,7.7975,8.1454,7.4028,6.5116,5.263,1.9841,0.77157,-1.023,-6.4054,-8.7649,-6.5376,-4.1995,3.6427,9.9515,1.6421,-4.8625,-6.7346,-5.7897,-0.30291,2.5281,0.9576,-6.3022,-11.344,-6.3049,-6.1496,-6.3466,3.804,8.4117,3.4499,4.0613,2.7734,-3.2705,-17.572,-13.565,2.1044,-1.6941,2.8979,3.2915,4.1473,6.7107,1.7699,-1.2176,-1.0163,-2.9755,-0.12545,1.3751,3.2014,2.3174,1.1811,0.42619,-1.5558,-0.88208,-2.0157,-3.3121,-2.7314,-2.0529,-1.5416,-1.3249,-1.1691,-1.6783,-1.9797,0.13755,0.13755,-0.065014,-0.30552,-0.50913,-1.0134,-1.4515,-1.5863,-1.591,-2.2737,-3.825,-4.0792,-10.275,-7.0485,-4.1548,-2.7195,0.47832,2.9155,7.7113,9.9699,9.4393,7.9839,4.9912,2.7675,1.0431,0.65857,-0.84466,-3.1577,-3.8755,-4.7108,-5.1149,-1.1365,3.866,4.9981,4.5337,2.4293,-0.12985,0.10396,1.1797,0.26979,-1.2212,-4.1288,-5.1817,-5.0945,-5.3799,-6.3848,-5.5285,-4.2545,-4.8495,-2.537,4.7256,12.619,13.471,5.0748,-6.9436,-11.429,-6.3932,1.8613,4.9745,3.5128,6.7481,2.9677,-7.8347,-11.795,-0.88423,8.5221,6.3163,12.285,20.441,14.09,2.5554,-22.381,-29.35,-1.4309,-0.92146,-9.679,-5.9222,-1.7348,-6.9571,-2.002,3.384,0.66278,-4.0294,-1.7572,0.12223,0.44442,0.7172,0.20261,-0.17673,-0.30218,-1.1734,-0.44499,0.51699,0.35155,-0.12868,-0.8847,-1.2142,-1.2014,-1.0332,-0.90475
-0.021789,-0.021789,-0.015645,-0.0070777,-0.34936,-0.83738,-1.3809,-1.9701,-2.358,-3.4056,-4.0728,-4.7212,-6.2084,2.0509,-5.0526,-5.4905,1.9013,1.1831,-0.36662,0.92722,0.70129,2.3313,3.4683,4.441,3.3482,-0.55192,-2.3227,1.4124,5.8188,3.3607,-0.40684,0.59806,3.5852,6.0993,4.9531,-0.64311,-4.7723,-3.6818,-1.7959,-1.5739,-0.57627,1.7941,2.6981,2.89,4.0952,2.5744,1.4662,1.5161,1.6668,-3.5385,-8.2273,-6.3197,-0.87933,6.4028,8.73,3.2193,-4.3422,-6.0797,-2.4132,1.2114,-1.7056,-2.4137,1.5879,2.0665,-1.8604,-8.1988,-8.8035,-5.0442,-0.66074,-2.6389,-3.7211,3.1643,3.4966,-6.54,-9.9323,-14.216,-10.887,1.262,3.4992,3.1048,3.6183,1.1969,0.44904,-1.8059,-2.2058,-1.8673,-3.0075,-3.6864,-1.4275,0.039414,0.42601,0.50791,0.70772,1.4224,2.101,2.0864,1.75,1.8834,1.3742,1.0727,1.0165,1.0165,0.81397,0.57347,0.36985,-0.13311,-0.56091,-0.70327,-0.70794,-1.3907,-2.942,-3.2962,-15.085,-12.232,0.94616,7.0376,4.4121,5.1246,9.8603,9.0752,6.2613,4.5453,3.8217,1.2516,-1.4008,-0.80764,0.9391,0.2751,-1.0443,-1.6796,-1.7791,-2.421,-2.4922,-2.0865,-2.2119,-1.7721,-1.6571,0.50308,2.8239,1.6722,-0.10947,-1.3078,-2.1394,-3.1977,-3.8077,-3.4951,-3.8847,-6.2362,-6.7017,-4.9261,-3.8209,-1.4157,-0.10864,3.3402,5.2736,1.3907,-4.5499,-7.1397,-4.0179,3.2825,15.908,11.071,-2.5805,-10.501,-11.705,-12.801,-11.293,-3.9805,-0.3948,-10.285,-13.249,-1.4691,3.5022,-4.1375,6.3583,13.953,9.4039,0.79254,-0.12253,3.2775,2.8844,-1.3187,-1.5327,-0.59568,-0.64993,-1.2088,0.52928,2.1141,0.54367,-1.1116,-2.0635,-0.34877,1.6871,1.5251,1.0448,0.10894,-0.38079,-0.37388,-0.20573,-0.077255
-0.76328,-0.76328,-0.75714,-0.74857,-1.0909,-1.5867,1.1041,4.0586,3.6707,2.6231,1.9559,1.0326,6.2046,-5.893,-8.5999,-4.2388,-7.1132,-6.75,1.2001,3.265,1.6878,0.56689,0.96474,1.3172,2.0648,-0.025093,-2.0216,-2.6608,-2.6638,-2.4326,-1.2441,0.36015,0.41362,-0.33246,0.77181,5.313,11.002,10.506,5.5853,3.0028,3.2303,3.4311,3.2719,2.5935,3.3183,1.7845,0.69353,1.1195,1.0571,0.96332,-0.7194,-1.556,-6.7727,-7.0404,-4.0632,-0.7075,2.3168,-0.27373,-2.0538,0.47714,-0.27624,2.8661,4.2362,0.80138,1.6623,-2.335,-4.7583,-7.6809,-3.9541,2.1372,5.1367,6.0238,4.2446,1.5665,-3.3396,-7.6143,-5.3096,0.62624,1.604,2.4343,1.395,-2.6357,0.24703,0.57305,-2.7405,-1.675,-1.1476,0.063354,0.67241,0.39919,1.3481,0.028084,-1.3554,-0.61138,0.067208,-1.0901,-2.5129,-2.3336,-2.8428,-3.1442,1.854,1.854,1.6514,1.4109,1.2073,0.70279,0.78145,1.6747,1.67,0.98725,-0.56401,-1.0408,1.7515,14.071,11.192,3.0392,2.8073,8.6908,5.7902,2.7905,2.3597,1.2421,1.2527,2.1753,4.4666,2.8429,1.0246,1.677,1.7715,1.6915,0.94328,0.093225,-0.046506,0.56397,0.013091,-2.5529,-5.0103,-6.499,-3.4355,0.43018,-0.92751,-3.951,-2.355,1.5488,-1.9571,0.18162,2.805,-0.97057,0.48164,-0.31972,-5.3814,-7.5669,-7.2653,-5.6862,-3.9377,1.1891,3.6717,0.78283,-3.5573,-1.02,9.1441,3.0073,-4.8497,-1.3464,0.10275,-5.6221,-8.7502,-7.8063,-5.6946,-3.4153,3.263,7.2997,4.2221,-2.3124,-2.3158,4.1303,0.78636,-9.6045,-6.325,-0.12865,-0.64085,-4.5545,-2.7595,-0.69981,-0.19314,-0.29128,0.85598,1.5243,1.5137,1.6398,0.83826,1.3006,1.9864,1.8271,1.3469,0.6318,0.47898,0.48958,0.65773,0.7862
-0.63733,-0.63733,-0.63118,-0.62262,-0.9649,-1.4608,0.58801,3.1745,2.7866,1.739,1.0718,0.14846,8.1187,0.92754,-0.80208,0.77245,0.38157,0.31237,2.135,-0.26668,-4.5921,-3.5633,-4.5345,-3.8632,-2.2426,0.96325,5.7192,8.7985,9.692,10.264,9.0312,6.1743,4.9393,5.1163,5.0801,5.5607,6.6278,6.8925,6.3973,5.7466,5.2629,5.2146,5.0267,3.6515,4.3764,5.5505,2.6407,1.2358,2.3896,3.269,1.8754,-0.84489,-1.2212,-1.1239,-2.7684,-4.5015,-5.5745,-5.2142,-3.2898,-3.8741,-5.7984,1.2153,5.1062,-1.1173,1.3678,8.0006,6.8778,3.9361,-0.78713,-0.27464,-3.1072,-9.7125,-3.7642,5.0178,-1.4926,-7.419,-9.0533,-5.9857,-5.1055,-1.7988,-0.41945,-1.6731,0.61586,0.80323,-1.4435,-0.92457,-1.7585,-2.0715,-2.5725,-2.7823,-2.3109,-2.4366,-1.7967,-1.5936,-1.5075,-0.43493,-0.076143,-0.33812,-0.84732,-1.1487,1.1642,1.1642,0.9616,0.7211,0.51748,0.012989,0.62725,2.0046,2,1.3172,-0.23405,-0.71086,7.2347,9.3729,6.5444,5.8054,2.7449,-1.6179,-1.467,0.35892,1.3196,2.3598,2.1088,3.8551,2.6999,0.10094,-0.67506,-1.2007,-1.9061,-2.6609,-2.9362,-2.2254,-1.8406,-1.9099,-2.385,-0.39512,1.5249,-0.14641,-1.4172,-2.1765,-0.052066,0.65107,1.3651,4.8064,1.3005,-2.0215,1.6504,4.4565,-2.2863,-1.0563,-1.891,3.1353,6.8511,1.2169,-5.9861,-9.945,-6.4176,-2.8357,-1.9054,-0.55601,3.0012,-5.701,-11.998,-5.2549,7.6997,10.023,5.1673,0.56273,-2.2982,1.3495,2.4633,-6.838,-6.416,-1.1981,-2.0155,0.73792,0.3257,2.1159,2.3877,-0.28264,2.1771,0.74217,-3.6035,-1.7019,1.7367,1.3054,-0.36593,-2.4524,-2.3935,-1.6433,-2.4862,-2.9602,-3.3303,-2.5429,-2.0246,-2.8196,-3.1763,-3.1386,-2.9704,-2.8419
4.5419,4.5419,4.5481,4.5566,4.2143,3.7185,4.9946,6.7543,6.3664,5.3188,4.6516,3.7283,6.7063,-1.0864,-2.922,-0.76694,0.44093,1.1404,3.118,1.8382,-3.2373,-5.035,-6.2696,-5.6651,-1.5522,5.1254,9.9716,10.372,7.6891,5.8339,5.1978,3.6904,3.9609,6.8001,9.1559,9.6479,8.2183,6.5815,5.7354,4.628,2.6524,1.1559,0.26942,-1.2197,-0.49487,-0.90442,-0.8336,-0.40763,-0.33462,1.9888,2.8972,0.397,-6.8781,-8.2511,-5.8902,-4.3212,-3.3609,-4.9182,-5.7129,-3.1267,-0.54705,3.5056,1.3726,-6.372,-3.1336,7.8748,8.664,0.53287,0.25981,-1.9024,-9.673,-20.585,-16.604,-0.5897,-1.5858,2.1342,-2.1332,-5.2506,0.58513,3.3675,2.8926,3.1928,0.11999,-3.24,0.89638,-0.17944,-0.29349,0.91327,1.5059,3.9468,4.0219,3.8875,5.0057,5.7497,5.4443,5.4313,6.2315,6.4108,5.9016,5.6002,0.68592,0.68592,0.48336,0.24286,0.039242,-0.46525,1.3562,4.2745,4.2698,3.5871,2.0358,1.559,17.983,10.185,-1.815,-3.8579,0.48956,2.3738,1.5506,-2.0693,-6.7271,-6.7916,-5.3996,-2.7322,-2.693,-3.0583,-2.2236,-2.7601,-3.094,-1.554,0.04734,-1.3312,-3.1506,-3.8813,-4.7099,-5.9782,-3.4129,-0.27917,-1.4861,-2.0546,0.53476,1.8285,2.093,4.1424,0.63654,3.1629,5.9011,2.1255,7.4525,10.968,7.2297,2.8988,-2.4758,-6.6136,-6.8724,-3.2157,0.68947,-0.070575,-4.7942,-7.5282,-1.0493,-3.4616,-9.7375,-5.7197,4.9946,9.2993,5.6568,2.0093,0.2764,-1.3426,-8.1991,-23.32,-17.735,-0.23913,-0.25971,3.7592,8.249,7.7243,2.7694,0.17081,0.69283,1.6691,2.5706,1.4608,0.65537,0.74948,1.5889,2.5397,2.7657,1.3895,1.7083,2.4979,2.1537,1.9945,2.1372,2.0005,1.6215,1.6321,1.8002,1.9287
4.4148,4.4148,4.4209,4.4295,4.0872,3.5913,2.9174,3.2461,3.7159,3.3443,8.0152,5.0442,-5.4624,-16.474,-9.2375,-4.6163,-3.2357,-2.4913,-6.8253,-7.0859,-8.1356,-10.29,-11.589,-9.6502,-4.1244,3.156,9.8882,12.695,11.722,10.467,9.9763,9.2102,8.1787,6.7599,4.6547,3.8948,5.1989,6.0885,5.8527,6.9345,9.0362,6.7893,4.6627,2.7429,-0.42703,1.0469,3.0651,3.4021,4.6867,3.6294,-0.25088,-2.3854,-4.5037,-1.3401,2.8489,3.0153,-0.39646,-2.424,-5.2995,-3.7876,3.608,2.828,-2.3164,-2.7196,-3.103,-7.4915,-11.038,-7.9233,-4.8852,-5.442,-6.2268,-4.0588,2.2417,1.7219,-10.514,-10.835,-13.43,-11.719,-9.4674,-7.8401,-4.1854,-4.0624,-3.0768,0.66121,3.6003,1.8596,0.25734,0.70929,0.55604,2.7997,1.6996,0.40819,1.5264,2.1338,1.5255,1.4548,2.255,2.5052,16.99,25.047,3.8559,3.8559,3.6534,3.4129,3.2092,2.7048,2.2515,-1.2246,-3.0754,-1.6038,14.118,25.463,33.126,26.504,15.14,12.786,14.736,5.9221,-7.5961,-10.947,-10.57,-8.7918,-6.0912,-2.4146,0.079877,-0.27362,-1.0555,-1.6461,-2.3882,-3.0486,-3.575,-3.3881,-3.0404,-2.7062,-2.6832,-2.1497,-0.77251,-0.96022,-2.2921,-3.4346,-5.0494,-6.0811,-2.5354,4.574,9.5331,9.4207,6.0744,5.8316,1.9392,-4.3912,-11.573,-17.258,-17.173,-12.341,-6.7839,-5.4687,-9.6558,-13.32,-13.27,-12.186,-7.5242,-4.3784,-3.5894,-0.89767,-4.0723,-7.5566,-11.16,-17.269,-21.103,-17.594,-14.931,-8.0265,9.4806,20.785,20.943,19.057,18.065,7.2827,-0.77721,-1.6555,-2.8585,-7.7299,-8.6328,-8.8026,-9.7083,-3.9596,2.9188,3.3848,3.1964,1.7422,1.5921,2.0008,1.6566,1.4619,0.6752,-0.35144,-0.73048,-0.59892,-4.1139,-6.8829
0.39377,0.39377,0.39991,0.40848,0.058743,-0.48521,-1.2078,-1.9203,-2.3082,-3.3558,-3.9361,-4.0607,-11.862,-6.7778,-7.0133,-5.7686,-3.2223,1.7515,7.063,5.5774,4.4336,7.4083,8.589,7.8797,5.6971,2.0851,0.064661,2.4296,4.3424,2.4788,0.64701,-0.36388,-1.4112,-2.5788,-2.8839,-1.0971,1.9165,5.3766,8.1087,8.6938,8.9042,7.1185,5.5527,5.75,2.9958,1.3665,1.7988,0.20309,-2.2691,-2.9707,-2.4802,2.1055,6.6186,1.8152,-2.3421,-4.1506,-0.19932,5.5608,3.3778,-1.0406,-7.2725,-6.6646,0.39954,-1.3484,-5.2283,5.6971,10.959,3.654,4.4108,3.7728,-2.393,-3.9813,-7.771,-20.443,-6.47,-2.2027,-1.869,-1.7611,-2.5097,1.7524,4.4561,4.3525,4.6139,4.1728,4.5595,3.8359,2.8759,0.77498,-0.080905,0.79961,0.033228,0.7806,0.14048,-1.0099,-0.44639,-0.47664,-0.99362,-0.86265,-1.3718,-1.6733,-1.3405,-1.3405,-1.5431,-1.7836,-1.9864,-1.7696,-1.4676,-1.6344,-1.6391,-2.3219,-3.7839,-8.9059,-16.236,-7.0171,2.0985,7.8998,3.7974,-2.5508,0.16163,6.8139,8.6967,7.35,5.5272,3.6238,1.0634,-1.8677,-2.7699,-3.2755,-3.9899,-3.3502,-2.6303,-2.279,-1.8984,-1.4896,-0.076487,1.7259,1.0714,-1.5693,-3.5503,-4.5376,-2.6672,-1.45,-2.3724,-3.3868,-4.0667,-4.6014,-7.4748,-6.2883,-8.8487,-9.4429,2.9559,11.789,13.193,9.0102,3.1597,-0.28071,4.366,9.1992,9.1294,7.8988,11.932,6.8905,-5.4862,-12.364,-1.9703,9.2064,8.1059,5.4414,5.3677,11.05,12.069,2.7855,-15.273,-14.812,-2.7143,-4.9615,-4.4127,2.2646,3.512,-3.6393,-4.23,-0.65693,3.4258,4.0848,1.48,-1.138,-3.6855,-3.8648,-3.3194,-2.775,-1.4161,-1.8451,-2.3491,-2.6001,-3.0832,-2.5118,-1.3821,-1.37,-1.2018,-1.0734
-4.9428,-4.9428,-4.9366,-4.9281,-1.8975,1.6951,1.0212,0.30864,-0.079271,7.0671,12.635,11.712,12.663,4.2489,0.30499,-2.3209,-0.42034,-0.98575,-4.1854,-1.7106,0.89901,2.1346,2.2947,1.0588,1.0188,5.7077,9.8895,9.5934,7.5593,7.9654,9.2974,8.7255,7.2959,5.7622,4.0445,3.4839,4.8548,6.4213,6.7484,5.71,3.2136,1.3814,0.23979,-1.5312,-0.80629,-1.4062,-1.4788,-1.0529,0.48501,1.7107,2.0385,1.71,4.1714,-1.5083,-7.6384,-9.0618,-9.542,-9.4467,-8.1613,-5.3624,2.3104,7.1102,3.2844,1.1307,0.80551,1.7049,4.0679,2.2836,-7.2189,-8.0307,-4.1611,-9.5717,-13.47,-6.8655,2.594,-0.49294,-7.1852,-5.37,-1.5194,-3.685,-1.0221,-0.32734,-1.0412,2.5733,3.4878,2.7179,0.34425,-2.2474,-2.1494,0.18656,0.7832,0.90467,1.6661,0.27345,-1.3983,-0.32577,-1.3064,-2.8939,-3.4031,-3.7045,-1.7649,-1.7649,-1.9675,-2.208,-1.778,-1.2872,-1.7405,-1.9073,-1.912,-0.27002,1.5634,1.0866,14.883,17.976,13.448,13.349,14.833,7.5401,-3.654,-3.0119,-2.0143,-1.1968,-0.76304,-0.38754,-2.5243,-3.5886,-2.8132,-3.3374,-3.7884,-1.1955,1.6558,1.8205,2.2747,2.6784,2.6542,1.7733,0.099058,-1.8953,-3.3309,-3.9183,-0.74821,1.2653,1.7409,4.1318,0.62593,3.3012,6.0783,2.3027,4.1294,3.7256,2.4794,2.1725,0.49705,-3.3894,-8.5733,-9.778,-5.4187,-4.5246,-8.4595,-14.882,-12.446,-10.509,-6.4131,5.2523,-1.1785,4.3369,7.2257,2.5557,-6.1676,-5.0287,1.7066,-6.345,-7.8609,4.129,2.5441,0.55488,3.2686,4.5196,1.8531,2.5045,2.7538,1.2487,0.51251,0.44936,-1.6012,-3.3392,-5.7812,-8.7054,-6.4111,-2.3926,-3.2407,-3.7333,-4.1166,-3.4855,-3.0394,-3.8344,-4.1146,-3.9323,-3.7641,-3.6357
0.012473,0.012473,0.018617,0.027184,-0.36662,-1.6538,-3.1365,-3.8491,-4.237,-5.2846,-5.7432,-4.3328,-11.067,-3.9118,-5.1927,-9.111,-6.5244,-0.25664,0.59806,0.47964,5.4145,6.4611,8.5883,10.646,12.512,9.9094,2.0752,-5.4658,-6.1599,-1.4962,6.4879,12.43,11.285,5.2978,-0.98343,-5.0871,-6.4217,-6.3109,-3.5857,5.2353,12.624,13.221,11.178,6.8227,2.9766,1.5796,-1.1443,-2.1467,-1.2634,-3.5041,-6.1396,-4.1272,-3.8118,-3.5562,-5.0656,-7.1952,-5.7723,1.6134,6.1147,4.3774,0.081828,2.1999,3.4663,-0.67129,-6.5789,-8.8268,-5.0818,-0.096273,-2.0094,-4.6381,0.56796,8.2785,4.5222,-0.085137,-3.2094,3.2552,14.279,11.1,-2.7766,-5.0619,-2.5145,-5.4163,-4.6577,-1.678,2.6831,0.69611,-1.1223,1.8946,1.5623,-0.4061,0.27406,1.1048,2.223,1.0103,-0.55254,0.40327,1.2035,1.3828,0.87361,0.57221,-0.78629,-0.78629,-0.98886,-1.2294,-1.4252,-1.0977,-0.65296,-0.81979,-0.82446,-1.5072,-3.0006,-8.2347,-15.54,-22.282,-10.179,0.7008,2.4653,0.4548,0.62559,2.6152,6.5234,7.042,6.2332,6.2513,7.0592,2.4609,-0.92989,0.95291,1.2325,-0.95409,-3.9676,-5.2508,-5.0398,-4.5312,-3.8362,-3.6364,-3.3472,-3.6902,-6.351,-9.8182,-12.412,-7.8956,-0.82305,-2.502,-4.1755,-5.7531,-3.7826,-4.5754,-5.3392,-4.627,-4.8747,-3.0262,2.3786,5.2612,-0.69011,-5.9859,-2.9014,5.2194,9.8418,10.993,8.3922,-0.88948,-9.4707,-13.529,-11.354,-5.7891,2.3184,4.6859,0.39526,-2.2608,-1.514,3.0172,0.81128,-1.6984,2.0034,1.5598,-2.4311,0.29148,11.587,18.798,11.42,-0.87906,2.4179,4.2163,3.2545,4.7171,7.0572,6.4058,5.873,5.3657,4.4733,4.0665,3.7223,3.7376,3.5345,2.7205,2.3414,2.352,2.5202,2.6487
0.30239,0.30239,0.30854,0.3171,-0.025183,-0.57102,-2.0672,-3.5466,-3.9345,-4.9821,-5.6493,-6.3765,-11.304,0.068849,0.69657,-0.050194,-4.5705,-4.8008,-1.6901,-1.568,3.1113,5.7169,6.7134,6.5438,5.151,3.9489,3.9485,5.8262,7.494,8.9433,7.8404,4.4346,1.7321,0.26376,-0.31744,0.24019,2.4915,4.3555,3.9658,2.7424,1.5361,2.4512,2.5506,3.1805,5.8588,5.4918,3.8121,2.0747,1.8455,1.827,-3.4341,-5.0252,2.303,-2.0262,-9.9783,-11.261,-5.268,2.104,3.4656,1.5009,-5.938,-3.6912,8.1075,6.8232,1.9205,-3.3118,-4.1515,-0.40266,-6.0522,-10.475,-4.9904,0.98423,-1.9658,-7.8336,-5.6159,-1.2159,0.73633,-1.2482,-1.1648,-3.813,-4.1975,-0.17768,-0.079694,-0.87749,0.036996,1.7139,1.5734,1.5191,2.2097,2.1468,2.9824,2.9204,3.078,3.7635,3.0025,2.2244,2.9702,3.1495,2.6403,2.3389,0.62298,0.62298,0.42042,0.17992,-0.023699,-0.52116,-0.84615,-0.87184,-0.87651,-1.5593,-3.1105,-3.4335,-14.83,-7.2273,3.4181,8.7334,8.206,5.6361,3.8605,3.0716,5.7046,6.0244,4.7605,3.5421,-1.4227,-4.3501,-3.697,-3.4548,-3.5403,-4.3928,-4.6374,-3.2757,-1.9383,-1.4716,-1.8452,-3.5017,-2.2519,-0.41209,-1.7139,-2.2402,-3.1029,-3.0861,-2.7171,-2.4922,-2.4062,-3.7133,-3.3115,-5.7735,-11.578,-11.496,-10.286,-6.4404,-1.8531,1.1588,-2.4824,-5.3629,0.85395,4.5517,6.3804,6.8622,3.2396,3.5311,1.0329,-7.6783,-13.024,-13.135,-7.0447,-5.4334,-4.0334,0.15812,0.057653,-1.0188,-1.2307,0.96976,9.3702,10.154,4.7633,3.1149,4.6677,4.659,0.39761,-1.0225,-1.7043,-1.0477,-0.051373,0.18026,0.82257,0.72724,0.75299,0.94273,0.092006,-0.57819,-1.182,-1.3562,0.10278,1.5066,1.1186,1.1292,1.2973,1.4258
7.021,7.021,7.0271,7.0357,6.6934,6.1362,4.4431,2.7652,2.3772,1.3297,0.66245,-0.18165,-3.3414,-1.2623,-6.0612,-7.2627,-5.4185,0.22187,-1.0848,-3.5756,2.6825,4.1921,3.7465,2.8414,2.9706,3.1885,5.4066,8.5719,9.5379,6.9812,3.9669,2.8317,2.9979,3.5669,4.8367,6.8547,8.3869,8.4689,7.4429,5.6735,5.3799,4.7392,4.336,5.1002,2.9282,1.585,2.1636,0.72306,-3.4294,-4.9181,-2.2582,-1.8496,1.5028,2.6275,-2.069,-5.3542,-5.5045,-3.942,-4.5942,-5.9217,-7.8322,3.7988,11.271,-0.5255,-6.7161,-0.99589,4.1826,2.795,0.28191,-3.7564,-3.8658,-2.4868,-6.0544,-17.818,-4.619,1.3881,0.61377,-0.28701,0.74709,3.1655,2.3873,2.3924,2.6576,0.43664,0.93492,2.972,4.1045,5.4338,4.85,2.4913,3.3093,4.1401,5.2583,4.9489,4.4298,5.4522,6.2525,6.4317,5.9225,5.6211,1.3429,1.3429,1.1403,0.8998,0.69618,0.173,-0.5697,-0.97457,-0.97924,-1.662,-3.2133,-3.4834,-13.272,-11.764,-4.4891,-0.92482,-0.38883,-2.5601,0.51245,5.4503,7.6306,5.2731,2.2175,-1.012,-1.0291,-0.55639,-1.4515,-2.024,-2.6849,-2.773,-2.4005,-2.0502,-2.1141,-2.3337,-3.1668,-1.4625,0.44679,-1.1871,-2.3539,-2.843,-0.84479,0.19557,-1.0435,-2.3638,-3.0184,-3.3268,-6.4327,-4.6695,-5.469,-3.8027,-0.4603,2.8811,6.2764,6.2791,0.72159,-6.2632,-4.7661,1.0075,1.6991,2.3111,7.6205,-6.4224,-17.532,-15.69,-2.9829,5.6332,4.683,6.6646,7.6393,4.6942,8.2388,6.6543,-6.2991,-11.781,-3.2653,-3.611,-1.8929,1.8679,0.9471,-2.5932,-0.81039,5.3123,5.2708,1.7437,1.0575,1.3584,2.6904,3.3105,4.6525,6.4626,5.5897,5.1829,4.8387,4.8948,4.6236,3.805,3.4259,3.4365,3.6047,3.7331
1.7705,1.7705,1.7766,1.7852,1.4429,0.947,1.9656,3.1751,2.7872,1.7396,1.0724,0.14911,6.5962,0.73281,6.2832,9.3731,9.9844,7.8936,2.9641,3.1827,2.0051,2.0967,0.60243,-1.738,-6.221,-9.3024,-10.234,-9.9587,-8.4763,-5.9979,-3.7025,-2.5806,-3.0408,-4.7035,-6.9089,-7.8319,-6.5918,-3.148,-1.1079,-2.6918,-4.4978,-6.2881,-4.1426,-0.46032,-0.22027,-0.018073,0.3102,0.65215,3.9726,4.1821,0.97903,-1.3927,-6.6707,-7.6774,-4.5963,-1.7561,-0.56174,0.57739,0.76681,-0.58624,3.0117,8.3192,4.3061,-0.030844,-1.2119,-5.8195,-7.37,-6.1398,-8.4476,-4.2339,5.6692,6.9101,3.9505,-1.5139,5.664,6.2491,-1.9054,-5.0946,0.61206,0.030951,-1.6179,-0.86264,-1.5296,1.2542,2.1206,2.5455,2.4256,0.92138,0.60101,1.7845,1.2688,2.0996,1.5454,0.59783,1.2764,1.2369,0.76155,0.94084,0.43164,0.13023,0.10601,0.10601,-0.096551,-0.33705,-0.54067,-1.0452,-0.49611,0.54984,0.54517,-0.1376,-1.6889,-2.1657,3.1274,9.142,2.7254,-0.40274,2.7767,4.9537,7.5801,8.0057,2.7394,-0.060225,-1.5828,-1.3921,-2.4719,-1.4738,1.8657,3.1096,2.6998,0.10355,-2.5703,-3.2732,-1.9814,-0.014176,0.49967,-0.55457,-2.8768,-2.2663,-0.43849,-0.56305,-0.55237,-1.9211,-1.612,-1.4125,-3.2542,-2.822,-4.2778,0.79331,3.5884,-3.3762,-4.9382,-4.7384,-4.8609,-4.9166,-2.5533,2.8204,4.7341,6.0429,5.8533,1.633,0.91059,-2.7917,-4.9218,0.55811,-2.2979,-6.1031,0.12422,1.6018,-6.1508,-4.4027,4.3985,9.4106,8.0509,-0.64799,-4.5046,-4.9297,2.475,8.27,3.3611,2.2385,5.74,5.6177,0.67006,-0.65461,-1.4792,-2.1458,-3.64,-3.5517,-2.9915,-2.3589,-0.94932,-1.3562,-1.9962,-2.3859,-2.8661,-2.3818,-1.3599,-1.3493,-1.1812,-1.0527
-2.7617,-2.7617,-2.7555,-2.7469,-3.1042,-3.6434,-4.3586,-5.0711,-5.459,-6.5066,-7.0471,-7.72,-15.92,-2.1052,1.1808,0.62717,2.0693,1.7955,2.7511,3.4415,2.9942,4.582,5.2867,5.4041,4.911,3.0732,0.87569,-0.18949,0.16803,-0.23687,-2.3904,-2.2072,-0.59475,-2.9281,-3.3872,0.20622,0.90603,-2.4947,-4.4505,-4.1639,-3.7928,-1.4995,0.66,1.4295,1.6325,0.51979,0.13618,-1.6966,-3.186,-3.2367,-4.8094,-5.2739,0.92605,1.2357,-3.5668,-6.0556,-5.6417,-1.0314,3.7817,1.5852,-3.3914,-2.7103,2.6516,2.3276,-1.8214,-5.7402,-5.7638,-6.6237,-3.0938,-1.3067,1.5955,6.597,5.4562,1.5934,1.7565,4.537,4.6087,1.2767,0.3216,2.6777,0.98182,0.3267,2.2954,1.1102,-1.9347,-0.10668,-0.064913,-0.06129,0.11884,-0.68154,0.080092,-0.73663,-1.6539,-1.0414,-0.3628,-0.86191,-1.6911,-1.5772,-2.0864,-2.3878,-0.49307,-0.49307,-0.69563,-0.93613,-1.1348,-0.88241,-0.54197,-0.7088,-0.71347,-1.3962,-2.8784,-7.9777,-15.287,-1.8234,4.4972,9.4584,10.803,9.991,5.2943,5.1402,4.5584,3.04,2.1204,1.9502,0.97669,-1.5593,-2.4661,-2.1062,-2.4011,-3.1114,-3.0113,-3.1094,-3.9515,-3.0585,-3.4951,-1.9426,1.2733,1.3314,0.80471,-0.37006,-1.7124,-1.7807,-2.1719,-4.716,-5.5955,-6.0375,-7.8359,-5.4793,-6.1672,-7.0712,-5.3674,-3.9221,-1.5018,3.9033,4.6277,-1.3014,1.3835,7.9662,11.539,8.2148,5.1054,6.902,3.0684,-3.1868,-1.0416,-0.63548,-1.3683,-2.2698,-2.9789,-4.897,0.70113,9.103,3.8087,-1.0214,-0.13744,-4.4471,-4.6261,1.3346,3.3195,2.95,3.8148,0.1919,-4.1845,-4.227,-2.4466,-1.8657,-0.72441,-0.46374,-0.41991,-0.18474,-1.0378,-0.27983,0.67149,0.50419,0.023963,-0.75045,-1.0372,-1.0214,-0.85321,-0.72474
3.2565,3.2565,3.1328,2.9873,5.2083,7.9988,7.4648,6.7523,7.1522,9.0351,8.7388,7.136,0.95909,-5.9317,-1.0582,0.17535,-5.3792,-3.9332,-2.5032,-5.4628,-4.3576,-5.4078,-6.0112,-2.4335,2.3882,6.2704,10.708,13.972,14.048,11.915,11.631,13.597,15.923,17.297,16.09,13.805,12.429,10.216,7.2106,4.8658,1.7625,1.4646,2.4816,-0.36239,-0.23994,2.2108,2.5074,2.7547,-1.0878,-5.0288,-7.5685,-9.4359,-5.027,-7.0793,-11.477,-11.731,-9.9607,-7.6754,-4.841,0.1541,12.107,8.3425,-0.80163,1.219,4.7062,1.6839,-5.9816,-10.575,-13.014,-10.579,-10.138,-9.9857,0.4601,11.731,-5.6068,-3.0187,-2.2273,-7.5993,-5.5268,-2.2551,-0.51115,-1.5522,1.744,3.4716,1.346,2.438,4.2685,2.5649,-0.24757,2.124,1.208,-0.010715,1.1075,1.8271,1.5653,1.6173,2.4176,2.5969,2.0877,1.7863,-4.8102,-4.8102,-2.3229,0.62714,2.4997,5.0992,4.8003,4.6335,3.5828,7.6807,17.814,20.57,28.573,22.023,9.8002,1.8164,0.29386,-0.88762,-3.3962,-5.9333,-4.8251,-4.4973,-3.1223,-5.4469,-6.33,-3.6173,-2.2663,-2.2109,-3.0543,-3.7635,-0.87192,2.8674,3.0358,3.2151,2.9131,1.6662,2.3602,3.5247,2.7033,2.3715,2.8132,4.2401,4.9474,6.5535,7.7272,4.6802,4.2508,4.776,0.8501,-4.1753,-10.695,-15.545,-16.718,-14.404,-12.796,-10.105,-6.9206,-8.2291,-7.3812,-4.1525,-14.795,-15.973,-7.1747,11.427,6.9308,-1.0668,-0.64165,-3.2122,-11.276,-4.0427,-1.1899,-1.6427,1.4895,0.88076,2.8694,3.1978,1.5579,2.9219,2.4421,0.39382,-0.23516,-4.2158,-2.7863,0.24064,0.060653,-0.49284,-0.77704,1.1442,3.1149,1.7101,1.5862,1.9712,1.6271,1.4637,1.7573,1.7993,1.4203,1.4309,1.5991,1.7275
2.1085,2.1085,2.1147,2.1232,1.7809,1.2968,0.81821,0.29031,-0.097609,-1.1452,-1.8124,-2.4726,-2.1439,4.8187,-0.94335,-5.6587,-3.2401,-1.0544,1.2276,2.1752,1.9772,2.5063,1.3111,-0.33914,-0.85955,1.6575,6.3319,9.5374,9.0652,6.8447,5.5741,4.5819,3.1116,2.6815,3.9824,5.26,5.5988,4.3794,2.5012,1.3338,1.2626,0.056856,-2.745,-2.4758,-1.1497,-1.5932,-1.6185,-2.1473,-3.0273,-2.7174,-3.3434,-1.508,0.81315,-2.8546,-4.3083,-5.5662,-2.4977,2.9367,2.8071,0.53652,-3.9798,-5.4263,1.1252,3.9982,0.38563,-5.2652,-9.0364,-7.0017,-4.9239,-2.1887,0.744,2.0452,0.51592,-3.9586,-8.9319,-6.1113,0.20584,-0.43229,-0.34714,-1.6886,-1.9593,-1.6228,-1.8879,1.8914,2.6821,3.1036,4.2203,3.4831,2.7217,3.4109,2.4933,3.2247,4.3326,5.071,4.2198,3.2567,4.0144,4.1937,3.6845,3.3831,0.55045,0.55045,0.34789,0.10739,-0.096228,-0.59783,-1.0026,-1.1226,-1.1273,-1.81,-3.3613,-3.6458,-13.423,-7.6156,1.187,5.231,5.0968,5.8689,7.9171,7.6443,4.128,1.6912,0.13954,0.108,0.35977,-0.62743,-1.5008,-2.0279,-2.5483,-2.756,-2.9295,-2.6311,-2.1221,-2.0162,-2.9023,-2.8627,-0.38458,0.94961,0.11766,-0.38808,-0.66511,-1.8525,-3.5697,-3.1879,-2.0152,-2.8348,-5.0177,-5.2842,-8.4597,-10.026,0.11769,8.1202,8.0223,-1.9454,-10.374,-8.698,-0.095944,5.8361,5.4376,3.8084,9.246,5.0664,-2.9412,-7.423,-9.4225,-6.1258,0.06009,0.99998,-1.4812,1.3809,1.5953,2.181,3.3579,2.1218,4.5917,0.75013,-2.2719,1.7451,2.5463,1.8431,1.6259,3.0102,2.1786,2.4014,0.76287,-0.53629,-1.6588,-1.4178,-1.2104,-1.9353,-2.007,-2.4435,-2.7724,-2.9232,-0.64891,1.7975,1.4096,1.4202,1.5883,1.7168
-0.20678,-0.20678,-0.20063,-0.19206,-0.53435,0.9787,2.7261,2.0136,1.6257,0.57812,-0.089086,10.306,8.3726,3.693,0.90579,2.7219,8.5759,5.996,2.6942,3.4343,3.7136,5.1701,5.4878,5.1263,4.2219,0.63831,-2.1336,-4.4541,-6.2732,-7.7272,-8.3823,-7.5984,-5.5935,-0.34036,3.2312,-1.057,-5.5262,-6.1378,-4.6358,-3.3138,-3.5771,-3.9673,-5.0737,-4.0273,-1.6262,-1.4219,-2.3152,-2.5253,-4.2735,-2.2493,0.88785,1.4087,-1.1299,-1.7486,-1.9383,-1.5665,1.0531,2.7865,3.2545,2.0426,6.8413,5.7421,1.8748,0.71758,1.4881,-1.2567,-3.8288,-4.83,-6.971,-2.4726,5.0366,6.3429,3.5032,-7.9359,-3.118,-1.8838,-2.814,0.50638,2.0721,2.9793,3.3198,3.3285,-0.31387,-3.7315,-0.00053617,0.39433,-1.6553,-3.7097,-1.6127,-0.72274,-0.54781,-1.1195,-1.7496,-1.0056,-0.32696,-0.24637,-0.43472,-0.25543,-0.76463,-1.066,-1.1351,-1.1351,-1.3376,-1.5781,-1.7818,-1.0399,0.037454,-0.12937,-0.13404,-0.81682,-2.3681,0.83556,0.091155,4.019,3.6027,1.5981,-4.1708,-1.3481,8.2359,9.2058,4.7004,2.5207,1.0831,0.78748,2.0705,-0.10927,-1.9185,-0.57511,0.50076,1.7122,2.2301,1.4578,-0.10217,-2.1608,-3.4114,-3.3379,-3.2688,-4.6497,-2.983,-0.25431,-1.277,-3.8119,-6.7322,-5.0923,-2.3839,-3.4658,-2.1649,-3.384,0.73886,6.3226,5.7496,3.7641,0.99946,-1.5977,-0.7332,1.4849,3.3629,4.9586,5.7266,-1.9574,-7.2736,-5.4769,-4.1448,3.516,1.8438,-2.0997,2.2736,2.9834,-3.1063,-0.93421,4.6019,10.047,9.8628,-1.0919,-0.1554,1.1272,2.8873,3.0282,2.2617,2.7673,0.40939,-1.7839,-1.9875,-2.982,-3.3468,-3.7599,-1.2626,1.0647,-0.55323,-2.386,-3.3943,-1.6117,0.5361,0.37683,-0.10339,-0.91452,-1.2833,-1.2727,-1.1045,-0.97603
-0.56007,-0.56007,-0.55392,-0.54536,-0.42699,-0.44585,-1.1198,-1.8323,1.856,6.0263,5.3591,4.4358,8.1013,3.1309,0.20391,-3.0594,-3.4041,-2.5089,-0.9393,0.9584,-1.0798,-4.455,-3.4338,-3.6766,-1.5252,-1.8802,-2.1775,-1.4215,-0.13385,1.1368,1.9558,3.5566,5.6913,6.0661,4.7455,4.635,6.4553,7.984,8.9122,9.358,8.7972,5.8104,2.9018,1.2685,-0.13328,1.0409,0.91619,1.2988,2.4526,1.021,-2.1992,-2.7924,-5.005,-4.3767,-2.773,-2.6985,-2.7632,-0.94041,3.671,5.5632,1.8547,6.189,10.773,4.689,1.6083,-3.1992,-5.9526,-6.8442,-0.79904,-0.55639,-2.2614,1.9294,1.454,-6.198,-1.5304,-1.3594,-5.0623,-4.6958,-1.681,-4.0723,-4.9585,-4.4942,-5.3247,-3.3889,-3.2122,-2.2016,-0.50935,0.085506,0.82067,2.0436,1.5797,2.4104,2.761,2.7323,3.4109,3.6172,3.434,3.6133,3.1041,2.8027,-1.1552,-1.1552,-1.3577,-1.5982,-1.5865,-1.8673,-2.3206,-2.4874,-0.15241,3.035,1.4837,1.0069,14.539,8.1174,-0.76388,-2.733,-2.1732,0.06078,5.1321,7.2964,4.0692,3.0334,4.3152,5.4321,8.6928,4.7666,0.77094,1.0232,0.51338,-0.13919,-0.74777,-0.71065,-0.7183,-0.86878,-1.0392,0.98392,2.5957,0.65524,-0.86789,-1.7961,-3.0433,-1.6046,0.10592,1.2831,4.7615,1.4395,3.4332,5.2066,-1.5363,-1.1537,-2.1449,-4.7509,-3.4802,-2.1252,-3.5405,-3.8341,-2.8476,-0.57841,2.9072,5.992,10.772,3.0795,-8.7675,-9.5477,-3.464,-8.368,-10.964,-9.612,-6.4156,-1.773,4.8197,8.18,2.0888,-7.4116,-6.9707,-1.0294,2.8553,-0.039965,-2.5589,-1.0297,1.7556,4.1706,1.504,-0.82187,-2.0308,-1.8978,-2.023,-0.97246,-0.195,0.17693,1.2953,0.88844,0.33821,-0.011606,-0.49183,-0.19249,0.60781,0.61841,0.78656,0.91504
0.52346,0.52346,0.5296,0.53817,0.1804,-0.50748,-1.3782,-2.0907,-2.4786,-3.5262,-4.0402,-2.885,-9.5824,-7.4221,-3.046,-3.0961,-0.469,0.94425,1.8732,3.7623,4.2035,4.6376,6.1844,6.8938,6.6624,4.3387,-0.11313,-4.2474,-4.7926,-2.6438,-1.8062,-3.2511,-4.2549,-3.0249,-1.629,-2.8903,-5.0819,-3.6834,-1.36,-1.5289,-1.1699,0.93056,2.233,2.4075,2.8433,2.337,2.2496,0.6289,-4.3905,-6.1949,-2.7188,0.14323,4.6508,9.1624,4.9419,-0.71465,-3.0137,-4.181,-2.499,0.71608,4.9647,13.055,10.335,0.97322,-5.1425,-5.5112,-1.4418,0.78731,1.5535,-0.17403,-2.5157,2.3845,3.8401,2.7928,0.94527,-0.73401,3.0531,2.2931,-2.6007,-1.5139,0.49534,1.8048,-0.80331,-2.8221,2.165,0.28709,-2.0366,-0.19422,0.22986,1.255,0.68628,-0.44369,0.58299,1.327,0.019746,-1.2389,-0.54211,-0.36282,-0.87203,-1.1734,-0.66098,-0.66098,-0.86354,-1.104,-1.3068,-1.1163,-0.83983,-1.0067,-1.0113,-1.6941,-3.1319,-7.461,-14.166,-28.251,-5.1815,7.3664,0.58751,-2.1012,4.3257,6.6854,7.0427,6.8711,6.1626,5.7353,3.3579,-0.15643,-0.74507,0.83168,1.1045,0.045519,-0.54283,0.13497,0.51182,-0.28023,-1.6096,-2.5502,-3.1143,-0.63504,2.0378,1.1044,-0.31536,-1.2923,-2.4876,-4.7983,-6.1836,-7.6851,-10.215,-8.4569,-5.3833,-1.0832,3.9735,4.4867,4.4747,5.9838,5.7533,1.3432,-2.223,-3.6698,-3.2355,1.1453,1.5909,-5.4023,-12.357,-13.32,-8.937,-3.0972,3.2263,4.0355,1.2811,-3.0375,-6.0906,1.0396,4.4561,0.47116,-0.37562,3.3747,0.65552,-2.5505,5.2073,7.511,4.4374,1.9057,2.8296,3.138,3.0784,3.8731,4.8345,3.527,0.88333,-1.1483,0.068609,1.9339,1.5815,1.4222,1.6943,1.8222,1.4457,1.4563,1.6244,1.7529
0.47084,0.47084,0.47698,0.48555,0.14326,-0.35263,1.2755,3.2705,2.8826,1.835,1.1678,0.24447,8.5284,3.4899,-1.3603,1.9326,4.2324,1.2161,1.2245,1.1473,-0.86485,0.28394,0.60883,0.4194,-0.22595,-1.9703,-3.1685,-2.8527,-2.2065,-1.8085,-1.8709,-1.68,-0.66926,0.21122,-0.15926,-0.65807,-0.76039,-1.5416,-3.39,-5.3885,-6.3271,-6.7187,-7.4184,-5.453,-2.2084,-1.7539,-2.1464,-2.1244,-4.0098,-1.6332,2.3834,2.4688,4.6381,8.6867,8.4083,4.0751,-1.9872,-4.0011,0.51349,4.3521,6.5259,9.2176,1.4583,-5.9068,-7.6928,-8.5592,-9.4751,-6.9672,-2.2673,-1.655,-1.4259,0.40065,0.024544,1.0453,-3.0474,-4.8611,-5.1256,-3.2286,-2.3189,-0.80729,1.6379,1.9962,2.762,2.3605,3.1521,4.6246,3.0065,1.3415,1.2589,0.14447,1.0934,0.56539,0.11796,0.86198,1.5406,0.79985,-0.21609,-0.036805,-0.54601,-0.84741,0.84247,0.84247,0.63991,0.39941,0.19579,-0.3087,0.33407,1.629,1.6243,0.94155,-0.60971,-1.0865,5.8736,7.1732,3.3144,-1.654,0.28853,5.4456,2.6165,-0.75089,-2.1982,-1.1125,-0.40279,0.5682,0.9262,0.39665,0.8047,1.2587,1.062,0.87596,0.77171,0.58258,-0.064348,-0.58604,-1.0511,-0.53739,-0.22334,0.29336,1.5801,1.7995,1.3649,-0.93116,-3.8423,-2.4982,-0.035855,-1.2325,-0.24975,-1.6648,2.2534,7.9864,7.6618,5.299,4.1085,5.5947,4.4366,-4.7975,-15.514,-20.21,-15.854,-4.7843,2.646,-2.2353,-8.2969,-7.0505,-0.73056,1.2364,-0.53618,-0.38583,-2.3928,-9.5675,-8.2911,-8.4924,-7.426,1.2406,8.0945,10.456,4.2386,-0.82574,-1.4228,-3.4698,-2.8744,0.78134,5.9861,6.5979,5.0556,4.1799,2.918,1.4889,1.0532,0.74876,-0.052784,0.65558,1.5327,1.3734,0.8932,-0.027067,-0.43792,-0.42731,-0.25916,-0.13069
7.7996,7.7996,7.8057,7.8143,7.472,6.9073,5.0769,3.2508,2.8629,1.8153,1.1481,0.27013,-0.24452,1.472,2.6083,-5.0048,-6.7637,-3.2699,-1.3601,1.0679,3.1109,5.6744,8.4441,9.2499,8.9561,8.3957,4.942,0.46376,-3.0195,-4.759,-4.6745,-2.3915,0.023938,0.62176,0.94634,2.3834,1.856,0.54755,0.29549,-0.77285,-0.81441,-0.79292,-3.1386,-6.391,-8.3821,-7.7566,-6.9754,-7.2833,-7.2486,-7.878,-9.8466,-10.386,-4.2038,6.8329,13.821,13.882,9.4516,7.4599,10.454,12.872,7.5036,0.76514,-1.5715,-4.3629,-6.8868,-5.5164,-0.4731,4.3786,4.6499,-0.014127,-2.6658,2.3446,5.2676,1.262,-2.3079,-8.66,-6.8597,-3.2326,-2.7679,-1.7912,-3.8762,-2.8388,-0.35154,-2.1538,-2.8532,0.29781,3.2224,6.043,4.7255,0.84397,1.4539,2.2847,3.4029,1.9783,0.20262,1.1509,1.9511,2.1304,1.6212,1.3198,2.9006,2.9006,2.698,2.4575,2.2539,1.7272,0.92985,0.48355,0.47888,-0.20389,-1.7551,-2.1321,-14.01,-32.238,-29.173,-19.742,-6.8243,1.3599,5.1656,7.4169,8.9519,10.464,10.207,8.6479,7.9655,8.1108,4.7815,2.4018,3.8038,5.025,2.728,-0.7995,-2.1522,-2.5069,-1.9403,-2.5397,-4.0328,-2.5968,-1.1182,-1.6166,-0.94361,-1.7442,-3.6576,-3.848,-3.5582,-3.2341,-2.9296,-3.1734,-6.9092,-11.127,-14.9,-15.265,-10.569,-0.85569,6.7102,3.9829,-2.7874,-5.1712,-2.5191,2.562,12.389,14.077,2.5117,-7.7125,-5.9654,-1.2474,0.021295,1.1038,-1.7927,-12.815,-14.567,-3.8105,4.8816,0.38235,3.0463,7.2721,8.085,4.708,-2.3108,-0.62076,7.8414,11.644,8.4757,7.2533,9.8212,11.203,11.322,10.313,9.2607,7.897,6.9396,6.5328,6.1886,5.7274,5.0634,4.2312,3.8521,3.8627,4.0309,4.1593
3.0004,3.0004,3.0066,3.0151,2.6729,2.1884,1.7026,1.1671,0.77914,-0.26845,-0.93565,-1.617,-1.3495,4.2491,-0.5447,-7.3576,-8.4769,-4.1062,-3.6449,-2.053,2.861,2.8555,4.7897,5.8016,5.1691,2.372,2.7416,7.342,12.023,11.604,7.8943,4.6707,2.8952,2.088,1.4132,0.81508,0.81537,1.8727,2.376,1.8211,1.4982,2.5972,2.8646,2.4644,2.6265,1.7991,1.5032,0.37536,-2.1391,-1.9519,1.4755,5.1227,10.2,5.5938,-1.5014,-5.038,-5.6363,-2.9023,1.5024,0.15672,-2.2085,2.8293,6.2523,4.8869,1.24,-4.8641,-7.8918,-1.2166,-4.6317,-8.6204,-3.5608,3.3712,-1.0934,-10.03,-8.2766,-7.1799,-6.7241,-6.8519,-4.2078,-0.67683,-0.79944,0.090389,1.2373,-0.26048,0.013885,1.1558,0.45232,0.037466,0.84464,0.95543,1.7935,2.6864,3.8707,4.6187,4.4951,4.6207,5.4116,5.5909,5.0817,4.7802,1.1142,1.1142,0.91164,0.67114,0.46752,-0.035361,-0.46141,-0.60145,-0.60612,-1.2889,-2.8401,-3.1262,-12.584,-8.576,-1.4743,1.5541,1.9706,5.932,10.785,11.638,12.793,10.798,9.409,4.344,1.426,0.69715,-0.35467,-1.1205,-2.1631,-2.4356,-1.9834,-1.1416,-0.54303,-0.32557,1.0703,1.6543,0.016477,0.43451,1.3628,0.61258,-0.52706,-1.147,-1.8465,-3.7497,-4.9549,-6.0598,-8.307,-8.1808,-10.97,-10.483,-6.1776,-4.421,-2.0941,1.9799,0.18255,-6.6832,-5.023,-0.68185,4.2558,7.0034,2.9314,-5.9436,-8.6045,-5.3127,-7.5463,-6.4809,-5.5711,-6.2394,-5.4023,-3.2917,-3.045,-2.0211,-4.709,-3.2999,1.2846,5.09,6.6628,4.9986,4.1314,2.5679,5.2336,8.3936,6.6823,3.024,1.9139,1.4504,1.5478,1.2211,1.2445,1.456,0.61091,0.22383,-0.099183,-0.25717,1.2378,2.6759,2.2942,2.3048,2.473,2.6015
-0.50513,-0.50513,-0.49899,-0.52529,-1.4504,-2.5602,-3.2341,-3.9466,-4.1762,-3.4043,-2.6247,-3.0883,1.0971,1.4896,-7.4927,-5.826,2.5139,2.3587,-0.048454,2.864,3.6291,3.9617,6.0323,7.9446,8.996,6.1795,1.1184,-0.85401,1.5392,1.4338,-3.3196,-6.0881,-5.7174,-5.2626,-5.6319,-5.6597,-6.9833,-9.8234,-8.5288,-4.913,-4.3853,-4.4365,-2.6588,-0.8757,0.40871,1.8981,1.6317,1.4633,0.82915,-3.4794,-4.5007,5.0747,9.4549,7.9792,7.6134,5.3317,2.0356,0.20351,0.56896,2.0697,1.7916,4.0784,7.7078,5.6417,0.053312,-2.3977,-2.3617,-4.7745,-3.3822,-1.0179,0.84895,5.2972,4.3162,-3.9325,-11.92,-8.7712,-5.2164,-4.1327,-2.9787,-0.35814,0.95413,1.7791,2.323,1.4909,2.3581,3.4107,2.0595,0.94077,1.2146,0.6691,1.4596,0.7387,-0.040127,0.59005,1.2686,1.7382,1.9098,2.0637,1.5545,1.2531,-2.0644,-2.0644,-2.2669,-2.5038,-1.7339,-1.1902,-1.6435,-1.8103,-1.7529,-3.8377,-6.6577,-6.9163,-10.069,-11.477,-4.889,3.7102,3.6513,3.1036,9.4951,8.357,5.7195,5.8525,5.983,6.4932,4.6869,0.74943,-0.41428,0.070747,-0.83555,-0.80075,1.3505,2.7355,2.1313,2.0406,1.9585,0.39688,-0.28337,0.22841,2.3659,3.8418,2.2977,-0.34023,-2.03,-3.3254,-5.674,-7.0486,-8.7982,-11.348,-11.929,-8.5797,-4.6852,1.0147,0.80757,0.55737,2.6394,1.0157,-2.1147,-1.969,0.30333,1.6266,4.6775,0.27674,-7.0863,-11.261,-11.103,-7.6709,-5.2141,-2.5695,-4.0125,-6.6571,-3.0066,6.0137,8.5439,6.1671,4.1843,4.399,7.042,4.0481,4.6718,3.7908,1.3828,2.866,5.1223,4.6052,3.8456,2.9724,2.254,1.3041,1.0752,1.0459,0.18355,0.77652,1.5192,1.3419,0.86168,-0.001727,-0.44095,-0.43254,-0.26439,-0.13592
