0.38084,0.38084,0.38084,0.38084,0.44995,0.64628,-0.10391,0.50733,2.2834,0.85355,-0.70096,0.66743,2.9395,4.5769,0.46063,-2.6812,-1.2178,6.8445,13.781,9.1534,-0.85528,-5.1402,-3.3597,1.8249,-3.7733,-6.486,-3.6362,-4.5546,-6.4485,-3.9161,-1.0088,3.488,10.307,12.844,10.064,7.0522,1.7786,-0.70868,2.7694,8.6916,9.5955,7.4585,5.9215,5.6319,3.8679,2.3127,1.8331,0.51559,0.70989,1.3392,1.0745,-3.2551,-11.088,-12.097,-8.9514,-7.3381,-6.798,-5.8353,-4.7353,-6.9075,-2.2798,0.02597,1.9645,2.5793,-0.94902,-5.7118,-6.6252,-4.4679,-2.8064,-3.4558,-4.0758,-2.9904,-1.1617,1.4379,3.8851,4.9472,4.7266,4.6549,5.1749,5.4692,4.7444,3.7213,3.2347,2.0492,-0.25487,-2.0626,-2.1014,-0.1298,0.73824,-0.80832,-1.7413,-0.33683,1.6815,-0.06295,-2.6619,-1.5307,0.44491,-4.1548,-5.6419,-2.5035,-4.1819,-4.1819,-4.1819,-4.1819,-4.1405,-4.0024,-3.2821,-3.0245,-3.4777,-2.9247,-2.9509,-4.2778,-5.6262,-5.2243,1.4433,9.5104,9.8335,-2.7674,-6.2333,-6.3524,-4.2826,-0.87478,0.94129,2.0631,-0.98768,-6.4727,-5.4071,7.9875,13.188,12.458,12.248,-3.4728,-11.093,3.5082,-0.62014,-2.5572,-4.1759,-0.12747,0.51363,-4.9205,-6.5804,-3.8526,-1.395,-0.13855,2.9194,3.9812,0.74577,-0.35988,3.3279,5.4767,4.5547,-1.0529,-7.3026,-8.2872,-3.069,1.9283,-1.2667,0.30026,7.4435,12.511,10.286,3.9433,2.3713,2.4953,1.606,2.8995,5.3524,5.8771,3.1149,-1.5591,-3.098,-1.8371,-0.49277,0.67452,1.498,1.2789,0.58601,0.34193,0.13395,-0.44416,-1.2877,-1.945,-2.1729,-2.2727,-2.3588,-2.4555,-2.314,-1.8984,-1.2766,-1.1367,-1.3717,-0.81432,-0.74986,-0.76815,0.29011,0.33734,-0.85202,5.3733,-8.9023,-24.786
0.19769,0.19769,0.19769,0.19769,0.2668,0.46313,3.2579,-1.2228,-5.2026,-1.6723,1.1064,-0.18718,-1.0022,-0.20664,0.67133,-1.9414,-1.5656,4.1634,2.9048,-6.4943,-7.8174,1.0528,1.835,-1.5396,-1.095,5.3185,2.5312,-1.4112,-2.3666,-2.7929,8.3891,6.7868,-5.627,-3.4429,1.19,3.4694,7.8475,13.461,6.3422,-6.0299,-6.1873,-1.9764,3.1309,7.196,4.4522,1.2151,2.1184,4.6608,3.9187,2.0281,1.558,-0.29893,-4.2243,-6.7177,-6.1076,-3.7549,-3.1389,-2.2895,-7.0676,-8.2198,-7.1567,-5.7594,-1.3525,5.1783,5.8199,3.7375,4.5578,4.7678,4.6314,5.7453,1.4051,-5.3646,-5.9063,-7.0837,-10.088,-11.025,-8.7779,-5.7964,-2.4744,-1.5534,-3.4269,-4.9986,-4.9206,-2.8863,-0.44763,0.77362,1.1282,0.82326,-0.45868,-4.0874,-8.498,-9.7544,-7.4581,-4.5509,-2.8172,-1.4388,-0.49658,-3.7203,1.5188,7.348,1.8888,1.8888,1.8888,1.8888,1.9302,2.0683,3.2456,4.5189,4.6208,5.1513,5.064,2.8259,-1.1626,-4.5693,-6.5157,-9.1524,-11.429,-10.683,-5.448,0.82987,11.172,17.33,9.9155,1.3402,-5.1269,-2.7924,6.673,8.2523,0.74067,-12.952,-28.257,-22.168,-2.2325,12.46,14.146,11.677,6.6073,-2.5745,-0.89663,5.9069,7.6701,7.641,5.2121,2.8037,5.5012,8.6842,6.1638,-1.2623,-5.4894,-4.9155,-4.1777,-3.6418,-5.4849,-7.9146,-8.6961,-8.6918,-4.0419,8.4267,14.872,4.7168,4.4839,6.2197,3.6995,1.2061,0.93585,2.1351,1.4313,-0.48164,-2.0169,-3.7797,-2.0022,-0.1785,-0.18503,-2.4044,-4.8448,-4.9937,-4.5928,-3.8587,-3.0904,-2.8869,-2.9554,-2.831,-2.6891,-2.7136,-2.7912,-2.8908,-2.6644,-2.2654,-1.9424,-2.3722,-3.4211,-3.1793,-2.4535,-1.8249,-0.9681,-0.51362,-0.7692,1.799,4.6931,7.4318
1.6984,1.6984,1.6984,1.6984,1.7675,1.9639,4.7586,8.2902,0.044742,-3.3979,-0.90221,1.0326,3.0099,-4.4523,-9.3769,-5.6215,-6.1936,-6.5957,-3.1795,-5.9031,-2.3235,5.9546,3.7079,-1.7615,-3.6639,-0.38079,2.4834,3.3064,2.7648,3.2717,3.9857,-0.64423,2.0574,12.064,11.852,9.9346,8.5507,9.5177,6.6975,1.1039,-0.53562,-0.8138,-0.57552,0.85504,-2.011,-3.9512,-0.95732,0.38514,-0.74513,-0.22543,0.2507,-2.8354,-6.7069,-9.6242,-8.3433,-3.2709,2.4218,5.9303,-0.5479,-14.071,-13.038,-4.0614,2.8915,4.5961,4.3174,2.246,-0.38599,-0.5936,-0.87635,-3.0086,-3.3246,-5.3411,-8.205,-7.7458,-4.4013,0.093691,3.3488,4.4141,4.3088,3.4363,1.2389,-0.81842,-1.058,-0.71897,-0.82694,-0.77939,-0.5691,-1.1999,-2.5613,-5.554,-7.7585,-5.8187,-1.8559,1.4547,3.3932,3.6774,1.6688,-3.4219,0.033659,5.3608,0.044035,0.044035,0.044035,0.044035,0.085441,0.22353,1.4008,2.1616,1.8291,0.44856,2.4147,1.4224,-3.6832,-9.2327,-15.246,-18.452,-13.986,-10.035,-8.9504,-0.0054509,13.778,11.134,12.133,11.312,4.5584,2.4145,3.1298,-3.0219,-14.17,-21.353,-18.536,-3.064,11.151,11.231,6.0788,1.6709,0.46162,3.722,7.3687,8.8753,10.164,8.7429,6.1739,6.4983,5.2229,1.4356,-3.4366,-8.403,-8.5194,-5.5343,-4.2723,-6.5122,-3.2942,1.5078,1.477,1.7342,1.6146,7.142,14.515,14.914,8.7282,3.0291,-0.0094358,0.05247,0.9985,4.225,10.082,12.985,8.466,0.72738,-1.5444,-3.9319,-5.1177,-4.6105,-3.3289,-1.422,0.22462,0.66855,0.23569,-0.63986,-1.0531,-1.0098,-1.0265,-0.96165,-0.94876,-1.0463,-0.88177,-0.61277,-5.0372,-9.543,-10.266,-9.6681,-8.9836,-5.4068,-1.1421,-0.6975,0.74708,1.0268,-0.085814,1.1253
0.72497,0.72497,0.72497,0.72497,0.79408,0.99042,3.7852,-0.83574,-4.8278,-0.69764,3.6113,3.3706,1.8396,0.37567,0.14909,-2.6225,-3.0849,3.843,5.8555,-5.0442,-7.3232,-0.47943,-1.5374,-5.2033,-4.8937,-3.8594,-3.2123,0.016892,-1.8041,-6.0063,-3.2522,-2.5203,-10.054,-5.6551,-4.5997,-10.712,0.93616,22.322,25.582,18.176,11.201,7.4656,5.1545,6.6219,7.042,2.9779,-0.33801,0.7372,1.9773,1.5692,0.35228,-2.2861,-1.402,2.5316,3.0879,3.7996,4.1425,3.2084,-0.29574,-2.4799,-3.9725,-2.921,0.59131,4.7568,5.3214,3.2969,0.76462,1.5623,1.9052,-1.559,-3.1759,-2.7657,-2.9479,-4.6171,-6.7181,-5.4128,-1.6264,0.60728,1.2031,0.12665,-1.8699,-2.6891,-2.5227,-2.3835,-2.3845,-3.267,-4.5955,-4.3032,-1.5499,0.2645,-2.2293,-4.5427,-2.9383,-1.2416,-1.7956,-2.2778,-1.4066,-7.2284,-6.4654,-3.6382,-1.6193,-1.6193,-1.6193,-1.6193,-1.5779,-1.4398,-0.26251,1.9242,3.2447,7.5219,11.23,10.268,4.2647,-4.7016,-11.386,-12.909,-10.868,-10.092,-6.4412,1.5402,14.306,15.838,6.5683,-3.3637,-7.3813,-4.0425,0.61191,7.6154,2.6604,-13.162,-19.147,-15.894,2.7229,17.977,14.424,9.659,6.2542,-7.1116,-10.378,-1.0978,4.5269,5.3717,5.713,2.6541,0.13383,1.2351,2.7404,1.5584,-3.0102,-3.8502,-3.6131,-5.784,-5.9174,-5.1101,-4.8855,-3.8225,-0.38735,8.7718,11.043,2.9507,4.6615,6.8029,4.4287,3.2928,3.0686,2.3966,4.0105,4.1449,-0.79909,-2.9,-2.1728,-1.7051,-1.6076,-3.84,-5.7514,-5.5532,-4.5308,-3.7308,-3.6637,-3.2832,-2.7695,-2.7717,-2.6517,-3.5015,-4.391,-4.4172,-4.0761,-3.5824,-2.8974,-1.4641,-1.4999,-2.0401,-1.9206,-2.0798,-1.6423,-1.0269,-2.1497,6.1649,5.8225,2.5538
-0.91016,-0.91016,-0.91016,-0.91016,-0.84105,-0.64472,-2.0814,-1.9927,-0.53849,2.2771,4.4474,2.2163,1.2569,2.5705,-2.6933,-6.387,-6.3262,-10.596,-8.86,-1.4554,-0.84597,-1.0452,0.08279,0.77308,-0.071185,-2.6452,-2.6404,-1.1783,-0.9544,-4.1428,-5.2191,-1.4128,2.1615,-1.9225,0.35701,5.6843,8.5155,6.2843,0.22764,-5.7197,-12.035,-12.185,-3.8919,0.92271,-2.5835,-4.5198,-3.9594,-1.1561,0.037332,0.87916,1.3479,0.20631,1.1427,2.8699,3.4392,4.8194,5.8392,5.6836,5.924,-4.5274,-10.719,-7.8017,-3.9678,-3.2432,-0.09512,-1.2518,-5.2272,-3.8342,-3.2405,-4.9428,-4.8365,-5.4363,-6.6635,-7.5317,-7.1573,-4.5956,-0.96836,1.8113,3.2814,2.998,2.1495,2.2999,3.072,4.3042,5.1664,5.233,4.1131,4.1546,5.145,7.4414,12.728,13.679,4.0734,-7.4031,-7.9853,-5.2413,-4.8628,-2.8903,6.6117,12.271,-0.82312,-0.82312,-0.82312,-0.82312,-0.78172,-0.64363,-1.8857,-2.9173,-1.9781,-1.3022,-3.2248,-3.3633,-4.5592,-5.8282,-7.3797,-7.6554,-2.8503,4.333,9.2599,8.2963,-1.2847,-7.3016,-12.275,-17.265,-13.354,-14.374,-14.362,-3.2584,-0.81291,-8.6882,-6.5339,3.2384,8.186,3.2708,3.2216,2.1408,-0.70725,0.98317,5.1349,5.9017,13.37,19.18,12.648,6.6704,10.451,8.5709,3.8797,-0.80312,-4.4606,-1.334,0.73368,-1.1748,-2.1309,-0.90572,-0.67609,-0.18844,-0.80068,-4.2859,-6.0708,11.215,10.27,5.2697,6.8798,9.6853,7.5102,5.8477,7.656,8.7204,3.0294,-4.7571,-5.0727,-4.6265,-4.5675,-4.5758,-4.2578,-3.5593,-2.4378,-1.3044,-0.92638,-1.5283,-3.9338,-4.1337,-2.3932,-2.2718,-2.1887,-2.2636,-2.1586,-5.1479,-7.2947,-4.7502,0.01977,0.78662,-0.97666,1.3701,2.5373,1.6702,-0.97093,-9.1107,-8.5202,-4.9331
-1.8651,-1.8651,-1.8651,-1.8651,-1.7959,-1.5927,-2.1184,-1.3693,0.41247,1.2892,1.3934,-1.3131,-2.2968,0.99904,4.8916,7.8885,5.6894,-2.5842,-0.24936,11.292,16.494,5.9116,-3.1063,0.90746,-0.40304,-5.3183,-4.7841,-3.9553,-0.95205,3.2843,1.4875,-1.8145,-1.6875,-5.4999,-9.8359,-9.6464,-8.0481,3.0021,7.6557,-1.7493,-6.9783,-2.9982,-1.4568,-4.5901,-5.8844,-0.32787,6.6717,8.5716,7.9231,9.1096,11.354,7.6725,2.1559,1.0768,-2.8968,-6.7924,-6.9297,-3.229,2.8563,5.1971,5.8685,2.0912,-4.3065,-4.8462,-3.822,-3.4586,-2.8372,-1.6327,-0.85185,-0.18505,2.0652,2.3197,1.3289,-0.01717,-4.1695,-8.154,-7.2356,-3.5259,-2.0193,-2.9975,-4.8067,-5.332,-4.1158,-2.5972,-1.6535,-2.2572,-5.1804,-8.8754,-10.798,-9.7984,-5.7261,-2.3748,-3.366,-5.3205,-4.1472,-1.1693,0.56348,2.0966,-0.49563,-3.83,2.6337,2.6337,2.6337,2.6337,2.6751,2.7305,1.5948,0.7158,0.23685,-3.0437,-7.1482,-8.8308,-6.6157,-0.14266,7.8394,16.503,22.995,21.284,9.7491,-3.7199,-20.659,-24.972,-12.639,-4.6765,3.9384,-0.56366,-13.081,-13.361,-0.090649,15.825,21.512,6.1897,-19.905,-34.924,-18.499,-6.4904,0.6699,4.8721,5.1111,9.3402,8.5458,4.8386,6.0357,10.512,13.093,8.8081,-1.0193,-6.4867,-2.7343,4.3353,7.6662,7.7701,5.45,4.2793,2.679,-1.1525,-5.2218,-7.0217,-4.7223,-0.27355,-0.46778,1.915,4.7726,5.0792,3.7807,2.9475,3.8626,4.3606,2.2889,1.0768,1.3967,1.5628,1.1723,-0.59904,-3.0895,-4.739,-4.7107,-3.7338,-3.2906,-3.45,-3.5398,-3.409,-3.2684,-4.9264,-6.5769,-6.6342,-4.6725,-2.5672,-2.5126,-2.7223,-2.5053,-1.8057,-2.172,-2.3595,-2.6117,-4.0748,-5.9472,-10.856,-5.169,0.3089
-1.7827,-1.7827,-1.7827,-1.7827,-1.7136,-3.5653,-2.5562,0.97543,-1.8857,-2.6777,-0.51177,-1.5583,-1.3326,0.42468,1.3533,1.4513,1.2867,-0.671,0.69056,2.0131,-0.5174,-1.5569,-2.0496,-3.6566,-6.4775,-2.9787,1.3137,5.9306,7.5128,4.4643,4.9535,2.4996,0.9559,3.6423,6.0459,7.813,6.3753,3.294,1.2258,1.0135,2.6604,3.5621,1.7059,-0.26431,-0.49191,0.30414,-1.6696,-4.1572,-3.3315,-2.3205,-1.5313,-1.7972,-4.4328,-4.8154,-1.6987,-1.7711,-1.5573,2.2462,4.4438,1.0868,-0.57367,-0.77702,-2.6863,-4.4285,-1.0833,1.4956,0.094118,-1.4502,-0.39653,-2.1606,-5.385,-5.1775,-5.8599,-6.1873,-6.4377,-7.0239,-7.8045,-8.3647,-7.909,-7.2872,-6.7719,-5.871,-4.7419,-3.4198,-1.9099,-0.68294,-1.685,-5.0189,-7.1958,-7.0144,-6.422,-5.5386,-3.8293,-0.70485,2.8913,4.746,4.1715,9.3681,19.99,25.002,1.1005,1.1005,1.1005,1.1005,1.1419,-0.96228,-1.5664,-0.80558,-1.3869,-1.3464,0.3027,2.9031,3.0557,2.6598,3.1762,0.81346,-1.0303,2.2775,2.8707,-1.1497,-2.5757,1.2423,-3.1667,-3.4452,-5.7531,-5.8927,4.247,12.487,10.007,-1.4213,-9.8443,-3.4744,1.7005,4.1706,2.4888,-0.10354,-2.3985,-0.40897,1.6993,0.36444,0.63701,1.3447,1.9635,3.74,4.4773,3.5383,2.2752,2.6285,2.6315,0.25243,-0.74474,-1.4801,-4.1626,-7.1901,-8.6038,-5.2483,-2.2533,-2.2534,3.9018,5.5102,0.78671,-0.2468,1.1094,1.4322,-0.23675,-1.2804,-0.69239,1.1958,3.0262,3.0715,0.86546,0.53091,-0.33398,-0.85876,-1.0227,-1.2679,-1.419,-1.2367,-0.88363,-0.87977,-0.84844,-0.54659,-0.35155,-0.2947,-0.35197,-2.077,-3.4339,-1.6972,0.077133,0.14502,-0.062274,0.18064,0.23707,-0.34623,-1.3554,-1.6381,2.1017,2.3783,1.6126,3.7886
1.9018,1.9018,1.9018,1.9018,1.9709,2.1672,4.962,-2.1414,-7.3716,-3.8863,-0.81271,-1.5504,-2.3501,-2.4287,-2.5965,-1.4132,2.4103,11.925,10.452,0.23035,0.094438,7.6354,7.8475,6.1731,3.9878,4.9163,8.2074,5.6747,1.6299,-0.21615,2.1801,6.8525,11.866,9.975,10.007,7.1556,2.6633,-3.169,-6.201,-3.6943,1.9945,4.5929,1.3137,-3.3634,-3.866,-1.7345,-1.7203,-1.3638,-0.33271,-2.1719,-3.5344,-4.1918,-6.6365,-6.5223,-4.3427,-2.8592,-0.60004,-0.48095,-1.0536,1.609,7.8263,7.8714,2.706,-3.0564,-2.2533,-0.51521,-1.3066,-2.2547,-2.5053,-2.6502,-2.9551,-2.1319,-1.5479,-1.7052,-2.258,-3.0841,-3.8104,-3.8739,-3.2067,-2.7135,-2.3881,-1.0975,1.2084,5.7406,10.976,12.398,9.211,3.7677,4.8404,10.788,9.8636,1.8792,-2.5986,-0.60603,1.7783,4.2713,2.4916,4.2481,0.96881,-1.8457,4.1846,4.1846,4.1846,4.1846,4.226,4.3641,5.5413,5.1909,4.2957,3.0668,4.2952,7.8193,6.4889,2.1526,0.63076,2.2011,-0.30471,-5.1713,-1.886,1.2039,3.8684,7.1757,8.6293,9.0656,3.3477,-0.87381,2.8573,12.728,15.556,3.1218,-23.444,-13.309,15.491,7.5878,2.4059,0.74121,3.1051,3.2238,1.3714,-1.1286,-4.8604,-7.0125,-5.7389,-3.3666,-4.3827,-8.6123,-8.9054,-5.1778,-3.7787,-1.8535,1.303,1.0809,-1.738,-3.1022,1.0453,5.1241,3.7256,2.7144,3.1897,-2.6325,-12.01,-16.953,-18.2,-17.219,-12.933,-9.2483,-8.5115,-6.2219,-2.7844,1.1617,5.015,6.3355,4.7146,3.1627,1.9488,1.4744,1.486,1.5751,1.7874,2.6398,3.4943,3.6212,2.1647,1.3765,2.8996,3.4547,2.8429,2.1097,0.92708,2.8512,2.8728,-2.3449,-4.8892,-1.0563,4.3768,3.8624,9.745,20.19,12.221,3.0621
-0.39636,-0.39636,-0.39636,-0.39636,-0.32725,-2.2658,-1.3599,2.1717,-0.96351,-1.9035,0.077894,-1.6547,-2.1865,-0.95052,0.07039,1.5146,2.2612,-0.38133,-1.0856,2.374,2.0503,-0.98974,-2.1287,-1.5315,-0.0056275,3.2345,5.3816,3.2193,0.5073,-0.050319,-4.095,-3.6554,3.1352,8.5783,2.922,-1.9334,-6.2414,-8.5461,-6.6238,-3.8734,-3.7165,-1.6537,1.62,2.2656,0.7189,0.52731,0.58969,-0.14372,-5.4426,-10.149,-6.9143,-3.3134,-4.3946,-6.0694,0.40937,3.0551,1.8329,-1.8473,3.0271,8.9117,9.8976,8.3074,2.6613,0.46168,1.0896,1.4629,3.6292,4.1358,3.5818,0.99167,-1.8002,-0.43714,0.73931,3.2338,6.2152,8.8069,9.6356,8.9151,7.1405,3.7478,1.48,2.1869,3.6311,6.603,10.884,14.877,16.572,14.913,10.367,4.4408,-2.8798,-6.9467,1.6875,13.217,9.0399,0.83457,3.8183,5.5964,-11.373,-20.703,-2.7639,-2.7639,-2.7639,-2.7639,-2.7225,-3.7336,-3.5458,-2.7849,-2.6073,-2.7148,-2.4623,-2.1238,-3.3127,-4.7689,-4.655,-3.1767,-1.2535,2.5646,3.7,-1.8049,-6.3759,-2.7204,-5.9038,-2.8967,1.4466,3.7615,2.1009,-7.9332,-17.807,-17.886,-12.77,-15.344,-13.955,4.279,-1.1662,1.794,5.1563,3.4502,0.625,-1.7237,-2.7483,-4.0976,-6.0128,-3.4263,0.76457,0.23259,-1.4853,-1.3893,1.3552,6.918,14.721,19.253,24.094,29.136,30.298,28.783,23.086,13.382,5.8687,-1.8549,-8.3688,-12.5,-12.852,-8.286,-5.921,-8.2136,-7.7002,-2.9938,1.4676,2.4261,0.62245,0.95777,0.71529,3.4475,6.8567,7.8796,7.7592,6.6605,4.5001,2.6123,2.0423,1.9321,2.0496,1.7709,2.3117,4.1681,5.7702,6.1593,5.3487,2.0794,-4.174,-6.7142,-2.9413,0.89227,1.7488,5.8485,3.8209,15.803,-0.53252,-15.245
-0.90838,-0.90838,-0.90838,-0.90838,-0.83927,-0.64294,-3.6406,-4.5935,-3.4078,-0.57504,-0.0013212,0.044775,2.0935,3.2914,4.7151,2.0916,-0.64685,-4.2193,-8.0527,-3.6598,0.5542,-3.5227,-7.2523,-6.2579,-2.679,0.58105,2.7848,4.1561,4.6763,3.3926,4.9173,10.812,1.0085,-7.2049,-8.716,-5.1949,1.3244,2.0799,-0.49825,-4.2379,-8.2617,-8.7884,-4.8685,-3.3257,-5.9336,-7.5294,-6.0108,-1.0517,1.3114,1.4845,2.6992,4.3764,6.9535,9.036,5.3877,-0.4185,-0.98701,-3.0473,-2.9302,-9.886,-7.9804,-2.6337,1.5502,0.62155,-2.3948,-3.2434,-1.5451,0.20351,-1.8547,-4.4452,-4.2944,-5.376,-6.5647,-5.8149,-3.0647,-1.0217,-0.47845,-0.13493,1.5485,4.4546,6.4041,6.7793,5.9122,4.8353,4.8756,6.0162,6.7323,5.932,3.0921,-1.6633,-5.7289,-6.505,-5.3971,-5.3886,-5.5226,-5.4814,-5.6146,-2.7304,11.52,19.752,-1.2941,-1.2941,-1.2941,-1.2941,-1.2527,-1.1146,-3.3421,-4.9677,-3.2971,-3.3062,-2.6024,-3.4625,-6.6745,-8.0043,-6.7348,-6.1061,-5.0141,0.89642,4.7751,3.4249,-4.1014,-11.026,-13.783,-13.865,-10.405,-7.8315,-5.7375,-4.3116,-4.8593,-3.6418,-20.412,-30.435,-17.443,7.6354,8.984,9.1698,8.256,5.3293,7.4445,10.939,9.6332,14.117,19.202,12.219,4.8481,6.87,6.7337,1.2516,-5.4284,-4.4438,0.78736,4.3224,4.2515,1.6198,1.8477,2.9779,-1.6513,-2.9622,-3.8289,10.252,10.354,5.239,3.9162,5.3138,4.1087,2.1819,1.4713,0.78466,-0.46766,-2.7609,-3.4028,-4.1968,-4.5857,-4.1268,-4.8485,-6.0528,-6.0314,-4.1444,-1.9343,-1.39,-1.2396,-1.5409,-2.0242,-2.371,-2.4145,-2.2839,-1.8035,-1.293,-1.139,-1.8338,-2.9879,-2.8453,-2.1572,-1.6873,-1.3808,-3.0575,-3.8254,3.1384,12.847,17.833
2.1936,2.1936,2.1936,2.1936,2.2627,2.459,5.2538,8.7854,10.561,3.0738,-1.4437,0.48381,-2.7335,-6.9313,-6.5831,-4.7865,0.1228,21.334,14.499,-2.5213,-0.26348,4.4283,9.1744,8.8321,2.1282,-0.7795,1.964,2.7968,1.5416,-2.4215,0.46685,7.8356,0.80691,-1.1125,6.431,6.2468,2.8084,-4.8985,-10.035,-7.8884,2.8885,11.321,10.808,7.6098,5.183,2.0504,2.3419,1.4931,-0.9146,-0.70333,-0.97291,-1.7713,-2.881,-5.1425,-7.1146,-8.8197,-8.4879,-3.2212,-6.1314,-5.9695,-0.91181,1.0738,-0.33056,0.76645,3.0378,3.2937,3.065,2.0519,2.0168,3.137,3.4089,0.18913,-3.7806,-3.1856,-2.1162,-1.7492,-1.7824,-1.5779,-1.2524,-1.4858,-1.8041,-2.6454,-4.3394,-4.7559,-3.5754,-1.564,0.65899,1.8311,5.671,10.19,9.5969,6.3193,4.4685,3.758,2.9881,2.3944,4.1084,0.19912,-16.515,-25.455,4.17,4.17,4.17,4.17,4.2114,4.3495,5.5267,6.2875,5.8344,7.8222,7.6105,3.966,0.95585,-1.7215,-4.5026,-5.7052,-8.5051,-22.858,-21.177,-3.0548,20.697,15.086,19.151,21.775,16.999,12.507,12.132,9.5083,4.1873,-4.3675,-9.7305,-13.346,-6.4788,2.2207,1.5147,-1.0222,-1.8634,-2.2619,-3.4691,-5.8446,-6.4124,-7.4388,-8.3942,-5.3719,-2.3446,0.60367,-0.046453,-2.4258,-2.1638,-1.5323,-1.8847,-2.4824,-1.7392,-2.0882,-2.2363,-3.0465,-5.501,1.2777,21.943,13.44,3.2212,0.96108,1.9795,0.34572,-2.9181,-4.5031,-4.1429,-3.1395,-3.4668,-4.4034,-6.4243,-3.8995,-0.85076,-0.74692,-0.54931,0.12675,0.89816,1.0389,1.0611,0.79912,0.6739,-0.21692,-0.8804,-0.66689,-0.73263,-0.089404,1.1171,2.019,2.982,5.725,6.2739,3.1299,0.15189,-2.044,-1.3641,1.06,0.10916,10.074,-0.58866,-9.0798
-1.6804,-1.6804,-1.6804,-1.6804,-1.6113,-1.4156,-2.1129,-1.4912,0.2676,0.67927,0.4988,-1.8114,-2.6735,-1.1222,0.10193,1.2105,-2.1635,-9.7239,-8.1456,1.743,2.1543,-6.1478,-7.6691,1.1848,10.759,4.4573,-2.2236,-0.49892,3.6241,4.5469,-1.648,5.4808,-0.39291,-10.032,-12.386,-19.151,-11.789,7.3905,18.776,20.466,13.397,1.0198,-3.3133,-0.4546,-0.31622,-1.379,-2.2785,-1.3171,0.37175,1.5434,2.245,2.1513,2.7431,7.2536,10.633,5.2484,-5.1171,-10.712,-12.301,-3.0151,-1.0916,1.0528,2.149,4.5618,4.9787,2.5162,0.53166,0.51062,0.1043,0.40986,1.3923,2.0066,3.479,2.5874,-0.7435,-3.7167,-5.6995,-7.4211,-7.616,-6.5099,-5.9151,-6.5673,-7.268,-7.6404,-7.8139,-7.3919,-5.8141,-5.1708,-7.8609,-12.173,-14.367,-11.899,-6.2433,-1.5679,2.1756,4.7872,5.6416,5.9076,11.376,14.749,1.7888,1.7888,1.7888,1.7888,1.8302,1.8888,0.6851,-0.24093,-0.58272,-0.91924,-2.6549,-3.0457,-2.7946,-2.6651,-1.2013,1.9191,6.7448,11.909,8.9166,-2.3576,-15.138,-15.507,-6.5823,3.0511,11.092,9.9263,-1.9015,-8.1514,-0.052226,8.9544,-11.041,-23.203,-11.608,6.9897,11.079,8.0779,10.55,7.5155,-1.5566,-3.7019,1.8213,6.9522,8.6641,7.6641,7.2988,4.9748,3.124,3.6304,1.9972,1.2288,1.4776,0.63261,-0.99349,-0.74682,-1.3896,-0.87124,-3.1335,-10.516,-19.768,-11.348,-1.8389,-1.6064,0.35025,0.84124,-1.2141,0.4833,3.7439,5.8543,4.7407,2.5658,3.6584,4.7001,4.1837,1.5273,-1.6807,-3.9113,-4.8953,-4.9884,-4.7436,-4.439,-4.0878,-3.6613,-3.241,-2.9546,-2.8362,-3.0183,-3.2366,-3.3196,-3.388,-3.9342,-4.7141,-4.1902,-3.3632,-5.2617,-5.7355,-5.2769,-8.2403,-14.033,10.638,25.89
-1.8594,-1.8594,-1.8594,-1.8594,-1.7903,-1.5852,-2.0199,-1.181,0.60001,-0.82443,-2.7532,-1.6279,-0.76312,1.1841,3.7859,4.4904,1.5694,-7.5117,3.937,14.23,2.264,-7.9911,-8.3128,-1.9441,6.6278,5.1454,0.66846,0.70789,-1.3555,-2.8102,-4.2632,2.5636,6.4232,-4.1869,-10.366,-10.027,-7.4664,-0.079752,6.4216,6.9872,5.3881,4.5868,0.032474,-3.019,-1.5289,0.28971,3.9615,7.0917,7.5007,2.0467,-3.2532,-0.79268,-0.2222,-0.13322,-3.7301,-9.9727,-10.914,-7.8675,-2.5787,4.5599,3.3885,-0.42044,-0.10378,0.18786,-3.4468,-6.4074,-4.5468,-3.171,-2.3084,0.097984,0.53191,0.78377,3.139,1.551,-4.6991,-10.33,-12.906,-11.209,-7.0042,-3.4835,-1.5996,-0.62802,-0.079286,0.47075,1.1526,1.6014,2.3979,2.9043,0.045956,-5.138,-6.4241,-4.4709,-3.6504,-4.3852,-4.9406,-4.193,-6.0157,-3.0279,7.9422,13.81,1.9044,1.9044,1.9044,1.9044,1.9458,1.9775,0.070238,-1.3469,-1.8164,-5.909,-8.719,-9.659,-5.1513,2.8579,8.5105,13.208,18.604,23.805,-9.7008,-19.96,-10.821,-7.757,-4.1144,0.84732,8.1599,10.588,1.3742,-11.748,-8.8215,4.5473,5.7702,-1.8904,-5.5189,-9.4736,-8.3441,-3.8316,-1.7205,5.2384,8.4176,7.0727,6.4926,5.4128,7.3146,9.9682,10.521,9.4577,5.3931,1.8668,6.8152,14.702,18.417,17.269,11.684,-0.36474,-9.7231,-13.3,-11.654,-9.285,-12.444,-10.877,-9.5949,1.7089,9.2407,9.3627,8.272,7.6517,7.8045,4.4546,1.1487,2.6707,4.4835,5.4391,5.5462,2.6558,-2.1605,-5.0443,-5.6621,-5.3475,-4.7188,-4.2535,-3.9971,-3.8578,-3.7557,-3.6927,-3.6725,-3.7519,-7.1533,-10.008,-9.9409,-10.648,-11.197,-6.7434,-2.065,-1.8978,-1.4959,-1.3276,1.3035,-1.528,-0.98939,1.8134
-0.30669,-0.30669,-0.30669,-0.30669,-0.23758,-0.041246,-0.72091,-0.083406,1.6927,-0.17596,-2.1273,-0.55055,-2.4413,-4.1363,-3.0608,-3.511,-2.8424,-0.53647,-0.67836,-0.3309,0.54872,-2.7105,-4.5607,-2.6615,-4.6788,-2.762,1.4184,-3.7068,-8.0443,-4.4223,-2.4499,-1.9634,-1.339,-0.52112,-0.76521,-1.4995,-1.7312,10.385,18.363,16.313,10.573,3.4572,-3.8557,-2.8978,-0.20515,-0.23457,0.83556,2.5642,2.2545,0.88382,0.068886,0.029815,1.3996,-0.16245,-4.5565,-4.3353,-3.9844,-3.4082,-1.8823,-1.0641,1.6606,0.91094,-0.68612,-0.44734,0.013289,0.0098535,0.33877,1.0168,2.023,3.4909,3.2025,-0.26323,-3.3309,-4.6208,-5.6134,-5.7093,-4.8667,-2.9743,-1.2935,0.2047,2.0547,2.7369,1.8651,-0.36941,-4.1016,-6.6359,-5.097,-0.69581,3.6515,5.0589,4.0657,3.4623,3.033,0.4675,-2.9482,-4.9459,-6.0131,-2.4841,4.5145,7.8125,-2.3585,-2.3585,-2.3585,-2.3585,-2.3171,-2.179,-1.4508,-1.1508,-1.604,-2.4478,-2.7573,-3.6369,1.374,6.7124,8.7289,9.1915,6.6463,7.2343,12.284,9.8075,1.4432,-3.5993,-10.042,-12.586,-11.364,-7.2262,-5.3399,3.7517,9.6993,10.102,3.1165,-8.4541,-10.019,0.44418,1.8728,1.556,0.34174,-1.5862,-4.541,-2.9431,4.0323,6.34,6.6199,7.4904,5.6058,4.1164,3.3498,2.0777,0.46268,-2.323,-3.5208,-5.0144,-6.3521,-2.0151,2.286,0.35907,-3.8002,-3.5397,-2.321,-0.99241,-4.6591,-9.3181,-4.3457,0.038911,-1.4739,-2.1039,-2.0895,-2.6187,-3.1868,-1.6762,-0.0267,-0.52539,-1.7287,-2.6197,-3.1749,-3.4254,-3.2716,-4.3288,-3.8857,-2.038,-1.8294,-1.8144,-1.942,-2.0095,-1.7518,-1.535,-1.5127,-1.0404,0.40951,1.7589,1.6291,1.1859,0.2734,-0.81567,-0.41971,1.4673,6.3785,8.5022,3.7477,-0.495
-1.877,-1.877,-1.877,-1.877,-1.8079,-3.9921,-3.3013,0.23035,-3.1886,-4.1808,-1.7911,-3.3073,-6.2674,-7.5356,-6.4709,-4.8229,-3.9053,-0.3712,6.2352,6.1634,3.6129,-0.93325,1.4021,3.5695,-2.4683,-5.5644,-3.2767,-3.2346,-1.6329,3.4788,5.0963,4.8733,2.4556,-2.5577,3.8286,0.46294,-1.6744,-4.3377,-0.14504,7.1699,7.4268,-0.60518,-9.5272,-1.1255,9.7099,8.4414,1.8854,-2.2015,-1.6087,-0.57901,-0.4896,-0.41236,-1.48,-4.5709,-2.7472,2.4478,4.8948,5.2748,2.8029,0.27212,-17.445,-23.902,1.3821,3.8731,-6.8774,1.9153,7.8849,8.0809,6.8756,3.5081,1.6177,2.2375,-0.79506,-4.1419,-7.0485,-7.6312,-5.6654,-1.8372,2.1142,4.6923,5.824,3.549,0.52592,-0.95301,-1.9883,-1.8026,0.68844,4.9442,7.1639,5.9961,3.7872,3.0481,3.2574,1.8851,-0.58212,-2.6888,-6.5108,-0.082348,6.0166,7.6996,-1.9398,-1.9398,-1.9398,-1.9398,-1.8984,-2.771,-2.4623,-1.7015,-0.31764,0.95056,2.0565,2.2818,-1.353,-6.1524,-6.0488,-0.47252,4.7691,5.6867,4.8367,0.98101,-7.2254,-0.66603,1.6445,-0.58655,1.1389,-0.34146,-5.1896,-0.85863,7.1157,10.954,10.65,-1.8221,-13.369,-7.277,0.35389,-1.5403,1.3047,2.2192,-1.1654,-5.1774,-6.5046,-3.6294,-0.26151,-3.7024,-13.672,-9.0891,-0.87899,2.0299,3.1106,0.56235,-0.24515,0.50115,-1.3506,-4.7301,-5.6163,-0.58333,4.2356,3.872,5.8978,0.72539,-1.6825,-2.2985,-7.763,-4.8341,7.3011,2.7765,-4.4708,-4.3791,2.6169,7.5165,5.8194,4.5623,1.4586,-1.5538,-3.2249,-3.6917,-3.2462,-1.1172,1.0157,1.441,1.2989,2.1149,3.315,3.2545,3.2031,3.0648,1.1559,0.5018,2.4921,3.3077,2.5997,1.9153,0.99489,-0.13196,-0.016019,2.0455,16.121,13.668,-0.93189,-9.0767
3.1271,3.1271,3.1271,3.1271,3.1963,3.3926,6.1874,0.62799,-4.0305,-1.6154,0.79212,2.7756,1.009,-2.1065,-1.6119,0.92015,3.6576,4.7213,-3.4133,-6.613,2.271,-0.97516,-5.8591,-6.4819,-8.8667,-6.6106,-1.6935,-1.0969,-1.7005,1.1875,1.7573,3.1841,7.4755,9.9091,11.997,13.386,11.154,8.0331,7.7786,7.1851,0.60628,-4.0275,-2.9718,-1.9481,-1.7666,-1.9725,-1.8939,-1.9403,-3.9116,-4.6151,-2.8558,-2.6863,-2.8164,-3.0301,-3.0949,0.38335,3.6742,5.4257,-2.9121,-15.574,-14.362,-7.7648,-2.3692,-1.8862,-3.3243,-4.0485,-3.9497,-2.481,-0.5219,-0.19538,0.57213,1.2541,2.0995,3.2157,2.3109,0.26308,-2.4013,-3.7925,-2.3455,1.3028,4.2577,5.418,5.9865,6.1856,5.2613,3.5214,1.8293,0.37456,1.8426,4.9804,5.552,3.5477,-3.5035,-8.5438,-6.5417,-2.8939,-0.55006,2.4875,1.3322,-0.72428,-3.6963,-3.6963,-3.6963,-3.6963,-3.6549,-3.5168,-2.3396,-2.8024,-3.223,0.93342,3.978,1.9694,-0.010591,-3.0506,-7.8337,-11.225,-13.688,-10.278,2.7178,17.428,17.831,5.8572,-5.9543,-13.895,-13.609,-5.7726,1.952,5.0844,4.8575,7.8995,8.6802,8.5286,11.498,8.4422,4.5223,-0.32828,-4.1929,-2.9846,-2.4947,-4.0589,-0.70705,1.5417,0.29852,-0.67239,-0.4856,-2.5614,-5.1641,-8.5818,-12.368,-8.7163,-2.1384,-0.70745,-1.8624,-3.5116,-5.0683,-3.4898,0.85159,11.975,18.026,18.094,13.206,7.8399,8.6316,8.7319,6.8662,7.8752,4.6957,-2.1111,-7.4428,-9.6373,-7.51,-3.1851,-0.23146,1.6416,1.9712,0.069666,-1.3587,-1.756,-1.3785,-0.31674,0.45729,0.38791,0.28013,0.18917,1.3487,2.442,2.4898,1.393,1.8072,5.1278,6.6185,5.3182,1.7445,0.64238,0.70403,-0.054378,-2.3366,-14.012,-26.12,-29.435
-0.2909,-0.2909,-0.2909,-0.2909,-0.22179,-2.7593,-2.3059,1.2257,-0.31577,0.3493,-0.13228,-0.45379,2.0775,3.1983,2.8226,3.0805,3.2988,-2.814,-9.2845,-8.0975,-4.0712,-4.1761,-6.8326,-6.0289,2.3862,-1.4174,-7.2301,-5.7509,-2.1377,-0.53603,-0.64992,5.8279,8.8665,1.8807,1.5517,2.6053,-0.18448,-0.201,0.074568,-5.4796,-14.386,-15.188,-2.4308,3.1049,-0.29724,-2.0114,-2.1006,-1.0001,0.14296,3.0628,5.6641,5.0442,3.1774,0.42619,-0.16581,-0.84311,-1.8859,-1.334,-0.60119,-2.2659,-10.014,-10.287,-6.0203,-3.7248,-3.6737,-4.0204,-2.9765,-1.4379,1.1428,3.6482,1.5078,-1.7143,-0.020597,1.1871,1.3604,0.4669,-1.2115,-1.9199,-0.85263,0.56057,1.2104,1.4917,1.9157,1.9219,1.6592,1.776,1.9936,1.5311,-0.014361,-4.1378,-8.59,-8.8897,-4.8875,0.39826,3.7275,4.6639,5.0191,5.9122,1.1028,-2.7068,-4.9992,-4.9992,-4.9992,-4.9992,-4.9578,-4.8487,-3.7911,-3.0303,-0.17544,0.40187,2.9119,3.9577,0.64553,-1.1659,-2.1152,-3.0344,-0.57686,8.044,14.029,10.402,1.9081,-4.7271,-12.979,-15.847,-12.542,-8.5964,-6.4402,-4.2067,-1.019,-0.28326,-4.756,-2.2313,5.2473,-1.3812,-0.90719,-1.5435,-3.1985,-3.044,-3.1646,3.1527,7.3218,5.9732,6.3334,5.4411,6.2153,8.0754,5.4979,-0.017044,-2.4822,-2.2931,-1.9156,-3.1601,-3.3957,-4.6181,-6.8199,-2.5434,1.6778,-1.9336,-1.5216,-1.9707,3.7837,8.076,7.7555,10.405,10.539,8.8749,9.9462,6.9397,0.74291,-0.84668,-0.1374,0.76868,1.7999,1.6858,0.90158,-0.29904,-0.4772,0.18318,0.42524,0.51144,0.40743,0.31237,0.3285,0.31763,0.2773,0.19149,0.4467,0.87672,0.32791,-1.0598,-2.1589,-1.8665,-1.1434,-1.4208,-1.7782,-2.6909,-6.3595,-18.203,-23.141,-22.299
-1.4269,-1.4269,-1.4269,-1.4269,-1.3578,-3.4329,-2.6392,0.8924,-1.6782,-2.0795,0.23894,-3.303,-4.9318,-4.4324,-4.6518,-3.8155,-4.0391,-3.5721,1.6361,2.6681,0.433,-1.224,-1.3348,-1.8952,-3.2536,0.61224,4.3076,1.8961,-0.69687,2.7039,4.1496,7.1099,10.923,2.6477,2.8526,5.1034,3.6643,5.9249,8.8796,11.512,10.114,2.6879,-0.73583,0.26198,-1.6979,-1.6817,-0.028934,0.12994,0.21264,0.48085,1.1429,-0.3947,-1.7819,-2.1998,-4.9569,-7.0969,-7.9519,-7.7749,-3.4466,-2.619,0.19162,0.1489,-1.2617,-1.4085,-0.11857,0.52739,1.0315,1.6558,1.2259,1.5779,3.5109,0.92369,-3.4917,-2.7101,-2.0116,-1.2683,-1.3743,-2.6231,-3.8279,-4.5532,-4.6727,-4.5706,-5.3613,-6.988,-8.0465,-7.4972,-5.4095,-1.6018,2.1018,3.178,3.1887,4.3442,5.741,3.1272,2.449,2.6104,2.5263,7.4383,4.5793,1.2762,1.6511,1.6511,1.6511,1.6511,1.6925,0.75489,1.0648,1.8256,0.16392,-1.6548,-2.3046,2.5033,4.6952,1.8184,-0.84214,0.98163,4.7553,5.9297,3.7564,3.14,3.6908,3.186,0.062771,-1.1693,2.5304,11.029,14.4,6.8885,1.1106,6.2737,12.731,9.3047,-0.58446,-7.3472,-4.2161,-3.9103,-6.2273,-6.0207,-7.4835,-11.502,-10.937,-7.0256,-5.6925,-6.4202,-4.7146,-2.8171,-1.9994,-1.5264,-1.4817,-1.315,0.066511,1.5789,1.6161,-0.51553,-3.2237,-5.7238,-3.1968,-0.59659,2.2058,2.7676,-6.5,-4.7231,-0.84151,-1.5211,-2.2267,-1.9643,-2.3534,-2.6945,-2.1647,0.2471,1.1984,1.5796,2.1807,2.1858,1.9072,1.6664,1.3769,1.0362,0.77947,0.64815,0.73696,0.67077,0.7737,1.2872,1.5984,1.3752,1.0415,1.1926,2.514,3.9069,4.3239,4.6552,3.9228,5.517,7.8424,6.0073,3.2857,-10.05,-9.6281,-4.346
-0.49667,-0.49667,-0.49667,-0.49667,-0.42756,-0.23488,-0.78425,-0.046543,1.7304,0.46659,-0.9083,0.84162,0.45692,-0.48538,-2.8871,-4.951,-5.587,-9.7829,-4.9885,6.8416,6.7297,-0.38795,-4.149,-2.1262,2.3822,2.7324,1.9155,2.3395,0.68212,2.9333,6.0911,4.8927,7.6654,1.7591,-3.3125,-4.7849,-5.2738,-6.837,-7.9313,-5.6302,0.69318,4.8582,3.9285,2.5365,0.83936,-1.6591,-1.1771,0.28822,1.2848,2.7119,3.647,2.831,2.388,5.1796,5.8247,0.90245,-5.2335,-9.1294,-8.6841,-1.7664,-3.6348,-4.2595,-3.5969,-0.95957,1.2837,1.6448,-0.44383,-1.3325,0.48826,-1.5635,-4.1862,-2.491,-2.2824,-3.4626,-4.4101,-3.7878,-2.8511,-1.9114,-0.1569,1.7907,1.7784,-0.18426,-1.7276,-2.315,-2.4586,-2.1602,-0.24475,2.2537,2.6762,1.6692,1.5747,3.4969,4.8817,2.9266,1.4742,3.1157,-0.8465,-1.163,6.5493,11.368,4.7221,4.7221,4.7221,4.7221,4.7635,4.8594,5.2738,5.5462,5.0477,1.7274,-1.4483,-4.7345,-3.6367,-0.44179,-0.1358,-0.34895,2.1053,4.4796,-1.3727,-5.6524,-8.1676,-10.695,1.1657,9.0238,10.389,12.154,12.419,5.999,2.9223,7.5895,13.963,2.0425,-14.15,-13.428,-9.0418,-6.7793,-5.0742,-0.31998,3.201,0.95989,-3.5088,-7.089,-6.185,-4.9126,-4.2566,0.27162,2.464,2.4972,2.8482,2.7016,2.6907,2.3038,1.168,-0.27104,2.5858,3.4187,-3.916,-11.034,-17.519,-16.118,-4.9909,-1.3558,-0.49158,-1.8966,-2.5286,-0.98253,0.4127,0.96802,-0.55745,-0.7741,0.49812,2.0725,1.4353,-0.040518,-0.92966,-1.0626,-0.87642,-0.47758,-0.022088,0.21316,-0.015484,-0.35576,-0.38605,-0.31058,-0.25526,-0.31104,-0.11063,0.50006,1.3331,1.9457,2.3093,3.1125,2.4772,2.2947,3.4554,2.3434,4.7991,6.0416,5.4971,6.0244
0.49005,0.49005,0.49005,0.49005,0.54739,-1.5164,-0.68751,2.8029,2.0375,3.0799,3.6399,3.2074,4.5709,5.3202,6.7216,6.2738,3.2361,-4.6624,-10.432,-3.8206,6.5943,5.902,-0.71106,-3.5985,2.9102,4.2931,2.0171,5.1724,7.4219,7.8042,6.7693,2.7765,0.021585,-5.5372,-13.332,-19.645,-19.313,-13.306,-11.555,-14.187,-13.807,-12.303,-12.144,-9.9442,-7.967,-5.7654,-5.3736,-6.7704,-5.3993,-1.5777,0.03863,-1.5887,-1.9725,-0.84007,-1.1716,-2.4439,-6.0732,-8.6202,-4.3794,6.2808,-0.42154,-9.1575,-12.857,-13.035,-15.508,-15.021,-10.935,-4.9663,-1.6354,-0.1787,0.61682,2.6912,8.352,14.689,15.947,9.4757,1.8737,-0.1593,-0.74085,-0.71304,0.56346,3.4545,6.1338,8.1276,9.2196,10.013,10.475,10.535,9.7801,7.1407,4.3529,3.3876,4.3477,5.3278,3.3207,-1.1164,-4.1827,-0.58235,0.94294,0.28474,-5.2071,-5.2071,-5.2071,-5.2071,-5.1457,-6.0051,-5.7474,-4.9095,-5.7134,-8.1508,-10.268,-13.668,-17.025,-16.471,-12.112,-4.6957,6.7904,20.33,23.464,9.5399,-11.994,-25.018,-32.202,-31.48,-23.638,-15.449,-13.063,-15.084,-10.979,-0.40071,14.448,13.856,-7.8881,-27.811,-28.915,-20.562,-7.3034,4.9751,9.5898,8.6413,11.298,14.468,8.5461,2.251,3.1427,0.81637,0.9432,6.4804,10.488,10.233,6.4515,1.4853,-1.0384,2.2291,5.1161,2.4165,-3.2395,-10.326,-16.601,-19.467,4.1698,14.171,13.626,8.5645,5.6424,7.1564,5.2537,-0.2769,-2.3013,-1.7902,-3.4619,-2.9091,2.5064,9.0011,7.852,6.1258,7.0205,5.6411,5.0879,4.6386,2.8971,1.6981,2.1201,2.4713,1.8262,1.1764,1.8458,3.0235,4.4682,4.8677,2.0985,1.5391,2.6747,1.6572,0.85799,2.5621,5.9923,-4.614,-19.722,-24.917
-1.6874,-1.6874,-1.6874,-1.6874,-1.6183,-1.4083,-1.6859,-0.73949,1.0295,1.6991,1.6355,-1.6178,-2.1532,2.06,3.6626,2.7387,-0.21696,-7.8227,-2.354,12.677,9.1425,-2.216,-6.952,0.73383,12.658,9.1403,-0.13832,-0.64776,4.0774,4.9767,-0.27326,-3.3395,-3.1352,-9.6061,-16.96,-15.735,-11.191,-0.93142,9.7715,14.553,11.39,4.3468,-3.8264,-6.0267,-3.1324,1.6447,5.93,7.6257,4.7725,2.9253,5.895,8.4005,3.3869,-19.894,-24.669,-14.024,-7.7617,-5.0617,1.5764,-0.81313,-3.637,-4.0557,-6.1095,-11.043,-15.769,-13.688,-8.135,-6.53,-6.348,-4.1376,-1.041,0.7151,0.087152,-1.7186,-3.7966,-4.5465,-4.1956,-3.7621,-3.9009,-4.8303,-6.1503,-6.9109,-5.944,-2.7661,0.12163,0.1432,-4.0219,-5.8909,6.8481,21.904,19.808,8.7987,2.4391,1.2611,-1.8103,-4.8072,-5.4047,-1.9835,7.5477,13.769,0.87078,0.87078,0.87078,0.87078,0.91218,0.94772,-1.078,-2.6034,-3.0292,-5.5275,-8.9965,-9.3449,-4.0321,3.3488,6.4005,6.7449,9.5258,0.031412,-2.5162,-2.6102,-14.672,-17.737,-8.9705,0.019304,7.8538,11.599,0.12988,-5.6125,6.2046,10.189,5.9696,-0.50147,-12.217,-21.404,-15.651,-5.6015,-0.017071,6.5125,5.818,1.651,5.8057,10.525,11.333,11.456,11.704,7.8945,2.6787,0.27767,2.2319,5.773,10.658,14.801,7.46,-6.0273,-8.9872,-8.0271,-7.9141,-13.492,-10.482,4.8575,2.6139,2.0463,3.309,5.5951,8.0481,8.5786,4.9272,0.53393,0.2308,2.9325,4.307,3.1873,0.34363,-2.2736,-3.9181,-4.5985,-4.601,-4.3096,-4.181,-4.1822,-3.9949,-3.6369,-3.3796,-3.4501,-5.3009,-7.0416,-8.6133,-9.2099,-2.6137,11.984,9.6405,0.4458,-1.733,-2.6217,-2.2393,-0.033515,2.9776,-1.6806,-1.9551,1.4644
2.6227,2.6227,2.6227,2.6227,2.6918,2.8882,5.6829,0.1495,-4.5965,-2.9665,-1.4777,0.013438,0.042795,-0.76445,0.8984,5.2607,14.026,25.417,15.621,-3.1054,-5.992,-5.3335,-6.2289,-7.9218,-4.9319,1.4108,3.6813,2.7786,1.8688,-1.1491,1.4957,0.63159,-0.28997,7.5229,6.0213,4.7362,2.958,-0.71277,-5.0154,-6.1204,-8.7335,-9.7867,-4.9897,0.61728,-1.3827,-7.3609,-4.7605,-0.76217,-3.0552,-3.7912,-5.8307,-3.9182,-0.47012,1.8121,3.4475,6.5621,8.7994,6.9785,-0.57156,-15.283,-14.363,-7.3124,-4.5037,-7.4527,-15.665,-16.723,-11.706,-9.1502,-8.6864,-7.2146,-6.1523,-8.2001,-8.0041,-3.3315,4.9611,13.114,14.941,10.77,5.5722,2.4811,2.1377,3.6226,5.1656,5.8603,6.0933,6.4627,6.613,5.9954,4.9279,11.27,19.279,18.005,7.5621,-1.3032,-5.5889,-9.176,-10.845,-6.0543,2.2164,5.2856,-4.3345,-4.3345,-4.3345,-4.3345,-4.2931,-4.155,-2.9778,-5.2508,-7.071,-3.0364,0.17903,-2.0308,-6.8749,-11.72,-13.43,-14.044,-16.524,-15.783,-9.418,3.5264,15.524,10.723,2.814,-6.524,-14.487,-18.647,-16.965,-14.7,-17.365,-20.242,-21.088,-8.5619,10.184,11.771,7.0486,3.5696,1.1747,4.1607,7.6432,6.4304,13.431,19.568,12.545,4.1928,8.4329,15.141,13.1,0.25067,-10.965,-11.193,-9.6786,-5.5869,-2.9744,-1.8601,3.0351,8.4099,8.6791,9.6942,13.168,19.506,16.31,10.879,4.5991,6.1574,15.106,16.614,6.7457,-10.558,-12.73,-9.4183,-7.4705,-6.8414,-5.1561,-1.9989,2.8924,8.7034,9.6112,4.9713,0.33338,-2.2158,-2.042,-1.0236,-0.85613,-0.82892,-1.4094,-1.9697,-1.5875,-0.9774,-0.090497,0.33084,3.4349,1.3195,-6.9648,-9.6071,-9.1086,-6.543,0.13438,5.9505,3.0022,-1.1502
2.7905,2.7905,2.7905,2.7905,2.8596,3.0559,5.8507,9.3823,1.3093,-1.8919,0.46804,-3.0931,-5.3043,-3.7934,-2.4046,0.30743,7.9609,16.329,14.951,4.996,-1.4922,3.1138,2.315,-5.2644,-6.269,1.5994,6.4503,0.10613,-6.0224,0.33262,4.8551,4.6213,9.109,11.382,13.426,11.661,7.5517,4.1988,1.5559,0.70854,-0.64254,-1.1799,4.0521,5.0532,-1.2148,-4.3713,-3.4457,-3.4426,-4.5726,-6.4123,-8.464,-7.4217,-4.445,-2.326,-2.396,-3.9314,-6.7292,-8.4265,-14.619,-10.453,-2.1213,2.6031,3.4801,1.9093,-0.44391,-2.0757,-3.3929,-4.0036,-1.9986,-2.0817,-2.6902,-2.149,-3.892,-5.0917,-5.0455,-4.1131,-2.6691,-0.76707,0.78848,0.88092,0.044455,-0.97091,-0.54108,1.2982,3.937,7.6988,10.482,10.493,7.6772,3.1378,-0.020598,-0.24955,1.0111,1.3848,0.32052,0.74541,4.244,-3.5995,-2.9879,2.48,4.2382,4.2382,4.2382,4.2382,4.2796,4.4177,5.5949,6.3558,6.1882,4.1556,0.60777,-3.5577,-6.5195,-6.3333,-5.2925,-6.9916,-10.226,-9.6176,-4.8642,-0.94502,7.1386,9.2986,1.0662,-1.6883,-0.52874,5.0159,10.758,3.314,-2.6554,4.7537,13.598,12.713,5.5141,-0.050646,-3.3734,-7.0995,-9.3974,-6.1053,-2.6136,-3.5542,-4.7172,-3.1191,-3.4913,-3.9248,-1.2411,-1.8652,-3.0719,-4.2615,-5.4026,-6.6193,-6.3916,-5.7372,-5.3439,-3.9591,-3.9996,-3.9739,2.6091,17.461,15.1,10.515,1.7606,-3.4992,-4.1204,-4.9165,-3.1755,-0.63499,0.18582,1.1014,0.16229,-0.60257,0.44647,2.4757,2.0308,0.68608,0.39586,0.41598,0.79187,2.3975,3.668,3.3317,2.8672,3.4133,4.2756,4.4288,3.37,2.8451,4.2687,5.3762,5.6175,4.8501,3.7714,3.6283,3.381,2.4774,3.4031,4.7764,0.56649,-5.3832,-6.7786,-3.8522
0.22823,0.22823,0.22823,0.22823,0.29734,0.49509,0.22814,1.1746,2.8637,2.1851,1.3339,0.25011,0.59588,2.5022,4.3539,5.5553,3.8644,-8.9114,-6.8475,14.965,16.06,-1.1973,-8.6642,-11.599,-4.1033,-0.20922,-2.5074,-1.0707,0.12097,-0.38394,1.526,2.2263,2.0407,-3.7236,-11.816,-12.276,-7.5266,5.3947,5.8726,-1.56,2.7556,4.0315,-3.9466,-7.7361,-5.3771,-0.0094959,5.4334,7.9894,7.5717,8.5022,11.504,4.6495,-11.572,-16.081,-16.148,-14.3,-10.964,-9.1558,-3.7864,2.8781,0.89589,-4.5671,-6.4301,-3.438,-0.54014,-3.5036,-0.95876,0.49192,-1.6882,0.090287,-1.1283,-2.1784,-0.069025,0.42091,-0.68728,-5.0693,-10.617,-15.663,-17.066,-16.346,-13.996,-8.7998,-2.9246,0.29962,0.73018,1.4558,1.3807,-0.15713,-0.37839,1.7183,4.8981,7.8426,7.3496,0.95256,-5.6769,-7.6593,-5.8064,-1.0498,7.9708,13.461,-3.9498,-3.9498,-3.9498,-3.9498,-3.9084,-3.7975,-4.9137,-5.9788,-6.2321,-5.1484,-5.6808,-5.3742,-4.4449,-3.09,0.81294,5.6031,13.391,15.117,2.1445,-14.229,-23.82,-19.714,-20.616,-4.4631,11.604,11.552,-0.004886,-8.6828,-12.556,-6.851,6.5137,7.2695,-7.6087,-19.665,-19.066,-11.263,-5.4647,0.14369,6.221,8.9208,9.2315,10.142,10.859,11.716,12.626,8.9639,1.484,-7.1106,-0.038704,18.131,20.711,11.227,0.48958,-2.2854,-2.3235,-3.8662,-8.113,-10.986,-10.507,4.2635,7.4425,6.2119,6.6263,7.1971,7.225,11.465,10.678,3.4775,-1.3738,0.53239,3.7336,7.1255,7.387,5.861,4.1054,-1.2982,-5.0086,-4.9392,-4.1986,-3.4233,-2.9512,-6.9039,-10.623,-10.72,-10.705,-10.77,-8.7812,-4.9573,-2.4572,-0.81192,1.1758,2.5322,0.66971,-2.054,-0.96392,1.7769,1.5419,-9.9236,-13.226,-9.8086
-2.4662,-2.4662,-2.4662,-2.4662,-2.3736,-4.3293,-3.4339,0.095623,-0.57382,0.50427,-1.6446,-4.3729,-2.7219,-1.295,0.82571,3.0611,0.40867,-6.3724,-9.2956,-4.9354,3.693,6.1423,1.8693,1.2961,8.6369,5.9158,1.9375,3.8308,1.7566,-0.93902,-1.2369,-2.9786,-8.2274,-13.334,-15.323,-19.731,-19.043,-12.755,-9.6936,-10.9,-10.16,-9.6546,-10.599,-9.7734,-7.6073,-6.6249,-5.7761,-3.1544,0.13109,2.7147,5.2708,7.2785,4.912,2.1061,4.3673,3.345,-0.84742,-5.6656,-6.0076,0.46864,-6.9835,-8.5668,-4.9695,-4.0088,-9.9461,-14.508,-13.427,-8.5866,-6.9091,-5.6604,-2.0657,0.22751,1.3217,3.9845,5.9881,8.8999,13.898,14.243,8.4131,1.4709,-1.3146,-1.2479,2.6755,7.1934,9.9301,10.205,8.8906,8.4026,10.894,13.207,12.6,10.571,5.9493,-0.14865,-1.8437,-2.2787,-2.0499,-0.49019,7.4708,13.409,0.74695,0.74695,0.74695,0.74695,0.63032,-1.8066,-2.5439,-1.7795,-3.0182,-5.715,-7.9795,-10.996,-15.178,-18.841,-18.791,-13.739,-2.2348,14.603,21.419,11.119,-7.1628,-22.119,-32.186,-35.173,-28.719,-14.861,-10.607,-19.891,-21.477,-7.5832,5.3206,6.2117,-3.9492,-16.792,-17.839,-13.572,-3.5647,8.3906,13.039,11.891,9.2357,7.6417,8.6387,8.2709,6.7579,7.1549,8.0951,7.8596,5.9137,6.0346,8.5168,9.3218,9.4018,8.7194,6.4861,2.6866,-1.3626,-7.703,-18.748,-31.085,1.8709,16.044,16.594,12.121,12.429,15.78,11.956,4.3975,4.5058,7.4317,8.9441,6.2929,4.0167,-0.84429,-4.8681,-3.7045,-0.47752,-0.51572,0.58542,2.6151,1.5573,-0.38531,-1.6483,-0.97809,-0.49544,-0.52824,-0.48992,-3.3359,-4.1403,-1.0085,-0.47563,-2.195,-1.9545,-0.47315,-0.46579,-0.043722,0.051131,-6.6578,-7.1572,-3.3066
-0.78309,-0.78309,-0.78309,-0.78309,-0.71398,-0.51765,-1.2784,-0.70896,1.0671,-1.0568,-2.6359,-0.20946,-0.18812,-1.2436,-2.6995,-5.0532,-3.3928,7.0515,12.027,3.579,-2.4022,-1.0659,-1.3863,4.591,6.8303,-0.63568,-2.3515,-0.79187,1.8069,1.4082,-2.1865,-0.47631,-0.27642,-1.4049,0.17059,2.0892,2.6723,6.1081,7.8161,7.1592,6.1498,3.4447,0.5509,1.2246,4.7062,5.6995,1.2367,-2.473,-0.692,0.31893,-2.3527,-6.1026,-3.4183,1.0991,1.0793,0.79204,-0.88086,-2.1793,-4.68,-1.0332,5.6745,4.611,2.4506,2.6677,2.6356,1.4618,-1.1843,-4.3985,-2.2738,-2.361,-5.5625,-3.0795,-2.9621,-4.6344,-4.9949,-3.3772,-0.50349,1.0823,-0.41332,-2.9474,-4.5589,-5.1953,-5.5508,-5.414,-4.6231,-4.2257,-4.6714,-5.2357,2.3492,13.079,15.655,7.1446,-3.8847,-6.5048,-7.1111,-6.2826,-6.7508,-2.1286,5.4524,7.901,-2.506,-2.506,-2.506,-2.506,-2.4646,-2.3265,-1.398,-0.94987,-1.403,0.68478,2.9911,2.8695,7.5578,11.472,7.9187,0.22378,-4.3071,-11.996,-13.106,-9.6342,-2.1134,-1.9208,6.3143,15.284,14.661,5.7353,0.52825,2.6129,7.8004,12.057,7.0155,-8.5072,-11.285,-0.67888,2.2975,2.2919,0.74075,0.47565,0.85969,0.17063,0.95459,2.3352,3.4021,3.3381,-0.1875,-2.5212,1.4334,6.159,4.4419,-1.698,-7.499,-10.474,-8.5838,-4.0056,-2.5927,-5.3478,0.054191,15.322,0.65016,7.7556,4.5918,-1.7678,-0.6935,0.84481,-0.54306,-1.1793,1.7993,8.4947,10.015,5.1458,0.68175,3.1577,0.16117,-3.1324,-3.5238,-3.2673,-2.3724,-1.6627,-2.1704,-2.8888,-3.0594,-2.8808,-2.9209,-3.1027,-3.1536,-3.3257,-3.2105,-2.9853,-5.754,-4.404,-2.0797,-2.3197,-1.2941,-1.0888,0.17696,1.6221,6.1554,10.253,6.2304,1.241
-0.91766,-0.91766,-0.91766,-0.91766,-0.84855,-0.65222,-1.1233,-0.26988,1.5062,0.03825,-1.6445,0.023876,-0.50874,-0.11005,0.0088959,-2.7012,-3.3301,-2.3745,0.48548,0.49965,-0.40098,-2.3259,-0.56567,1.7613,1.6922,2.5424,4.7972,5.7078,8.6478,6.3645,1.3466,4.3282,-0.5088,-6.0476,1.0983,-1.4038,-1.3671,4.828,13.044,13.403,6.1991,2.0036,-1.9496,-3.0608,0.86011,1.7197,1.0691,0.054337,-0.36308,-0.0065105,0.43759,0.73449,-1.2964,-2.7825,-3.1288,-4.6174,-3.4624,-0.021014,1.1722,-0.26882,-0.59133,-4.0041,-6.7882,-4.2423,-1.8884,-2.1595,-2.9545,-2.3788,-2.1376,-1.6255,1.0518,2.5379,-0.54135,-5.7991,-7.6162,-6.5606,-3.7817,-0.98852,-0.67939,-2.9393,-4.9892,-5.8693,-5.6068,-4.1835,-2.2542,-2.1374,-4.4993,-8.1293,-12.678,-16.752,-17.886,-14.764,-8.98,-3.7435,-0.21074,1.1401,0.75908,4.6584,15.727,22.143,3.6475,3.6475,3.6475,3.6475,3.6889,3.827,2.4175,1.3221,0.86896,-1.2626,-2.4137,-3.1547,2.8726,9.7717,8.3473,0.83679,-1.2116,1.1239,1.886,3.0896,2.3198,-1.1657,6.7563,10.54,6.2659,0.05206,-1.3272,6.1738,13.79,14.832,6.7761,-8.6175,-14.723,-9.4874,-0.81372,-1.9942,1.1159,4.1397,-0.11268,-1.7332,2.5325,3.6996,5.3431,5.2098,1.1696,0.15354,1.6852,3.013,2.1712,-0.99842,-3.6703,-4.6471,-4.634,-4.8508,-6.1704,-8.5106,-5.9154,0.17332,0.57537,0.6629,-6.5607,-2.6462,3.2632,2.6047,0.048808,-0.66282,1.2782,2.4211,1.3955,1.411,3.2303,2.3923,-0.057959,-2.0386,-2.8686,-2.8048,-2.1165,-1.1436,-1.0507,-1.6111,-1.718,-1.4847,-1.2351,-1.181,-2.9036,-4.59,-4.3755,-2.4441,-0.62726,-1.1803,-2.1457,-1.7933,-1.0353,-1.1512,-1.7853,-1.8279,0.44032,-2.4809,-0.64944,3.7696
1.3779,1.3779,1.3779,1.3779,1.447,1.6433,4.4381,0.22634,-3.5742,-4.2358,-4.2436,-0.92862,1.9318,1.9169,1.1157,1.8411,5.2117,11.809,9.3762,-4.1876,-3.0269,7.8062,2.5874,-7.621,-9.3877,-3.7064,-0.0093776,3.6921,4.5283,0.90062,7.073,7.4515,1.1348,5.2995,-1.2629,-2.3015,18.496,21.529,10.488,2.9301,2.129,-0.21315,-0.39259,3.7834,5.3609,3.9126,2.0088,1.3755,-1.7815,-5.0461,-6.1188,-7.6156,-5.1004,0.36404,7.2164,7.607,3.5058,0.71999,-5.3545,-9.937,-4.6706,-0.17692,2.0106,3.2335,3.0833,-0.16049,-4.6815,-7.0356,-3.1109,-1.6711,-4.2839,-6.0068,-8.0616,-8.6085,-7.4268,-4.5113,-0.88195,1.6154,2.6856,2.6296,0.95129,-0.91463,-1.3835,-2.2786,-3.2576,-3.066,-2.265,-1.0424,-0.1941,-1.1192,-2.1799,-1.0245,-0.091811,-2.2448,-3.825,-2.892,-3.9652,-3.8574,-0.58846,0.33542,-0.72237,-0.72237,-0.72237,-0.72237,-0.68097,-0.54288,0.63437,1.6234,1.7299,5.0916,8.9805,9.0178,5.3502,0.38681,-6.3378,-11.761,-15.033,-13.164,-6.124,3.3142,11.723,11.854,11.191,6.4589,-4.969,-9.5565,-3.0285,8.3792,9.703,-2.7485,-19.742,-12.391,12.471,18.466,12.024,5.2544,-7.4149,-14.388,-4.6898,2.7269,2.9985,2.3778,1.8773,-2.9224,-8.1145,-7.8271,-1.5819,2.865,-0.69312,-8.3764,-10.803,-9.8788,-7.6073,-5.75,-4.3392,0.19357,5.696,4.8273,11.604,6.6669,0.13915,0.10407,-0.57287,-2.8298,-4.735,-2.1832,3.9996,9.5826,8.1926,3.0464,-1.8198,-4.1899,-4.6126,-4.2687,-3.6798,-2.5627,-1.0864,-0.06727,0.14596,-0.31327,0.36906,1.4437,1.4819,0.66389,-0.13884,-0.24902,-0.16805,-0.38227,-0.33153,-0.096931,-0.41442,0.041455,0.57529,0.83282,1.5497,1.381,2.4382,11.45,8.352,1.4861
-0.5299,-0.5299,-0.5299,-0.5299,-0.46079,-0.26446,-1.0808,-0.52266,1.2534,1.9588,2.1406,0.46467,-0.013787,1.0129,1.5164,2.6595,3.677,8.1534,8.5117,3.2763,-2.4357,0.50218,3.3239,4.6198,3.9014,0.40033,-0.83895,-0.088294,-0.3544,-2.0444,-1.4442,0.56222,-0.76261,-3.2023,-7.0817,-7.41,-7.0626,-10.677,-17.429,-22.023,-21.362,-14.584,-6.8787,-0.3772,2.3475,1.9891,1.9318,2.9184,2.7622,2.3086,3.999,6.3541,3.4388,-0.10078,2.9392,2.8588,1.0494,-1.1184,-2.3279,-6.7124,-9.8424,-9.8982,-5.4361,-0.78835,2.4296,4.5458,7.1582,8.3014,7.8316,5.7817,4.777,5.432,3.2925,2.3932,1.129,-0.85151,-0.92484,-0.63291,0.80793,2.6406,3.9626,4.4045,3.4961,1.2342,-0.59875,-1.3573,-3.3505,-6.0229,-7.9396,-8.2012,-4.7112,-0.012351,3.0082,3.1781,0.40029,0.39465,-2.1594,-5.5358,-5.9504,-3.6026,-1.3987,-1.3987,-1.3987,-1.3987,-1.3573,-1.2192,0.62938,1.7812,1.3281,2.5307,1.9216,1.4973,0.6998,-1.5164,-2.5705,-2.214,-0.048299,-7.6376,-10.186,-5.041,7.2209,10.672,7.391,3.7812,0.66594,-4.774,-7.2073,-11.286,-16.378,-17.766,-14.065,-11.908,-6.9935,0.8134,-0.99034,-0.479,0.48622,-0.074601,6.3265,10.729,7.6295,4.9655,3.3649,1.5648,-0.13516,-0.46065,-0.25226,-4.3817,-9.1128,-3.1722,5.2404,7.839,8.9477,9.3966,7.8318,5.3405,1.4035,-3.1663,-2.7587,-0.018991,3.091,6.0987,4.8302,3.4632,0.12284,-3.2158,-5.8137,-5.7109,-1.6624,3.3701,4.0403,0.11425,-4.7169,-6.6049,-3.8642,-1.0305,-1.3318,-1.2068,-0.87688,-0.1677,0.36164,0.20869,-0.071127,0.54449,1.3629,1.2632,-0.021718,-1.2022,-1.1769,-1.338,-0.86164,2.8989,5.7598,4.8323,5.4586,5.8982,11.303,10.67,-3.5453,-14.206
2.3591,2.3591,2.3591,2.3591,2.4282,2.6246,5.4193,2.2086,-0.86022,-0.27451,-0.35012,1.3855,4.0229,1.2022,-2.0004,-0.3714,3.0417,9.5076,1.1628,-4.6661,1.2297,1.3176,-3.2265,-6.1692,-4.8947,-0.56921,3.6861,4.7304,3.5116,4.525,5.3936,2.1619,1.7073,2.8181,7.0048,7.9894,5.6128,0.56085,-0.71266,-0.50651,0.018843,2.926,3.4343,4.06,3.5288,-0.013466,-5.7052,-8.232,-6.9106,-7.6144,-8.0031,-8.1114,-5.7264,1.0853,6.7881,9.7083,9.8983,8.8751,4.8526,1.9247,3.2488,3.7646,2.5701,1.9823,4.2422,5.0947,3.0874,0.25108,-0.46704,-0.59733,-0.69602,-0.10764,-0.52719,0.69754,1.9585,2.0315,2.0233,1.326,1.2744,2.2571,4.7041,6.9677,6.3972,2.7801,-1.9344,-4.385,-4.7883,-4.8565,-5.8618,-7.8092,-8.5495,-6.5246,-3.2165,-0.12175,0.022734,-0.98828,3.5434,-0.44292,-7.0649,-8.1571,2.6606,2.6606,2.6606,2.6606,2.702,2.84,4.0173,3.6943,2.3355,0.23339,-1.3698,-3.2859,-4.6296,-3.9657,-4.9021,-6.6753,-7.3081,-16.297,-13.569,1.7564,17.409,7.7538,-0.5567,-5.8959,-4.8793,1.795,5.9727,6.8235,3.9577,1.3179,6.272,13.244,10.07,-0.23697,-4.6579,-7.5745,-10.101,-12.761,-9.6817,-5.5018,-7.1828,-10.283,-11.751,-9.6151,-6.3663,-2.7797,0.79612,0.74602,-2.0951,-4.9165,-3.4593,2.6508,8.7225,11.092,11.48,10.585,8.4141,8.4474,9.9231,3.5515,-3.9302,-5.1801,-5.1148,-6.9365,-9.161,-9.2877,-6.3049,-2.2661,0.28087,2.2159,0.81027,-1.018,-2.351,-2.1797,1.6315,4.936,4.4424,3.9373,3.5155,3.247,3.5286,3.9161,3.6678,3.0509,4.6248,6.5519,6.6042,6.6442,6.5911,6.2031,5.6624,6.2912,7.0739,7.0994,8.1729,12.711,14.231,5.5609,-5.9599,-10.167
-0.48543,-0.48543,-0.48543,-0.48543,-0.41632,-0.21161,-0.44882,0.50006,2.2458,0.33242,-1.8213,-0.50022,-1.2819,-2.2841,-0.76147,-0.091056,-4.3537,-8.2782,-1.297,6.4313,3.722,-3.4827,-3.3021,1.3735,6.9781,2.4162,-2.6809,-2.0952,-0.62315,-1.5809,-4.7357,-2.8202,-1.5294,-8.9324,-11.294,-12.696,-13.065,-14.957,-13.517,-6.3983,0.39242,-1.5897,-4.3141,-0.22559,1.6646,0.60379,-0.4937,-0.79838,-0.34899,0.77519,1.4564,1.822,2.9132,4.3792,6.8702,7.1512,5.2919,1.437,0.19797,4.088,4.2446,1.1229,0.032044,-0.73374,-0.69359,0.73703,2.4667,3.2485,1.3646,1.2924,4.5732,4.2908,3.6456,4.1188,4.6711,5.8889,5.8392,5.8284,5.5216,3.5708,1.749,1.2614,1.2314,3.5231,7.6353,10.62,10.966,8.3647,2.9232,-4.2551,-9.0676,-7.9977,-2.4105,1.4553,-0.037336,-1.6373,0.7563,-3.6531,-5.2296,-3.1743,-2.0121,-2.0121,-2.0121,-2.0121,-1.9707,-1.8575,-2.4876,-3.1577,-3.499,-4.4999,-4.4378,-4.3855,-2.5903,0.24174,2.8898,5.7436,5.828,2.4236,-4.6224,-8.2785,-10.712,-8.5616,-3.9834,2.9294,8.2902,7.8209,2.8929,-2.898,-1.3988,1.9883,7.2167,7.0454,-4.8918,-16.213,-12.309,-7.2738,1.9255,7.7021,6.4233,3.2424,1.0204,2.1212,1.6254,-1.2792,-2.6599,-2.0629,0.14368,2.9677,4.276,3.7788,1.9184,0.97256,3.0114,6.4466,7.4987,4.1192,-1.0429,-5.4676,-7.3764,-1.4966,-1.6623,-0.0082582,1.5907,1.3476,1.9548,2.0782,0.94279,1.6195,5.3062,8.7593,5.0613,-2.5258,-5.4862,-2.0145,1.8436,1.6978,1.0693,0.78164,0.22765,-0.18451,-0.26119,-0.60239,-0.63313,-0.82928,-0.66371,-0.034441,0.43292,0.43295,-0.55054,-2.1712,-3.3723,-2.9197,-1.9919,-2.0536,0.30876,4.4914,4.1232,7.9398,-1.115,-10.246
0.97457,0.97457,0.97457,0.97457,1.0437,1.24,-2.6939,-4.1632,-4.4092,-2.572,0.61541,-0.11642,-2.9615,-4.1588,-3.8073,-2.4315,2.936,3.3983,-4.5172,-6.8862,-3.95,-0.86604,-2.6229,-7.7367,-2.9464,1.8692,1.7671,2.2959,-1.2864,-2.0383,1.8347,-2.0236,1.7517,11.629,11.792,10.258,8.3512,3.1682,-5.4688,-13.793,-11.702,-1.649,3.1104,2.057,2.8852,4.7396,4.5494,2.0478,1.0065,0.39508,-1.7359,-3.8723,-3.5287,-0.57909,3.0697,6.7928,6.5777,5.9445,1.8703,3.9458,10.366,11.299,5.5649,-1.018,2.1767,6.7758,6.7869,3.0896,0.52414,2.1891,1.9028,0.58367,0.52612,0.90784,3.0593,4.0226,2.3917,-1.1481,-1.8222,1.3248,3.9928,3.9906,2.1092,0.83505,-0.77326,-2.1866,-3.3185,-2.8258,-2.5989,-3.3236,-5.0422,-6.7108,-13.448,-18.83,-13.83,-4.6417,-0.61067,-1.035,6.3363,9.5903,0.28766,0.28766,0.28766,0.28766,0.32907,0.46716,1.7528,2.9177,5.8197,7.6107,7.769,6.5175,3.2128,0.97919,-0.65203,-5.0854,-8.2802,-0.48508,10.829,14.253,11.976,10.469,1.1401,-8.508,-7.2808,4.1674,10.615,4.2101,-6.481,-17.261,-17.263,0.4687,11.431,8.4082,3.173,-1.2591,-2.5646,-3.04,-2.952,3.235,5.3694,1.6763,-1.377,-2.0755,-2.2374,-4.7253,-4.7441,-0.73516,1.5403,3.0392,1.5854,-1.7502,-2.6999,-0.39184,1.5265,1.3204,1.8167,10.037,14.099,4.4907,-6.057,-12.976,-13.931,-12.217,-7.9759,-6.004,-6.6824,-3.9612,-1.2631,0.088748,0.9587,1.048,1.995,3.4079,3.944,3.7496,2.4781,1.3605,1.287,1.7494,2.1204,2.7088,3.0866,2.8923,3.5887,4.3242,4.5428,4.9126,5.303,4.6423,3.3321,3.3901,0.57562,-0.10772,-1.2728,-7.2324,-10.759,-4.0027,0.93263,0.412
-1.3977,-1.3977,-1.3977,-1.3977,-1.3286,-3.8319,-3.3751,0.15651,-1.1777,-0.44646,-1.1648,-2.1098,0.1492,1.4477,0.23226,-2.7538,-4.0814,-3.6359,1.0001,4.7,1.5724,0.45725,-0.35636,-6.8431,-9.2055,-8.0866,-11.408,-13.175,-6.6735,0.81762,3.7647,7.1546,3.8694,-0.092666,0.039858,-0.75679,-0.72361,-0.13522,1.8643,-1.1055,-7.4473,-5.3595,-1.3583,-1.7421,-3.7554,-5.2405,-5.9932,-5.2751,-3.0383,-2.2231,-3.9594,-5.1825,-2.3958,3.573,10.159,15.707,17.679,16.387,14.556,16.886,16.365,9.2286,4.1316,2.5089,2.2374,1.0139,-0.10305,0.26499,1.813,1.2214,0.085001,0.46064,0.41149,1.335,1.3508,1.3271,1.3703,0.60213,0.9057,3.2149,5.4008,5.3962,3.9297,2.95,-1.6427,-8.4009,-12.121,-11.377,-6.8309,7.5368,19.356,17.82,7.3646,2.1805,4.1114,4.2984,-1.0383,-0.66807,-2.1543,-2.8224,-3.5095,-3.5095,-3.5095,-3.5095,-3.4681,-3.4391,-2.4353,-1.6745,0.40959,0.29707,1.0499,0.33234,-3.2492,-4.4263,-2.0171,1.0796,1.3159,-0.81599,-3.7343,-8.3746,-6.4154,6.1747,0.91349,2.0495,1.9287,-1.4735,-6.9329,-16.161,-12.606,0.21336,6.1898,7.1149,5.2474,1.8007,2.8529,2.3707,2.5278,0.47467,-1.8789,-0.64617,-0.45425,-1.4714,-2.2527,-1.1964,1.0484,2.7349,4.4402,5.9037,4.4588,-0.73914,-4.7484,-2.9346,1.2175,5.0602,8.7074,10.824,10.556,7.5944,2.1733,0.80298,-0.28806,-1.8653,-2.7212,-3.7813,-2.1038,1.6655,1.8269,0.82658,0.82446,-0.16527,-1.7842,0.016454,1.3067,1.0532,0.13029,-0.68376,-1.0195,-0.41917,0.36841,0.65624,0.88736,1.4645,1.8796,1.6489,0.32383,-0.06952,0.86198,0.54181,-0.23666,1.0797,8.3229,6.0488,-0.66726,-0.095331,-0.78563,-1.8137,4.6089,15.725,1.9124,-14.285
1.012,1.012,1.012,1.012,1.0811,1.2774,4.0722,0.02553,-3.6298,-1.9089,-0.51349,2.1093,1.8606,-1.9381,-4.1571,-2.9257,2.2476,4.689,0.14923,-3.026,0.32337,2.9198,0.83155,-6.798,-8.1429,-4.5372,-2.3119,0.58573,-5.7622,-13.247,-6.4108,4.2095,-0.54462,0.86064,12.587,11.794,8.5957,5.7299,5.8642,7.6112,4.662,-4.244,-11.986,-8.4596,15.053,14.76,0.13607,1.4419,1.2889,-0.57368,0.69038,1.3955,0.82374,0.62084,1.3528,4.4361,6.4896,5.3122,4.4794,6.3672,8.2448,8.7209,4.7734,3.138,3.1275,2.0866,1.601,0.92628,0.7468,0.78349,1.5348,2.8002,3.0596,1.4404,-0.18628,0.61332,1.1856,1.3356,1.4176,0.90402,0.207,-0.54453,-2.0956,-3.356,-3.0931,-1.7404,-0.30933,0.53363,0.54965,-0.16422,-0.52153,0.69197,0.71784,-0.76263,-0.14895,0.058563,2.8603,-2.4163,-11.654,-14.729,1.4053,1.4053,1.4053,1.4053,1.4467,1.5848,2.762,4.2763,4.6353,6.4829,7.8445,6.1688,4.7799,4.2442,0.36818,-8.1607,-13.412,-9.2357,1.2444,12.191,15.863,12.381,12.009,6.7754,-3.7629,-5.0405,2.4592,5.1236,-0.87156,-4.3258,-2.7812,-7.9357,-4.407,1.7991,0.75037,-2.5686,-1.4588,0.42136,-1.6254,-4.3194,-4.0807,-0.92063,2.2511,-1.3725,-14.812,-6.7703,7.2329,7.8456,3.5076,-0.10744,1.5032,2.1372,2.2739,5.4487,6.906,7.6094,10.279,14.68,15.048,6.4876,-3.1591,-9.5908,-11.584,-8.7763,-6.8561,-7.666,-7.4837,-6.7895,-7.9661,-8.7485,-7.0188,-4.9441,-4.918,-2.4953,0.34101,0.11842,0.07132,0.10773,0.45302,0.42844,0.050774,-0.049348,-0.5322,-0.93565,-0.93664,-1.0906,-0.94479,-0.55556,0.078645,0.59559,0.64531,1.1183,2.8112,4.5307,4.5117,6.2629,5.6112,7.3334,-1.9314,-8.7463
-1.9827,-1.9827,-1.9827,-1.9827,-1.9136,-4.1672,-3.5239,0.0077024,-2.8322,-3.2837,-0.59333,-3.9739,-6.0631,-4.8214,-5.1233,-6.2446,-5.3647,-1.1052,0.95937,2.6419,2.6969,2.8222,8.1871,3.3195,-2.8562,1.8735,-0.26754,-3.5962,-2.0375,0.13767,0.30777,0.34643,2.9352,0.57377,-1.0668,-1.8226,-3.046,-7.5773,-10.838,-8.9852,-4.2912,-2.3982,-4.0477,0.50095,6.8892,7.4323,3.9005,0.71037,-0.55924,-1.6988,-2.7339,0.32757,6.8371,7.0465,3.6808,5.7582,6.3944,5.9207,8.7975,13.058,15.056,12.373,6.0323,0.7614,5.7742,10.522,9.0666,2.5203,-2.5205,-0.72713,0.54691,2.3096,3.5299,4.4502,6.1942,6.5997,5.9122,4.0975,0.66642,-1.892,-1.8284,-1.4668,-1.652,-3.1966,-5.635,-8.2177,-10.438,-11.156,-9.39,-6.0861,-4.2657,-3.0936,-0.83897,-3.2176,-6.4785,-4.1471,-4.346,4.8335,12.501,12.504,2.7753,2.7753,2.7753,2.7753,2.8167,2.1072,2.6121,3.3729,3.2742,2.8818,2.6758,5.3714,5.3239,3.7896,5.2576,5.7631,-1.535,-8.0942,0.15038,6.8122,-1.1313,10.901,14.776,7.0568,-4.0785,-4.5087,-0.054195,0.38616,1.1315,3.5344,9.6942,12.765,6.7178,0.088358,-1.4027,-1.6131,-1.8921,-3.3794,-4.9862,-7.0886,-5.0243,-2.2025,-1.5084,-1.6371,-6.8739,-10.011,-5.5621,0.49502,2.9989,-0.91231,-3.8361,-1.7799,2.011,7.6073,11.522,9.7031,7.1073,3.1565,1.2338,-2.5423,-9.2737,-12.903,-13.362,-12.832,-12.505,-13.296,-12.182,-4.6808,1.2385,-0.16788,-4.213,-3.4758,1.6499,5.777,5.7504,4.6785,3.4426,2.1415,0.62806,-0.22341,-0.37492,-0.31172,-0.18421,-0.31627,-0.2758,0.13353,0.64493,0.7055,0.17964,0.61072,1.3115,1.7988,2.2032,3.5217,7.1019,8.0315,16.536,14.397,4.3166,-1.5938
-1.0028,-1.0028,-1.0028,-1.0028,-0.93365,-3.1253,-2.4282,1.1034,-0.59228,-0.12837,-1.617,-0.91235,4.3691,5.9054,5.061,3.6278,-1.47,-1.3421,3.9499,5.2424,4.1492,2.8219,5.7285,8.7942,13.253,2.9069,-3.786,-3.0436,-3.1183,-4.4265,-4.8224,-4.6254,-1.3691,1.8285,-2.3263,-6.0963,-9.1363,-6.8129,-0.66986,2.501,-2.4016,-5.6149,1.8694,5.6614,-2.1002,-8.3587,-5.4699,-1.1006,-0.55823,-3.8535,-3.1393,1.6971,3.4428,0.98593,-1.8307,-3.0558,-3.9798,-5.2288,-3.9792,-1.6697,-10.205,-11.266,-5.0805,-0.25872,1.6003,2.4747,3.9322,3.7081,3.5071,0.80472,-2.1205,-1.1207,-2.2302,-3.3214,-3.4314,-2.7915,-2.078,-1.1548,0.7999,2.9307,3.737,3.1571,1.5494,-0.80672,-2.3356,-2.18,-1.0898,3.1635,6.6618,4.8717,1.3992,-0.18827,1.2543,2.7758,1.48,-1.901,-2.9788,-0.90651,5.0316,9.1216,-4.8048,-4.8048,-4.8048,-4.8048,-4.7634,-5.6391,-5.3732,-4.6124,-2.5264,-2.5957,1.9569,8.0464,9.3438,8.4335,7.5232,7.1171,1.3522,-5.3301,-6.6657,-1.3268,2.9489,4.8651,7.3131,4.8935,6.0527,1.7019,-1.309,-3.8763,-8.3986,-11.698,-5.899,-9.547,-12.984,-0.1742,-1.7878,4.3388,8.974,6.8363,2.5347,-0.21142,2.3404,4.2085,1.2646,-0.3442,4.0968,7.1351,5.0715,0.085197,-7.8927,-13.59,-9.4762,-4.1811,-4.8991,-7.3236,-8.8114,-11.334,-7.616,-3.173,-5.2459,-4.2853,2.6937,8.7569,8.8922,6.6218,3.2229,1.8922,0.70294,3.2314,8.5494,10.184,6.2192,3.7724,0.42233,-1.6831,-2.2506,-2.2845,-2.1962,-1.8055,-1.2835,-0.4429,-0.0059952,-0.34589,-0.65481,-0.78345,-0.75316,-0.80577,-0.53842,0.074552,1.4604,1.8334,0.6099,-0.17238,-0.62064,-1.1583,-0.64708,2.2329,7.1307,9.6001,6.7393,4.642
-0.30528,-0.30528,-0.30528,-0.30528,-0.23617,-0.039836,-0.77842,-0.17966,1.5964,-2.197,-4.5377,-1.3066,1.7345,2.3797,-0.30802,-1.7417,-3.2013,0.54163,6.6607,7.6728,5.809,7.1315,15.378,18.826,3.7429,-5.4265,-4.1772,-5.1583,-8.4022,-5.1979,-0.38183,-4.0567,-5.0508,-1.54,6.743,4.279,3.7903,15.038,19.094,8.2187,-5.5272,-8.712,-9.9084,-8.848,-7.0817,-0.41236,4.2768,2.8935,3.8252,4.6582,-0.21844,0.37145,2.8256,0.98166,-0.89935,0.53567,3.0293,4.3548,3.9931,-3.6944,-4.8291,-1.3596,-0.071467,1.0268,4.6152,6.0167,3.8074,-0.09516,-0.74113,2.0158,3.0484,3.7614,3.6906,3.6566,6.2773,8.4532,9.1413,7.6311,2.3803,-2.4308,-3.5836,-4.5195,-3.8946,-2.8511,-1.6045,-0.72916,0.63718,0.93483,-1.2942,-4.3727,-6.1983,-4.1565,-0.63273,2.7645,1.1385,-1.3625,1.4001,1.7264,-2.8536,-5.6988,-2.8296,-2.8296,-2.8296,-2.8296,-2.7881,-2.6501,-1.7764,-1.3772,-1.8303,0.90736,5.375,7.204,4.7988,1.9196,-1.2911,-3.6374,-10.408,-15.056,-13.997,-6.6711,0.96077,15.185,21.431,19.004,13.274,3.226,0.034767,8.5485,10.424,4.754,8.5021,13.276,5.2464,-1.6716,-0.36981,-1.6391,-0.62913,-13.167,-21.105,-10.435,-6.2767,-7.1311,-6.6487,-5.6428,-5.6887,-7.9499,-9.967,-6.1662,3.1909,-1.3956,-12.12,-6.5032,0.13826,-3.6223,-6.9437,-5.3359,-4.0532,-5.2723,-0.82395,6.2695,0.73611,0.54468,2.7065,1.1832,-3.9357,-7.5332,-4.0716,2.0422,4.5198,1.389,-4.1433,-5.354,-1.4588,2.1076,3.0042,3.5761,3.4665,2.1893,1.8586,2.67,2.4255,2.4049,2.5691,1.8196,1.0102,0.89751,1.1344,1.5502,1.6938,2.1581,2.4066,3.1062,3.8096,3.336,3.1853,5.8008,7.3621,22.471,17.245,6.9516
-1.2813,-1.2813,-1.2813,-1.2813,-1.2122,-1.0159,-1.71,-1.1142,0.66184,1.2413,1.3022,-0.2215,-0.64207,0.22853,0.82655,2.0398,1.1279,-1.428,0.49819,2.7126,-1.7007,-8.3583,-9.5643,-5.4301,3.7687,0.6284,-4.0156,-3.309,-3.6915,-4.9061,-5.8618,-11.12,-9.2853,-1.4888,-1.7742,-3.8473,-5.0394,-5.2916,-3.8376,-3.4386,-5.4622,-5.3351,0.11147,3.8163,3.2227,5.3079,6.6483,4.3915,4.2069,4.1048,4.4652,4.7733,3.7173,-0.038017,-2.4444,-0.98381,1.2807,1.5293,1.4951,-1.1536,-13.605,-13.748,-3.2456,-0.86739,-5.2826,-8.4776,-4.251,-1.0495,-1.6019,-0.32818,0.83326,1.7691,2.6901,4.091,5.7075,7.4656,8.5525,8.1903,7.0491,4.9546,2.8335,2.3466,2.7546,2.5563,1.8093,1.312,0.79425,2.4592,5.4195,5.2445,2.8522,1.2476,0.93353,0.080596,-2.1838,-4.484,-4.2157,-1.1852,-1.5041,-3.0147,0.087646,0.087646,0.087646,0.087646,0.12905,0.26714,0.87345,1.1415,0.68837,1.75,1.0545,1.1363,0.49375,-2.2766,-3.9079,-3.8417,-3.2583,-0.74305,-0.4236,-3.8209,-8.5744,-7.5135,-5.0276,-1.8414,2.8321,-0.0063081,-3.4366,-4.1691,-10.205,-15.287,-6.1649,1.895,0.52591,2.4358,3.0996,2.5359,1.9264,-0.16178,1.5262,3.9958,2.3695,0.69779,-0.65675,-1.9169,-2.1346,-2.1913,0.49984,7.2517,5.0316,-3.3509,-3.333,-2.7608,-3.5363,-6.5408,-9.1367,-4.2289,1.0512,-2.2916,-1.2687,-0.53268,4.4922,8.4308,8.3693,11.908,14.145,14.287,13.122,4.815,-3.3969,-2.72,-2.4693,-2.4794,-2.3001,-2.0783,0.11228,2.4678,2.6187,2.0931,0.84873,-0.91436,-1.3467,-0.86251,-0.86012,-0.91508,-0.077542,0.75906,0.94539,0.3903,0.86902,1.9914,1.2309,0.26975,-0.72479,-1.3316,-0.25134,2.6264,5.15,-2.1399,-3.1402,0.66811
-0.3235,-0.3235,-0.3235,-0.3235,-0.25439,-2.6857,-2.1569,1.3747,-0.20068,0.38563,-1.2106,-1.8525,1.8735,3.5793,4.1125,4.0445,1.6144,2.3977,2.4443,0.44837,-0.040213,0.47286,0.41827,-2.6274,-5.7698,-1.8997,2.0881,0.85638,-1.6259,-2.8733,-2.0431,-2.4925,-6.895,-10.242,-7.5725,-7.3077,-6.3991,-7.8885,-8.7334,-7.0693,-3.2932,1.0551,2.2706,1.5615,1.3957,2.1064,1.8054,1.4294,2.1156,2.0151,3.3945,5.7412,4.0244,-0.22476,-2.0511,-3.0702,-2.5014,-2.6979,-2.0993,-11.32,-11.595,-8.538,-3.2068,-0.89897,-1.0971,-0.3955,0.33563,1.1108,-0.36585,-2.3056,-0.70553,1.0221,1.6899,2.7848,4.9169,5.8248,5.2582,3.7992,1.3906,-0.11767,0.69916,2.3782,4.3587,4.9139,3.9861,1.7584,-0.15399,-1.618,-0.1049,3.4179,5.4943,8.1179,7.2675,4.2764,3.4489,1.4553,3.227,-3.6274,-5.1346,-1.4724,-5.2511,-5.2511,-5.2511,-5.2511,-5.2097,-5.4149,-4.6164,-3.8555,-1.5966,-1.5414,1.2479,4.109,3.5418,2.9293,3.2071,3.16,-4.7714,-9.1634,-6.4825,-0.41307,6.9234,4.5972,5.4561,2.1768,-6.4316,-7.6556,-5.6783,-5.9297,-9.0214,-8.137,4.1517,13.728,8.7842,-1.3811,-1.7653,-0.79718,-0.038058,-1.1395,-3.0909,-3.486,-3.4093,-4.8682,-6.0238,-6.4367,-7.9735,-6.0453,-0.67854,1.0475,-2.9287,-8.4481,-7.1568,-3.0288,-4.4807,-8.4041,-3.806,2.6049,-1.1032,-0.85872,1.0622,13.505,13.037,7.9989,6.4067,5.8624,5.514,5.1472,6.026,7.5199,4.041,-2.928,-3.1006,-1.5811,0.542,2.3863,2.8868,2.4635,1.4951,0.43655,0.88039,1.8517,1.7633,0.92832,0.23094,0.23634,0.048074,0.62859,1.6423,1.91,2.2607,3.9883,5.9006,6.9829,6.2029,5.0326,4.2264,5.378,3.9754,4.8304,-5.1911,-14.663
-2.7945,-2.7945,-2.7945,-2.7945,-2.7254,-4.8898,-4.1793,-0.64771,-1.7857,-0.96866,-2.4301,-2.467,2.2258,4.3102,4.1627,2.8877,-1.0475,-0.65889,3.9325,2.7424,-1.1173,-1.7348,0.80492,1.4953,-0.92217,-0.55017,-1.3934,-2.171,-0.73622,-2.8337,-4.2734,-2.752,-0.51395,9.1205,9.886,6.4359,-1.4005,-9.0396,-7.9098,-0.71228,4.9399,7.8393,8.3991,5.3605,1.501,0.46314,0.91982,0.83667,0.50591,-0.33224,-3.1375,-1.9865,5.3824,5.981,-7.2897,-13.383,-8.1006,-3.1127,-3.6999,-2.2734,-9.3963,-6.3946,-0.17941,0.10176,0.25505,1.9973,2.4246,2.1042,3.4875,2.6069,-0.50145,-0.97118,0.59766,1.8954,2.3843,2.136,1.1953,1.0642,2.3359,3.365,2.0523,0.39204,0.46135,0.2737,-9.9984e-06,-0.61139,-1.16,-1.0614,-1.0787,-1.5167,-1.6838,-1.2858,0.64014,-1.2899,-4.5627,-3.3447,-5.2912,-3.7415,1.9509,5.1588,-0.66259,-0.66259,-0.66259,-0.66259,-0.62118,-2.2393,-2.4917,-1.7308,-0.44707,-1.2167,2.2205,6.4901,7.214,6.8486,5.9213,3.3495,-4.6256,-8.7063,-8.1467,-3.0058,5.3287,3.3599,10.503,12.773,5.9193,-1.5927,0.034142,2.6943,2.5181,1.4397,-3.1,-8.9771,-4.9709,7.7127,4.325,1.7151,5.2508,7.9943,5.4384,1.4464,-2.9179,-4.8912,-5.2176,-3.5298,-0.44473,-0.097981,-0.46764,-0.67376,-1.4093,-3.6742,-7.2698,-8.1346,-4.7368,-7.2487,-14.539,-17.773,-12.2,-3.5105,-6.8876,-5.8127,1.9577,8.4779,8.0587,8.0836,7.3903,5.9704,2.8501,0.24233,0.18144,-0.30507,-1.6136,-0.97974,-0.061911,-0.040058,-0.62507,-1.5457,-1.4054,-0.5145,-0.24551,-0.36214,-0.1152,0.35827,0.33375,0.32609,0.32882,0.227,-0.58469,-1.1609,-0.66825,-0.3264,0.66903,1.9676,1.9545,1.6933,3.5308,4.7749,10.114,9.4523,3.5038,0.29545
1.8102,1.8102,1.8102,1.8102,1.8793,2.0756,-0.9987,-2.0603,-0.89459,1.192,2.4621,2.448,3.7978,5.4001,2.1762,-0.93171,-0.36171,0.79584,2.2367,2.4382,-0.39386,-0.47849,2.1108,4.8977,-2.0728,-3.3161,-0.022838,-0.86886,-0.091095,0.81074,-1.5428,2.0076,6.8248,1.1271,-0.6029,0.65118,-0.81205,-7.1494,-11.5,-10.827,-4.4641,1.4793,2.1257,-0.33742,-3.3168,-4.9204,-5.1165,-4.4517,-4.3875,-0.84762,3.8721,5.6661,7.0192,2.8831,-4.0242,-3.1684,-1.2686,-0.36521,-1.3162,-5.0093,-10.911,-11.543,-9.8329,-5.6659,1.7784,6.1398,5.1603,1.9599,0.79326,1.3502,1.5227,2.8726,4.4608,3.7501,3.0049,5.3603,6.6138,6.6216,3.7757,0.78577,0.12806,-1.0422,-1.2288,-0.63584,0.5224,2.0995,3.6082,3.4639,2.428,0.022298,-2.2041,-2.4817,-1.0518,0.11689,-1.1732,0.047705,-0.82366,-2.3195,-2.3443,0.56373,-4.1686,-4.1686,-4.1686,-4.1686,-4.1272,-3.9891,-7.3337,-9.4107,-8.6916,-7.7213,-7.4237,-6.8838,-6.7506,-6.1137,-0.93639,2.5524,0.44235,-1.6406,-1.3677,-0.58568,2.2069,4.9666,3.2856,0.98103,-3.9875,-7.7695,-9.1978,-6.6094,-4.8005,-3.2476,4.706,11.828,8.5751,-0.81128,-2.3016,-1.6585,-2.0046,-3.4979,-4.8267,-6.6385,-7.0994,-7.573,-8.5697,-7.2011,-4.8309,-2.9407,-1.5387,-2.5335,-6.4296,-10.202,-4.807,2.2795,1.3072,0.059454,-0.1835,1.9092,3.649,1.3451,3.9133,0.63973,8.9597,15.219,9.1964,2.117,-2.6325,-7.2147,-5.9027,-1.1484,2.7207,3.0246,-0.80021,-1.7252,-1.3089,1.547,4.8404,5.5559,5.8873,5.6506,5.6447,5.8374,5.2242,4.8349,4.8751,4.9202,4.9531,4.979,5.47,6.0873,6.0255,5.372,4.7482,5.4251,6.3008,6.1878,7.6332,8.4904,12.764,10.423,-7.7459,-22.282
4.6865,4.6865,4.6865,4.6865,4.7557,4.952,7.7468,11.278,13.054,16.397,18.766,7.7092,2.0539,-0.31674,-4.2586,-0.91377,6.4318,10.08,3.9849,-4.8517,2.2464,13.617,24.148,15.233,-3.3317,-4.5682,-0.55657,-1.7968,-5.2559,-3.8385,1.038,-0.82777,-2.9641,1.4607,4.5633,5.5769,5.0454,3.825,3.9822,6.0084,8.4172,6.417,0.87957,-1.0513,0.11142,2.4366,4.0806,3.1448,2.2094,0.61921,-1.2224,-2.8501,-3.2724,-0.9361,0.52909,0.75541,2.3959,2.4937,2.6665,8.6459,16.276,16.265,9.7591,2.6029,3.5688,5.2206,2.9382,0.1767,-1.0527,-3.9357,-7.1922,-3.1378,3.1923,7.1888,7.69,4.5719,0.28133,-1.2586,-2.8641,-3.3856,-2.1109,-0.52831,1.5219,3.209,4.2557,4.6582,4.4551,2.8451,-0.11776,-5.1771,-10.441,-11.912,-9.4244,-5.3637,-1.3513,2.3272,4.7921,-2.777,-15.362,-21.753,7.4659,7.4659,7.4659,7.4659,7.5073,7.6453,8.8226,9.5834,9.1302,6.9459,3.5703,13.226,15.646,8.8252,-1.9123,-10.476,-20.398,-19.343,-10.602,2.9452,18.383,13.745,23.768,29.035,14.352,3.5694,7.6561,3.0717,-8.0857,-17.736,-18.283,-9.4645,-0.25803,4.0503,1.9197,-0.41445,-2.9253,-1.209,0.1801,-2.4824,-3.821,-2.6194,-1.5363,-1.7392,-3.1275,-5.9175,-7.9015,-6.0814,-3.5052,-1.3618,-0.20974,-2.0307,-3.4756,-1.5466,2.8942,4.7825,3.3054,2.1286,-0.16573,-8.6315,-18.575,-23.315,-23.793,-22.085,-18.868,-15.893,-13.068,-6.6044,-3.729,-5.6324,-6.6813,-0.87501,6.3312,8.946,7.1886,5.7787,5.2359,4.3892,3.6726,3.3099,3.4288,3.5713,3.7864,3.9515,4.0473,3.2514,2.7615,3.058,1.6811,-0.38979,-1.474,-1.0839,-0.18639,0.37911,0.17721,-1.6109,-5.0319,24.589,16.21,-1.8764
-1.3017,-1.3017,-1.3017,-1.3017,-1.2326,-1.0238,-4.0384,-4.9778,-2.7562,1.0327,2.0659,1.9181,3.0881,3.4749,4.6946,-0.83015,-5.2528,-6.4588,-4.031,5.4861,7.3136,-0.43989,-7.2931,-6.2998,-0.73127,2.9791,3.5014,3.7487,3.418,2.602,-1.1572,-6.4372,-10.037,-15.026,-13.9,-13.76,-17.731,-23.094,-23.096,-16.465,-7.0485,0.10381,1.4924,-3.0664,-8.6017,-10.335,-8.392,-3.9052,-0.49284,1.1356,2.6439,3.5379,3.0166,3.573,5.1742,2.9363,-0.91157,-3.1099,-2.702,0.83234,-0.89794,-1.1818,-7.3977,-7.119,-2.861,-0.76967,-2.209,-2.6048,0.57184,2.9019,4.2619,6.5472,9.6502,11.57,9.2766,6.0606,5.7139,4.3613,2.9709,2.8913,4.2479,5.7332,6.5078,6.6799,6.7122,6.488,5.3272,3.5777,2.367,1.2734,0.48372,0.2939,-0.17338,-0.66125,-0.81786,-0.97894,-1.0931,-0.010877,8.7262,15.015,0.8881,0.8881,0.8881,0.8881,0.92951,0.97897,-1.7979,-3.639,-5.266,-8.5492,-12.141,-16.776,-19.81,-17.683,-11.616,-6.9241,-6.6825,-4.864,2.0338,0.35806,-13.825,-19.48,-16.287,-12.466,-3.9594,3.2445,0.44695,-8.8925,-15.126,-13.138,-2.5141,4.5787,0.76021,-0.59619,6.5717,8.0488,7.2096,6.969,6.539,4.9532,2.2235,-0.16398,-0.78695,1.4849,5.2085,7.552,7.4339,3.6809,-1.3025,-0.88449,2.0133,2.5929,2.4752,1.9367,-0.28144,0.15075,-1.3248,-7.123,-13.974,-8.3506,11.959,20.183,20.85,21.671,13.808,4.9454,4.5709,3.1112,0.1402,-2.5808,-3.654,-4.1825,-3.675,-3.4212,-0.83431,2.0386,1.2334,0.24653,-0.86893,-0.95689,-0.44572,-0.38822,-0.424,-0.53159,-0.60376,-0.73476,-0.65465,-0.88804,-0.7507,-0.21621,-0.31351,-0.43423,-1.1775,-1.9077,-2.0105,-2.1716,-2.8476,-7.2036,-4.2464,0.54516
-0.47203,-0.47203,-0.47203,-0.47203,-0.40292,-0.20659,-0.89105,-0.25534,1.5207,-1.023,-3.3646,-1.6318,0.75656,-0.062489,-1.1202,-0.14461,-0.063184,-2.5008,-5.6383,-5.0386,-3.2348,-6.1335,-8.5096,-7.5101,-8.9003,-6.6132,-2.2468,-5.104,-6.0564,-2.2596,-0.81893,0.50944,1.0926,-1.8253,-1.5309,-3.0234,-5.166,-7.5028,-7.5166,-7.5031,-8.2144,-3.1351,2.9428,2.4432,1.7597,2.5017,3.0727,1.8566,-0.0228,0.7624,0.59173,-0.83439,1.5483,4.8587,7.4427,10.696,11.689,11.407,7.614,5.601,9.4205,8.9687,4.0758,0.18688,0.64869,0.70007,0.022656,0.70143,1.8968,2.3032,2.546,4.0358,5.759,5.6548,5.311,7.1938,8.1512,8.533,9.0898,8.7188,8.4325,9.0394,7.922,6.3503,4.5456,3.1659,2.2504,1.7388,0.5169,-2.4371,-6.6053,-9.8771,-9.6553,-7.9029,-6.0764,-4.0271,-4.0373,-7.5821,-5.6448,-1.4753,-0.38475,-0.38475,-0.38475,-0.38475,-0.34335,-0.20526,1.2035,2.0485,1.5953,0.77141,0.080948,-1.862,-4.4186,-3.7171,-1.9366,-1.2715,0.29787,6.7042,12.338,8.6854,-4.104,-11.682,-16.718,-18.584,-16.364,-12.504,-9.3909,-0.025095,8.8454,7.2522,1.3856,3.9986,5.7747,6.0119,6.1871,4.6084,5.4806,5.3852,3.0256,1.5029,-0.70239,-2.8836,-4.57,-4.0085,-0.46444,1.5444,0.82827,-1.1816,-1.8679,1.1277,0.35321,-2.2206,-1.5722,3.5625,7.9341,7.1545,4.2438,-0.36927,-2.5611,-6.9753,-4.5755,-1.4604,-2.5843,-2.1281,-1.5409,0.46084,-0.08676,-2.4652,-3.4816,-4.6629,-5.2463,-3.8167,-2.8545,0.43404,3.8675,4.1807,4.224,4.1392,3.6488,4.9374,6.6307,6.1852,5.3256,4.6182,3.2877,2.1442,2.2642,2.7996,3.3996,3.3093,0.45051,-1.4796,-0.79332,-0.13389,0.46704,0.18066,-0.031128,1.0221,-10.562,-21.896
2.6494,2.6494,2.6494,2.6494,2.7185,2.9148,-2.9819,-5.7779,-4.981,-1.7356,1.1074,-0.55548,-1.332,-0.33162,-0.37746,1.9891,8.757,16.177,15.216,4.4286,-3.175,2.0259,1.1009,-1.8578,-1.3054,-0.45299,-1.2499,-0.5947,-0.80719,-1.9956,-3.1316,-2.3166,3.1572,8.5718,2.8167,-8.4788,-16.791,-13.479,-5.8076,-2.2538,2.6496,6.1532,3.4592,-3.1874,-6.7009,-3.6333,-3.6188,-7.8146,-9.2135,-8.4899,-5.6276,-2.3701,0.28878,4.6202,10.71,13.557,12.401,8.6909,0.30335,-6.2107,-1.2802,4.6603,4.799,-0.090375,-1.863,-0.49337,0.30623,0.12138,0.82778,-0.076423,-1.4165,-0.38843,1.335,4.0988,6.0036,7.4627,8.4205,7.6745,6.1798,6.3414,3.3271,-0.36216,-1.5987,-1.3331,0.93253,4.8705,8.3275,19.457,29.849,29.307,20.847,10.504,1.6249,-5.8035,-5.9268,-3.6315,-3.7717,-7.1039,-15.814,-17.711,-4.4025,-4.4025,-4.4025,-4.4025,-4.3611,-4.223,-3.7677,-2.6509,2.5866,5.866,5.5081,5.0465,3.031,0.37299,-4.173,-10.668,-14.037,-12.455,-8.3133,-4.829,5.7526,11.959,4.0143,-5.279,-12.391,-14.54,-12.199,-8.4678,-10.931,-13.76,-5.0232,6.4288,15.979,17.007,12.009,7.6,5.0661,3.8691,1.6755,-1.2064,-5.49,-9.0257,-7.8337,-1.5909,3.1287,-0.61185,-8.5054,-12.289,-8.5217,-0.9942,6.8336,11.656,15.558,18.119,18.596,17.574,15.688,13.112,14.144,7.819,-0.90448,-0.97506,0.47951,0.45808,-1.15,-2.9415,-3.3547,-1.5494,-0.29856,-0.71228,-2.2323,0.19445,3.32,4.4492,4.5965,4.4943,4.514,6.5455,7.9313,7.0151,5.2266,4.039,3.8238,3.7523,3.8457,4.3064,5.5958,1.9895,4.7599,8.7645,1.7049,-5.9619,-4.5033,1.6388,3.0088,3.6196,6.2085,4.4104,-22.201,-38.774
-2.1453,-2.1453,-2.1453,-2.1453,-2.8741,-3.4063,-0.61155,-0.75049,-2.6629,-0.27182,-1.7466,-3.3206,-0.014881,3.4147,4.2608,3.6993,5.1172,6.4575,5.6194,2.2804,-3.5875,-7.2931,-4.6534,-2.2759,-0.47107,3.8384,3.4765,0.89007,-0.23019,2.2239,3.5028,3.0018,4.3828,0.47894,-1.9592,-3.373,-4.1568,-4.3944,3.3089,11.631,13.655,10.33,4.7694,-0.2286,-3.93,-5.6366,-5.4313,-5.128,-6.0912,-7.5256,-7.969,-6.9679,-3.4193,-0.72088,1.2915,4.7219,6.0919,5.2956,5.9492,8.6016,12.483,11.287,4.4693,1.6745,0.56424,-3.2145,-5.1784,-4.4409,-3.2448,-1.7747,1.1656,1.5273,0.091109,1.8317,3.337,4.2096,3.3525,-0.41713,-3.0926,-2.4588,-2.3356,-1.8977,-3.0686,-5.4091,-6.9512,-7.4208,1.8761,18.181,23.696,18.689,11.804,7.619,6.4809,5.1228,2.7215,1.5506,2.2287,5.5764,1.1804,-3.3965,-1.3102,-1.3102,-1.3102,-1.3102,-3.0559,-4.4826,-3.3053,-4.6401,-5.0318,-3.5175,0.92077,5.9033,7.8876,9.4342,10.478,5.7109,-1.8413,-1.1356,1.8365,0.0063712,-2.9412,0.16817,1.48,2.5909,1.2983,-0.087613,6.6644,11.496,10.253,8.0838,10.483,13.336,8.0939,0.75721,-1.3693,-2.1752,-2.8023,-5.6792,-10.885,-16.167,-18.229,-15.61,-12.154,-8.9669,-6.1011,-4.9426,-5.4321,-6.6294,-7.979,-6.9955,-4.1366,-1.3598,1.1504,6.5534,11.64,10.937,9.246,5.5835,4.566,-0.29852,-10.12,-15.3,-15.454,-11.064,-7.1937,-4.1701,-2.7706,-4.7633,-5.2541,-1.204,4.0335,6.7848,6.478,6.0834,5.7756,5.2738,4.1996,4.5798,5.7978,5.6733,5.5788,5.6903,4.3232,3.2877,3.7409,3.8625,1.9061,6.9128,13.386,10.575,4.7517,2.3718,3.108,2.5662,1.2889,0.34857,-1.8951,-10.823,-2.8291,5.008
-1.2979,-1.2979,-1.2979,-1.2979,-1.2288,-1.0325,-2.1867,-1.8611,-0.085077,0.93026,1.5768,-0.54435,0.060031,0.65219,-3.2745,-4.0788,-3.7649,-6.5886,-9.2393,-6.9613,-2.9851,-2.3993,6.1605,8.9196,-0.18707,-5.4814,-2.9652,0.78161,0.64468,-5.2378,-6.5527,-8.0152,-6.6253,-4.4255,-3.9947,-1.5037,-0.089438,-1.8963,-5.2858,-3.3927,-0.37266,-0.97884,-0.37068,1.4769,2.5291,3.1812,4.0513,3.3939,2.6058,2.3643,0.30339,1.056,5.1429,7.3978,7.9963,9.6716,8.1797,5.612,4.7717,4.6314,6.1815,5.8381,5.7876,7.1969,7.457,6.9021,5.8497,6.4482,7.7145,6.6017,5.9,4.2297,1.2838,1.3497,1.7824,1.3729,1.7738,1.965,2.8961,4.324,5.6534,6.4223,6.1969,3.6595,0.54595,-1.2235,-0.65475,1.6572,2.064,0.56365,-1.5584,-3.7569,-4.4087,-3.1297,-1.2176,-0.30944,-9.7718,-10.493,-4.9524,-5.0864,-2.2013,-2.2013,-2.2013,-2.2013,-2.1599,-2.0218,0.43424,2.0262,1.5731,4.7015,5.7008,13.277,18.552,16.473,11.366,3.5442,-7.033,-7.3679,-3.9523,0.83085,5.5025,3.4391,17.687,23.398,16.889,6.1779,1.4928,7.5414,5.3123,-6.4563,-3.4747,3.64,2.0611,0.32199,1.4283,2.1825,1.6716,5.0618,8.3488,5.8652,2.6837,1.6202,1.424,0.83912,-0.33204,-2.3841,-4.7011,-2.2231,4.0122,1.7875,-4.3247,-3.542,-0.85441,4.6074,8.8664,6.3272,3.1408,0.29043,-1.0824,-1.3792,-7.6018,-6.7448,-3.2659,-5.0391,-8.7988,-11.539,-11.273,-6.628,0.50199,4.8968,0.5882,-6.1102,-9.8396,-10.189,-6.0904,-2.2064,-2.3306,-2.2816,-2.1877,-1.6394,-1.1303,-1.2924,-1.604,-1.0912,-0.28998,-0.33673,-1.0802,-1.4761,-0.8547,-0.69655,-2.2194,-3.4777,-3.5823,-3.864,-4.3601,-5.6201,-2.6677,-0.66602,-4.1062,-9.5003
-1.0696,-1.0696,-1.0696,-1.0696,-1.0005,-0.80211,-1.3458,-0.6357,1.1218,-0.7758,-2.9814,-1.8759,-0.735,0.48045,2.8391,4.6502,-3.2763,-14.272,-12.192,-0.86872,4.1134,-1.6413,-7.3027,-6.7256,-8.7259,-8.4259,-4.3706,-9.133,-10.819,-3.7007,-2.4332,-1.4496,-0.12752,-9.2069,-13.609,-14.665,-13.256,-9.6036,-4.5689,0.77614,4.4663,3.8342,-1.4429,-5.4062,-3.7016,0.59631,3.0892,5.562,7.5778,8.6995,9.3513,8.2626,3.9634,1.1813,5.4738,6.8976,6.0945,4.2839,3.643,4.4202,-4.8515,-5.0345,-4.0303,-4.0525,-4.9911,-3.8178,-2.7281,-0.36405,2.1233,2.4183,4.0814,8.0081,11.828,13.941,14.589,11.643,8.1365,7.9726,5.9431,1.6659,-1.0721,-1.1272,0.6394,3.0193,4.6401,5.7083,5.6158,5.2949,3.561,0.12315,-2.2739,-1.5523,0.81347,1.4645,0.74919,0.39552,0.039713,2.4342,-1.5312,-6.5329,-1.7041,-1.7041,-1.7041,-1.7041,-1.6627,-1.5322,-1.6313,-1.9188,-2.3003,-4.1475,-5.792,-7.8245,-8.1603,-4.5963,0.87106,7.7202,11.685,11.127,2.2753,-3.8003,-10.39,-19.32,-20.854,-17.009,-7.8958,-5.1512,-13.301,-9.0445,5.7153,12.958,12.507,11.069,-0.066347,-8.7299,-5.7915,-2.2688,0.49832,1.812,0.35598,-1.0093,-2.5397,-3.7165,-1.3637,1.7501,2.7732,-0.75592,-5.0567,-4.636,-1.2839,2.3563,5.0343,2.8009,4.5036,8.7471,7.9587,6.5269,2.3371,-2.9538,-10.215,-9.0803,4.709,9.226,9.4713,10.198,10.856,10.973,6.9645,-1.8222,-9.1054,-9.992,-5.8016,-0.97043,1.4392,1.1793,-0.36971,1.3602,4.1976,3.7624,2.0649,0.68349,0.57629,0.34861,1.2229,2.253,2.4293,2.5326,2.8532,1.0523,-0.75956,-1.0552,-1.7751,-1.5239,-1.6924,-2.7263,-3.5239,-4.5179,-5.6254,-9.6927,2.9122,11.755
1.7435,1.7435,1.7435,1.7435,1.8127,2.009,4.8037,8.3354,-0.22752,-3.4253,0.085319,-1.2767,-2.626,-2.9652,-4.1562,-2.8341,4.3367,12.251,7.518,-4.4577,-8.4994,-1.7935,-2.6672,-6.193,-4.9861,-1.548,-0.84672,-1.4491,-1.8818,-2.4957,-1.0494,-2.5078,-2.904,2.4277,2.7236,2.172,1.3379,-4.5183,-11.013,-12.588,-9.7015,-4.1497,4.0998,6.4369,3.0861,2.0664,3.3957,3.3997,2.7834,1.916,0.91345,-0.18157,-1.9369,-0.56705,5.7942,9.3815,10.452,7.6293,3.5466,7.8433,15.662,16.42,11.489,5.1929,8.1394,11.498,10.434,8.7805,7.1383,7.6865,3.6385,-3.8963,-3.2456,-2.1587,-1.7739,-1.8314,-1.9259,-1.4757,-0.19694,0.95211,1.6397,2.6043,3.2844,4.0087,5.8042,8.1524,9.255,8.3764,5.9712,2.3261,-1.0028,-2.0039,-0.73984,-0.80263,-1.816,-0.77087,1.2307,-8.9732,-13.898,-13.153,3.2029,3.2029,3.2029,3.2029,3.2443,3.3824,4.5596,5.3204,7.9084,8.8725,9.3426,11.234,9.6818,5.0111,0.13925,-6.2967,-15.556,-15.038,-7.6853,-0.59878,15.054,22.31,13.74,5.2833,4.181,5.4606,3.1688,-3.2055,-10.432,-14.945,-14.466,-6.4823,3.2877,6.4449,2.5487,-0.0012445,-1.9571,0.86767,4.2042,3.1072,0.057292,-3.4517,-7.008,-8.0446,-5.6612,-3.7812,-4.5869,-5.6483,-4.9247,-1.5568,0.09486,-1.8162,3.2729,10.904,12.187,12.42,12.792,12.026,7.4821,0.097401,-9.3524,-16.002,-18.336,-17.557,-13.981,-11.366,-12.089,-9.5351,-1.1175,4.5305,3.0479,-0.74176,-0.56687,-0.082712,-0.3529,-0.35304,-0.082271,0.12967,0.41942,2.092,3.7128,3.6905,3.6712,3.7086,1.7072,0.044767,0.77331,1.3966,1.7963,2.0369,1.5335,1.2642,1.2136,0.58789,0.57621,0.31278,-2.1908,10.541,6.0546,-1.9542
