3.2225,4.0778,5.7383,6.3133,4.789,0.54731,-2.9995,-4.6319,-4.4864,-4.3069,-1.4524,-4.0973,-8.6741,-12.829,-16.605,-13.748,-9.3233,-7.5188,-1.3068,5.1941,7.1901,7.6657,8.8448,11.445,15.311,15.412,11.797,8.9176,7.3949,8.3674,7.5128,5.7257,3.9323,2.8226,2.3527,1.1276,-2.1239,-5.7033,-5.4955,0.060679,5.7808,5.1856,1.6718,-4.2201,-9.8606,-9.4477,5.5021,28.291,30.463,9.1472,-4.0858,-1.3572,2.2999,1.2084,-1.6916,1.3917,8.9672,13.614,18.047,17.118,8.152,-0.028975,1.2057,5.6394,4.8874,7.8826,13.003,8.7844,-1.6533,-8.8056,-9.548,-8.2128,-7.6548,-8.2131,-5.8311,-0.74655,2.1583,3.3866,1.8355,-0.6529,-2.9487,-4.5115,-5.6867,-6.6683,-6.2786,-3.1068,2.3733,-3.2079,-11.075,-14.828,-18.139,-13.457,-6.5195,-2.0842,0.060442,-1.0556,2.3498,4.142,5.2568,5.6738,0.55009,0.38285,0.11641,-0.34185,-0.64377,2.4096,6.554,7.1298,6.1262,2.6453,-4.5327,-13.271,-19.169,-17.011,-9.026,-0.10162,4.0554,5.1623,7.5229,8.4193,10.728,12.497,11.039,9.139,5.5054,3.9012,5.7188,3.757,6.2162,9.2599,8.0326,7.269,3.6826,4.039,4.636,0.82644,-3.8104,-5.309,-5.009,-3.6268,-0.42217,0.17791,-1.8717,-8.2022,-15.972,-12.35,-1.0724,-8.3718,-12.882,-6.3666,-14.895,-15.349,-10.823,-11.782,-10.394,-7.0806,-6.1476,-4.4413,-3.2541,-4.3651,-8.3038,-6.5436,-3.2282,-3.426,-5.0412,-4.0245,-2.2501,-1.8254,-2.1013,0.65184,3.8897,1.0611,-4.1416,-6.2235,-3.0729,3.3841,7.5555,7.4407,5.869,4.5131,3.7885,3.8737,4.8111,5.6075,5.2527,2.0333,2.1549,-2.7999,-13.675,-15.68,-10.309,-4.3821,2.8035,9.7659,13.756,14.568,14.467,13.964,13.008,12.441
3.43,3.6085,3.3505,3.4647,3.5472,3.5727,1.737,-0.65175,-2.2047,-1.3141,-0.8097,-3.5796,-2.3028,-3.3361,-1.1213,0.88843,1.4315,2.9907,4.6358,6.4565,7.6527,6.6255,4.1878,3.4293,5.1985,4.5625,3.9486,3.3208,1.6104,0.53311,0.78359,1.1171,1.3841,3.0787,1.2879,-1.517,-6.2416,-5.2485,-3.8277,-4.0669,-2.6727,-1.8457,-4.0226,-5.1942,-4.3134,-4.421,-5.3281,-4.6506,-0.87069,-3.7922,-4.2913,-3.7181,-5.5335,-7.1502,-3.7776,2.5476,0.84668,-6.6596,-11.795,-6.6251,3.4565,6.531,0.51007,-3.745,-5.0016,-6.0259,-3.2155,2.337,7.3146,2.8154,-0.96577,-0.30661,-3.0313,-6.3857,-2.8122,0.11736,-0.67387,-0.99728,1.0775,1.2162,1.2794,2.6407,1.928,1.0758,0.82065,1.4996,3.0738,5.4975,1.6629,-2.5544,0.24735,2.9364,2.1278,1.0979,1.3945,1.4597,2.6203,4.0599,3.1431,1.7584,1.7176,1.6567,1.7446,1.3735,0.58826,-0.60212,-2.2823,-2.4645,-0.77221,3.2359,8.1343,10.534,8.707,5.8066,3.6601,1.4029,-0.2223,-0.038286,-1.3943,-2.8605,-2.7251,-0.42169,0.98051,-0.9425,-0.89018,-1.4922,-2.1608,-2.253,-3.9725,-4.547,-2.3644,-1.1913,0.40915,4.1751,-1.0264,-3.3478,-6.7696,-11.983,-7.53,-2.2679,-1.3592,-0.30241,-1.4223,-5.727,-8.8252,-7.2547,-5.5314,-2.3111,-1.2153,0.77034,2.8261,3.0355,1.9934,0.044092,-0.55187,0.8595,1.9474,0.23589,-2.4196,-0.091795,3.0448,1.1345,-1.3345,-4.3111,-6.291,-6.8111,-4.8072,-3.8784,-3.6456,1.9225,8.2617,8.4851,2.6609,-1.5469,-0.26921,0.43831,0.44726,1.295,1.7272,1.1479,0.48239,-0.082079,0.52326,1.4023,1.9058,3.697,5.9163,16.325,14.702,10.9,6.8326,3.1324,3.0949,2.5403,0.51171,-0.87215,-1.9675,-2.9068,-3.648,-4.0452
1.9051,1.8345,1.977,2.4176,3.1381,4.0569,4.4587,5.0619,2.8077,3.2666,2.9142,-6.0421,-2.5694,1.7734,0.16132,0.11511,0.65629,-0.68662,1.946,3.8374,2.9678,1.8892,-1.5641,-7.6091,-10.325,-6.9435,-0.38127,3.4149,1.9267,0.99185,0.83746,0.68717,0.845,2.6137,0.82284,-2.5487,-8.3016,-9.0339,-2.617,5.1918,2.7859,-2.7082,-5.5166,-7.0575,-3.1786,0.72548,-2.1273,-6.7731,-7.0358,-3.5575,-2.5626,-1.5347,1.4323,1.6494,-1.5788,-6.6643,-9.361,-6.3002,-0.43104,4.2965,5.0518,0.58544,-2.9459,-4.8762,-3.0297,2.7715,3.0315,-0.33561,0.4433,3.7308,2.9904,2.194,4.0065,3.9368,0.52682,-2.304,-2.1209,-4.0431,-4.7213,-3.3308,-2.0481,-0.63674,1.2646,3.0608,3.8981,1.8034,1.1153,-3.4219,-2.0939,3.3408,4.523,3.8142,1.7483,-0.00095685,3.8486,6.6736,4.6697,3.4795,1.6677,0.77595,-1.1423,-1.1486,-1.1248,-1.5506,-2.5533,-2.6405,-2.2071,-1.8771,-1.8355,-0.42995,2.3212,-1.5801,-2.8256,-4.2942,-5.6609,-1.9278,-1.731,-4.2412,-2.3188,-0.96607,-0.76505,-0.74746,-1.6358,-0.17895,1.413,-2.8198,-4.0243,-2.9938,-4.9732,-5.6745,-2.8127,-0.65427,1.4141,5.4932,0.29176,0.94472,-1.1139,-4.3699,-5.6971,-5.8866,-2.2853,-0.30694,-2.2685,-1.1712,1.6266,3.1084,2.6894,3.0666,2.5924,-1.4821,-3.7482,-2.0721,0.4788,0.78566,-4.0447,-8.3989,-7.4983,-4.8103,-1.6598,-0.39221,2.9848,4.3945,1.935,1.9051,4.0995,5.9733,5.1213,4.7161,6.1537,5.7665,6.8306,7.217,3.8932,1.7534,1.7491,1.3146,1.2981,-1.573,-3.5055,-3.3879,-3.7207,-4.1509,-4.744,-3.1806,-0.58343,0.10541,3.5643,5.9198,8.5833,6.4363,-1.067,-2.5949,-2.5717,-3.865,-1.4292,4.6134,9.3341,8.7261,7.829,7.3817
-3.8552,-4.0929,-4.4461,-4.5653,-4.1927,-3.2368,-2.6792,-0.54142,-0.91686,0.92375,-0.75634,-2.4293,0.60823,1.9686,3.3467,4.115,5.6171,5.595,3.3515,1.8358,1.5621,2.3438,4.5477,0.9358,-5.621,-6.2829,-0.57323,3.792,2.7845,2.1453,1.8761,1.3763,0.97114,2.062,0.2712,-1.4726,-5.4778,-5.4424,3.2647,-1.2156,-6.5994,-6.9499,-8.2935,-5.7963,0.74748,3.1358,-1.1686,-8.4872,-10.123,-6.8383,-4.1053,-3.2441,-2.5892,-1.4657,0.059239,0.20682,-0.31531,-0.034579,-1.7137,-9.7747,-22.956,-29.186,-21.735,-9.3072,-4.9059,-2.4303,4.0056,8.3452,11.819,9.4776,7.9897,4.2833,-3.0634,-4.133,-0.80531,1.4071,-0.53646,-1.2241,1.4576,2.963,4.0766,4.8839,4.8724,4.6554,6.9087,4.8646,3.1943,-2.2964,0.28394,5.6817,8.0523,8.0025,7.7878,5.6722,-0.21463,-1.076,-0.96583,-1.8822,-2.2291,-2.4604,-1.3643,-1.253,-0.86556,-0.83941,-1.5341,-1.4056,-0.8452,-0.64229,-0.70362,2.3225,2.5637,14.968,17.964,13.968,10.139,6.8491,3.181,-1.1821,-3.8724,-4.3198,-3.6823,-3.7249,-2.923,-1.6557,-1.8139,-4.6534,-5.9401,-6.1672,-8.6897,-9.8799,-7.4116,-5.5766,-2.7586,3.2138,-1.9877,1.7838,1.3455,-4.2213,-6.1539,-4.7466,-2.6566,-2.2408,-1.6342,-2.0508,-0.25495,2.815,1.6837,1.2237,0.25288,-2.1277,-1.1878,0.095647,-0.19984,1.0581,2.3608,3.3143,4.8028,5.5785,4.628,1.4321,-4.6524,-9.0666,-7.3287,-3.4684,-1.9115,-0.48111,1.8175,2.8259,5.0369,10.608,13.454,8.283,-0.91558,-2.6428,-1.3719,-1.357,-2.065,-1.2899,-0.67674,-0.20205,0.044942,-0.57048,-1.2667,-2.3369,-0.68017,0.44963,2.4038,-0.67877,8.4758,13.02,7.6213,4.861,4.3441,-0.88335,-6.0879,-6.5986,-6.2649,-6.0826,-6.4938,-6.7725
1.5014,1.1428,0.42521,0.047951,0.39778,4.227,8.3416,10.35,13.375,8.308,8.5534,3.8584,-0.078582,-1.3452,-3.0563,-2.426,-2.3493,-1.5064,-0.94501,-2.7654,-1.4332,3.633,7.8184,10.949,12.196,7.5749,0.86311,3.6257,9.3112,9.0297,7.7496,6.2762,3.698,2.8203,1.0295,-2.7286,-8.6425,-7.6494,-6.0443,-11.382,-13.797,-10.881,-3.4944,-2.2243,-8.1463,-7.0493,9.1209,16.234,5.9164,1.8736,-6.9059,-14.447,-11.759,-2.1941,7.6259,11.424,14.619,13.101,7.3563,1.7807,-1.4106,-3.2608,-5.055,-4.0675,-3.4838,-3.6418,-3.9571,-6.1421,-5.0253,2.6376,2.2286,1.0407,2.3635,3.0372,-0.15787,-2.7437,-1.5577,-2.2185,-1.7231,-1.734,-1.4249,0.50046,3.0401,6.5468,10.162,12.814,9.4923,7.0667,3.341,-1.7764,-2.5245,-2.0263,-2.1943,-3.0559,-3.7736,-3.4388,-2.8234,-2.8192,-3.9909,-4.8775,-0.69109,-0.60748,-0.29055,-0.40063,-1.2448,-0.62175,0.656,1.1346,2.9566,2.4885,2.7792,1.4695,1.0353,2.9481,6.2805,4.398,-0.91622,-0.88193,-0.58745,-0.76821,-0.029536,-0.41345,-0.61941,-1.1689,-4.5052,-5.3959,-2.798,-1.0196,1.4193,0.83174,0.67775,-2.1243,0.93859,4.9932,-0.20824,-3.7214,-8.0664,-13.28,-9.7123,-9.1728,-13.574,-6.1792,2.9708,2.1302,-1.1532,-0.07422,4.6892,4.261,6.2435,4.4523,-3.2812,-12.518,-9.3135,-0.92731,4.5552,7.367,8.4529,9.3001,6.9074,2.3454,-0.2556,0.32762,0.6676,-1.3053,-3.3008,-4.3097,-3.4714,-1.792,-1.5387,-6.7966,-6.6583,-0.92327,4.5377,4.9426,3.3359,3.2239,3.6489,3.075,3.0616,1.8064,0.49458,-0.0024958,0.11657,-0.026627,-0.36224,1.446,2.0969,-0.37355,-3.6054,-4.1486,-1.3324,0.72767,-0.40857,-1.9608,-2.0776,-1.8472,-1.5872,-1.1944,-1.2476,-1.3009
3.1682,2.9808,3.1382,4.2076,5.5189,6.3476,6.2204,4.9068,4.2937,4.5392,1.3945,-0.42013,1.8216,2.0255,-0.54861,-2.7447,-3.3611,-2.1384,-1.6448,-4.0169,-4.8841,-5.8441,-3.9029,5.2679,10.64,5.8432,-0.59016,-2.7041,-4.5548,-4.2101,-4.3931,-5.947,-2.7887,2.3159,0.52506,8.0448,25.158,25.844,0.67635,-5.3082,-3.67,-2.8917,-1.4689,2.0162,7.1753,10.221,6.9037,-0.85739,-4.2812,-3.0744,-2.8642,-2.9727,-2.3925,-3.5889,-2.1797,1.1842,0.30469,-2.0112,-3.7942,-0.47236,6.1367,4.5892,-3.7922,-5.3919,-4.2998,-7.8999,-8.8961,-4.8815,2.2426,5.6762,1.4211,2.0368,5.8218,1.7018,-4.2674,-1.3116,-2.608,-3.5269,-1.6397,0.54345,1.6219,1.9627,2.474,3.5481,3.9197,4.7694,1.1685,1.9712,2.2238,-0.0046879,-1.3256,-2.3549,-1.6576,0.89524,3.7786,2.5694,-0.42341,-1.7535,-2.428,-2.6569,-2.5,-2.4945,-2.5015,0.43636,3.3,1.8105,0.88455,0.58679,-2.2672,-3.1071,-5.0049,-3.6897,-5.5899,-7.2694,-4.9624,-1.5327,0.20489,1.8405,2.9836,0.26607,-1.8283,-1.1354,-0.10306,-0.27404,-3.1353,-0.28273,7.7041,6.5851,5.7773,6.1132,6.0228,4.1409,4.2486,4.8819,-0.3196,10.107,7.0979,1.3482,1.8528,-1.8902,-4.1016,-3.1816,-0.19294,-0.56847,-1.0531,0.95988,-0.70881,-1.2468,0.36169,1.2902,-0.83135,-3.1116,-0.9918,-0.21054,-1.2502,0.0034358,1.5897,0.94283,-0.69601,-0.14768,2.3634,1.4464,-2.2252,-4.7778,-2.768,-2.3164,-4.6901,-3.9703,-5.1354,-11.929,-5.6785,6.2084,9.3857,6.4543,3.0095,3.2507,0.19704,-1.2285,-0.6481,-0.80251,0.49639,1.9394,1.477,0.67516,-0.24183,1.4918,1.323,-0.064289,1.7413,0.64886,-2.0308,-2.3579,0.45669,3.1038,3.4997,1.4244,0.083982,0.025187,1.653,3.3784
1.0264,1.179,0.78864,0.75358,0.84907,0.91447,0.40412,-1.6791,-6.0802,-12.692,-25.242,-6.7242,-2.2493,-4.4035,-2.0448,2.2322,4.8695,9.641,12.085,5.777,-0.037536,-2.1913,-2.819,0.54444,9.6649,14.729,8.3691,2.2612,0.68021,4.8864,9.6567,7.1006,3.992,2.251,-0.68386,-5.1544,-12.31,-8.8453,-2.7943,1.3317,2.7072,-0.60098,-4.2204,-5.0946,-3.6281,-4.0865,-7.8002,-12.509,-11.114,-3.01,4.7321,5.8111,2.128,-1.8933,-4.4737,-4.9235,-3.2786,-0.7258,-0.65183,-3.6718,-7.4013,-10.318,-14.671,-9.7754,-2.0816,-1.6219,-3.5974,-3.3807,-1.8665,-7.4407,-8.5685,-6.0563,1.0931,10.042,9.5912,4.9234,6.8891,7.2784,4.4675,1.567,0.76895,0.17459,-1.2529,-2.043,-2.4571,-2.5645,-4.2676,2.7555,1.9752,0.019434,0.51614,-0.058261,-1.5988,-2.093,2.192,5.4109,4.2891,3.7384,3.5313,2.6933,0.79991,0.7463,0.97517,0.75759,0.02047,-1.1301,-3.3184,-4.7616,-5.4423,-7.001,-18.972,-10.229,9.5278,18.894,15.902,9.4317,10.867,12.014,7.091,-0.12382,-2.2824,0.19203,1.2432,-1.135,-5.1039,-6.2523,-2.7091,-3.208,-5.4477,-3.6641,-2.2473,-3.7109,-5.6336,-11.205,-8.6177,-8.3733,-16.549,-15.743,-4.598,2.6072,1.0355,-3.474,-6.2093,-6.4973,-4.9701,-3.3745,-3.1227,-1.465,-0.87269,1.3678,5.0826,5.2138,2.0117,-2.2065,-3.5153,-3.1468,-1.7565,0.20608,-0.099304,-2.7807,-5.1558,1.4758,4.67,4.3474,7.0112,6.8641,6.5426,5.1684,6.3794,14.982,15.5,-38.286,-32.696,9.5706,6.2999,1.6207,1.321,0.23299,-2.047,-1.9917,-1.016,-1.3923,-1.3053,-1.5088,-2.1121,-0.5724,-0.77457,3.6734,7.6031,4.9501,-0.42612,-1.0939,0.66803,2.0192,3.8031,3.5789,2.1226,1.3463,0.56376,0.13259
-0.93066,-0.29621,1.5075,4.1886,6.515,7.8354,8.6911,7.8684,9.943,12.024,5.401,0.28414,-2.5414,-2.3386,-2.2463,-4.5227,-3.037,-0.31632,-1.1729,-1.046,0.83128,2.2012,3.2663,3.4112,5.718,7.64,7.6888,6.4522,6.0438,5.6209,4.1914,2.7079,0.87237,-0.44159,-1.1842,-3.3059,-8.9513,-8.3708,-1.511,-2.556,-6.4432,-4.9019,0.31566,-2.7646,-15.765,-20.385,-3.3209,20.949,21.893,8.8457,-1.9995,-3.5361,-2.4463,-0.50965,-0.50396,-1.1269,-0.79937,-2.0076,-3.2268,-2.643,-3.9974,-3.5239,1.8339,5.5975,6.7852,9.9024,11.264,6.5499,3.0635,1.2766,-0.42794,-5.2749,-9.3402,-6.5335,-2.8497,-5.7601,-10.773,-8.359,-5.871,-2.1948,0.0030287,0.93801,1.7711,2.2791,3.1233,3.4633,4.3356,-1.4143,-3.8882,0.56702,2.4892,0.055811,-1.0315,0.11251,-0.19679,-0.86783,0.65767,1.7228,2.4512,2.6941,-0.42816,-0.61875,-1.0141,1.4259,3.9047,2.3335,1.2406,0.85764,-1.5496,-0.73969,-2.4237,-3.8654,-5.744,-9.5383,-11.979,-9.2363,-3.7702,-0.57931,-1.3759,-1.6857,-0.79638,-0.86169,-2.3814,-4.3449,0.82429,6.8764,3.2967,4.7799,7.4861,7.0688,7.1434,4.3721,4.2478,3.7304,1.3853,-1.6164,-7.7088,-2.7221,1.7045,-0.69011,-4.679,-2.5077,4.8432,5.2682,-5.9937,-11.034,1.5791,2.2683,2.0463,4.4306,1.0999,-1.8145,-1.5648,-2.1558,-1.4827,2.3787,4.5213,0.17152,-6.1412,-6.5474,-7.1723,-8.2337,-8.7457,-5.4332,-2.7377,-2.7351,-2.6237,-2.3531,-0.84965,2.0135,5.8013,7.1035,5.4569,6.3927,7.1681,3.1887,1.6744,3.0729,3.5046,3.7559,2.5565,1.3799,0.98339,1.087,1.6628,1.7516,4.2581,1.2878,-2.4735,-2.1082,-0.86973,-0.48164,0.061743,0.82161,0.82093,1.0006,1.2657,1.1696,0.4286,-0.057272
-4.238,-4.0083,-2.9658,-1.5226,-0.19688,0.85891,2.0138,3.4499,6.5979,6.9152,5.2656,1.1269,-3.9248,-8.0608,-2.4161,3.4697,5.1391,2.9194,-5.6402,-5.1573,-2.0939,-0.76205,-5.2318,-9.4474,-6.023,-0.33143,1.9856,1.4731,-0.46003,0.49999,1.6556,1.4058,0.77317,-0.14851,0.58,-2.1454,1.8263,7.2096,6.5699,2.6962,2.4187,1.692,0.77068,3.4914,5.3558,0.80209,1.6817,15.527,17.408,7.9516,0.57109,-2.1559,-3.4236,-1.7696,-0.14609,-3.2482,-6.9293,-7.2287,-6.009,-3.8879,-0.20679,3.0977,7.2644,14.658,16.958,4.3473,-9.9077,-10.818,-5.141,-11.033,-3.9184,2.173,3.2063,3.0201,4.3213,4.1069,0.93387,1.7759,0.51626,0.60591,0.82439,1.7885,2.2847,2.7575,4.0566,5.8267,4.4169,5.1785,6.015,3.7045,0.31548,-1.8746,-1.4879,-0.82302,0.80921,1.4505,-1.7824,-4.7329,-4.8451,-4.0906,1.2356,1.1525,0.94004,0.23115,-0.95567,-2.4817,-3.6673,-4.488,-4.6352,-4.5747,-8.0382,-13.257,-17.047,-13.986,-11.795,-6.0857,2.4418,3.0366,0.068602,1.8859,1.4865,0.18915,-1.5854,-3.5524,-6.4552,-6.0729,0.93015,3.0594,2.0408,2.8263,1.7875,0.57087,-1.2135,-3.4735,-0.14013,-4.2364,7.6848,14.362,11.356,7.2167,5.1275,3.1649,1.6811,4.4471,7.7535,7.0156,4.8355,2.3997,2.4457,1.5481,-1.171,-2.0073,-4.8563,-3.5694,0.99044,3.4845,3.6436,3.9979,4.0782,3.9878,4.1467,2.6216,1.7883,2.6524,1.8298,-0.017482,-2.3708,-8.1148,-13.275,-7.8565,-6.8966,-4.7756,-2.9479,-1.1894,0.76495,3.3588,5.3065,5.1347,3.7783,2.952,3.5427,4.3794,2.6163,0.73099,0.3066,0.61596,-0.38221,-5.6585,-12.861,-15.936,-11.606,-3.9197,0.77563,3.5329,5.3448,4.4905,3.6728,4.0843,3.8921,3.4702
0.052811,-0.25839,-0.83345,-1.6205,-2.0181,-2.1426,-2.4685,-0.73595,-1.7028,1.9257,3.6683,-4.0979,-0.022729,3.0532,2.2356,0.93913,-2.4277,-2.775,-6.0244,-8.6939,-6.3378,-2.4822,5.107,17.444,10.988,-5.6663,-5.0863,-5.3758,-5.9594,-5.3041,-2.9598,-1.6544,-3.7848,-4.9578,-4.7084,2.289,7.2927,7.0726,8.9871,3.4852,-0.54883,-1.2997,-1.8438,-2.3588,-0.251,3.4258,2.385,-0.85043,0.052072,-0.70322,-2.6975,-3.4494,-0.55082,0.83705,-2.4356,-1.7716,3.1839,3.1751,2.5718,1.0368,-1.5826,1.5882,6.8311,9.4272,6.2772,-0.32648,-6.6152,-7.1519,0.50823,3.676,-0.57428,-3.4861,-2.1923,0.4977,0.1907,-1.2193,1.048,0.28059,-1.3707,-1.1499,-0.78655,-0.65047,0.043151,0.91431,4.4673,9.2515,9.394,12.125,8.4847,-0.0078044,-4.5501,-3.1508,-1.5934,-0.4113,0.10656,-0.3153,0.68194,0.78678,-1.901,-3.8599,-0.77349,-0.68247,-0.34837,-0.17809,-0.58444,0.041947,1.0725,0.55086,-0.26351,-1.2626,-2.1448,-6.5275,-0.090021,7.7047,8.132,1.9976,-3.4712,-2.4601,-3.8461,-4.0307,-2.752,-3.0916,-2.947,-0.33831,3.8441,11.521,8.7505,5.4306,2.5951,-0.1622,-2.5219,-4.9084,-8.4851,-8.3363,-4.6362,6.536,8.7301,4.8505,1.7986,1.3181,1.2663,-0.088761,0.13331,1.6273,0.56736,-1.091,-1.3059,-0.8407,-0.71999,0.90269,0.65365,-2.2158,0.48025,2.2181,2.3366,1.1596,-0.43757,0.23519,-0.0082867,-1.5225,-3.8266,-1.0497,2.2872,2.5538,0.81332,-2.6999,-5.5166,-3.933,-1.7544,-3.0918,-0.15432,5.5683,6.9223,2.8147,0.48004,1.0482,2.3689,0.61794,-1.1353,-1.4775,-1.9788,-1.2718,-0.59203,-1.5275,-1.7144,0.19442,3.1181,12.339,11.186,8.8178,9.2452,5.4024,0.22047,-0.30225,-0.4899,-1.1796,-1.1225,-1.078,-1.2187,-1.2044
0.72719,0.06628,-0.7164,-2.1403,-3.5131,-4.2781,-3.539,-2.1808,2.619,6.0309,10.812,6.9557,2.502,1.6012,1.1868,0.63597,1.7719,1.5008,-1.0654,-0.31687,1.8042,3.5904,2.3548,0.65053,0.75823,-1.702,-4.9526,-2.899,0.31685,-0.049472,-1.369,-1.6938,-1.7114,-1.9443,-0.36144,1.4228,0.021382,0.56325,2.4497,1.4127,0.86112,1.4262,1.3137,-1.8433,-2.3765,1.7317,1.5891,-4.7942,-8.4366,-5.2491,-0.83834,0.061298,-0.081201,-0.05854,-0.34442,-2.3789,-5.8471,-7.5919,-6.5143,-5.2509,-6.3987,-6.9513,-5.7795,-1.8379,-1.8334,-4.7509,-3.4053,2.5996,8.8985,4.054,-0.061471,0.057861,-3.3034,-7.1009,-4.0685,-1.347,-2.1884,-2.3706,-0.45438,-0.42172,-0.052307,-2.7296,-7.362,-10.091,-11.576,-8.6938,-4.0941,3.6897,3.1303,-0.32121,2.4539,5.024,6.1279,2.287,-1.4893,3.3106,5.7858,5.3955,3.8146,2.8158,-1.8469,-1.6719,-1.3118,0.075283,1.2327,0.8422,0.15156,-0.85042,0.86604,3.4509,14.332,9.9781,1.3114,-1.8553,-0.30209,0.73719,2.0236,2.2718,1.572,2.4946,1.6769,0.16297,1.3394,2.3616,0.39346,-1.3133,-1.9464,-2.0887,-2.0143,-3.1732,-4.7518,-3.0876,-1.9897,1.0422,5.6818,7.5598,6.3228,1.7613,1.3805,3.2133,3.0392,2.8861,2.3658,-4.1369,-8.7008,-3.9961,-2.2506,-1.5435,-2.4728,-4.6642,-3.0682,-1.9887,-3.1007,-2.9128,-2.3747,-3.8285,-5.8575,-6.9673,-7.2256,-6.9523,-7.052,-6.1303,-4.167,-3.2454,-4.8642,-6.5619,-5.3887,-4.6759,-5.3656,-0.63395,4.1262,4.7665,1.944,-1.4452,-1.17,-0.59879,0.79758,3.0249,3.5296,3.0989,2.6384,1.1445,1.2812,3.1505,4.042,6.014,6.2438,21.001,19.882,16.046,10.052,5.0916,3.9484,0.2861,-0.86028,0.78397,0.73655,0.078215,0.98337,2.4522
-0.94746,-0.36483,1.3345,2.2357,1.8218,1.2636,1.7997,1.7538,3.5084,6.8758,1.9008,3.5546,4.6178,-0.37577,-2.9757,-2.9837,-4.3836,-4.4599,-3.2988,-7.1077,-10.115,-7.9986,-5.7015,-3.5924,6.3775,16.15,14.202,5.9871,2.7743,3.806,5.7589,4.2478,2.1549,0.51062,-2.0668,-5.1473,-8.2857,-5.759,0.26561,1.7394,0.27386,-1.3093,0.082174,5.856,8.0916,5.268,3.9197,3.6786,0.85889,0.99366,4.4025,7.3197,8.6129,6.9601,3.2775,1.6377,3.3268,5.5737,6.2133,3.0696,-1.9993,1.4492,9.319,10.181,5.7102,5.0454,8.058,8.1356,1.5025,-6.6661,-10.732,-10.695,-9.0647,-5.9538,-4.2152,-3.7212,-1.9353,-1.6763,-0.35148,-0.41261,-1.742,-2.4097,-3.6816,-1.2637,6.061,11.697,10.871,7.2438,3.764,-0.00377,-3.2616,-5.4593,-6.0583,-2.9396,-0.64443,-8.6537,-12.912,-9.1632,-2.4641,1.1844,1.023,0.83698,0.44915,-0.061926,-0.64336,-1.5521,-0.47693,1.0908,-1.0488,-1.7807,-7.6348,-15.172,-17.837,-11.595,-2.5766,1.5691,1.3553,3.4432,6.3212,7.9169,6.6427,3.4626,1.3893,1.5275,-0.39947,-7.0964,-5.0285,2.9884,2.3856,4.8919,5.9902,4.206,4.1776,1.0023,5.0091,5.4471,0.83467,1.266,1.2298,0.18269,-1.1381,-3.7889,-2.3605,2.6147,6.1071,6.0405,4.0774,3.6591,3.1919,-0.035831,-1.7553,-0.47949,0.63583,-1.0947,-1.7251,0.80707,1.4026,1.0662,3.4106,3.2385,-0.36819,-2.6472,-3.2107,-2.8733,-4.8172,-5.7324,-5.0118,-4.4863,-6.3668,-5.833,-0.29086,2.6061,3.2538,4.3198,5.1495,5.7888,6.4326,5.919,5.7929,4.5345,3.501,3.5187,2.3159,-0.1808,-1.7576,-1.7385,-2.0178,-10.677,-19.184,-17.848,-11.931,-4.9261,2.6625,6.8151,6.2168,3.9257,4.6924,4.66,4.7718,5.5491
8.0979,8.2578,8.2256,8.5544,9.3448,10.045,9.9774,8.01,3.6155,-5.4076,-22.35,-5.111,3.1339,-0.23103,-7.1068,-5.1726,-0.02476,4.005,6.6612,10.948,13.976,16.819,19.597,18.663,8.4329,-0.042929,1.7876,4.122,4.1886,3.7754,0.61005,-6.0727,-10.502,-12.47,-12.738,-15.971,-23.225,-21.54,-10.318,0.45388,6.5302,7.1514,1.6578,-3.0519,-3.1552,-2.5759,-8.8604,-18.573,-19.243,-9.794,-4.4814,-4.479,-4.3466,-4.7914,-5.2183,-7.9143,-11.644,-12.894,-10.114,-4.0211,-1.9469,-3.4483,-6.1835,-8.2286,-11.595,-10.29,-1.6673,1.6342,-6.3495,-7.9055,-0.52095,0.76526,1.5123,-0.31986,-1.5436,1.247,2.0887,2.7043,3.2439,3.328,2.5237,0.78179,-0.1026,-0.35774,-0.32646,-2.072,-3.3923,6.5099,2.2568,-1.1159,1.1824,4.5912,8.7542,4.5679,-2.0664,1.8985,3.8705,5.3453,7.8232,9.2493,-0.009063,-0.069447,-0.18353,-0.76545,-0.34509,-0.25818,-1.2278,-1.4058,-1.9561,-5.0324,-19.029,1.3898,19.342,19.303,13.614,16.816,14.469,8.7764,1.9197,-1.2427,1.2805,3.8544,2.9896,1.2668,-1.8902,-2.787,-2.8518,-5.1651,-8.5547,-9.3139,-7.9065,0.0065213,8.0864,6.7962,1.3539,-9.1353,-18.18,-21.068,-18.29,-8.5885,0.44264,1.0544,-4.6525,-7.1592,-4.7135,-5.5257,-10.539,-11.902,-12.565,-14.429,-8.594,-3.4312,-5.0097,-5.0702,-6.1995,-8.0146,-8.1247,-9.5856,-8.8466,-4.7764,-1.3846,-1.1919,2.6608,5.0714,1.4603,2.2274,6.5207,9.5029,9.3927,8.4827,-1.5598,-8.9346,-8.7342,-6.3747,-3.8882,-2.6798,-2.5016,-2.469,-2.0895,-2.1138,-2.9269,-3.417,-1.7465,-0.32989,-0.52778,-0.61375,-1.4344,18.402,23.181,21.398,19.897,19.096,11.639,3.6515,-1.3426,-2.1797,-2.1265,-2.4824,-3.4279,-4.0249
9.6873,9.8231,8.5916,7.5992,5.5039,3.1339,1.609,-2.7858,-7.9283,-14.851,-29.367,-5.8347,5.1587,5.7666,3.4187,1.3753,5.1327,9.0621,13.282,18.995,18.885,13.699,7.9455,4.2586,4.8921,8.4071,7.2167,2.6601,1.1471,1.181,-0.35832,-2.6544,-3.8468,-4.3984,-6.1153,-10.376,-14.883,-12.42,-3.4725,4.6661,0.28276,-6.8736,-12.227,-14.367,-12.343,-9.141,-12.482,-20.355,-19.14,-8.3974,-0.97398,-1.8919,-4.231,-5.2932,-5.4431,-7.3604,-10.677,-10.75,-8.5442,-9.7875,-16.387,-22.669,-24.229,-18.554,-16.185,-19.062,-22.43,-19.969,-10.205,-5.5749,14.827,25.5,19.392,16.142,13.882,7.4507,6.8809,6.6013,6.709,6.0018,4.7569,4.2684,3.932,1.664,-1.3838,-2.0999,-1.4177,4.8076,4.2509,2.2527,1.5158,2.0356,2.3614,0.45821,0.26445,3.1599,6.9079,10.458,13.683,15.266,-2.4788,-2.5386,-2.5969,-3.0374,-1.7197,-0.41704,-0.645,0.61994,0.6774,-2.8516,-17.359,-18.342,4.0476,13.91,12.788,13.602,13.61,7.793,0.39941,-2.9739,-2.7909,-3.1557,-5.2433,-3.7599,-3.0935,-4.7383,-3.5793,-4.459,-3.2201,-0.99242,-2.1675,-4.0351,-5.9959,-8.5978,-7.5355,-11.012,-12.785,-0.51916,7.7389,9.7445,6.896,1.1889,-4.0865,-2.7854,2.3569,1.9396,-2.9401,-2.9343,-2.2918,-3.2326,1.5823,4.796,1.9643,1.0328,-1.6316,-4.2789,-3.8813,-3.6619,-2.8249,1.7923,3.7253,-0.49333,-6.2735,-8.238,-2.0824,1.957,1.1813,-0.0042092,2.0772,5.9091,-0.38608,12.065,18.329,6.4504,2.9163,-0.80087,-3.4493,-4.9153,-5.8687,-6.9928,-7.6846,-8.0071,-8.6114,-9.2611,-8.7088,-3.421,1.6707,11.671,12.362,9.9921,10.709,12.986,9.6273,1.885,-3.7197,-5.7935,-5.6391,-5.8333,-6.7483,-7.3267
-3.3562,-3.4486,-3.3699,-3.226,-2.8852,-3.1927,-3.3902,-2.9527,-1.2953,-0.035542,10.187,6.4413,2.4734,3.8302,6.1764,6.0742,3.1275,-1.7957,-2.8095,-2.1304,-0.54306,5.5765,16.722,8.4949,-11.716,-12.893,-10.703,-6.8039,-3.2758,-3.3406,-4.0883,-2.2214,-0.087878,-1.2562,-0.94893,-3.9489,-7.7396,-5.1638,2.5035,3.0954,1.3157,2.1123,-0.16889,-4.304,-0.33264,6.6004,1.8742,-6.8364,-8.5513,-4.0109,0.51684,0.38701,0.0055446,1.6249,3.5953,2.3218,-1.7502,-2.0115,0.9235,8.5642,12.992,11.141,6.526,1.9873,-4.0373,-7.784,-5.2154,1.2579,8.2398,5.9654,2.517,2.2759,1.4406,-2.6903,-3.6921,0.093099,0.18463,-0.30821,0.68189,-1.1094,-4.0678,-6.8714,-9.2577,-11.001,-12.237,-9.9797,-2.4586,-1.9122,0.15368,2.4598,1.5839,2.0779,3.6122,5.986,3.5018,-2.0474,-0.99656,0.78031,-0.69861,-2.5111,-0.61674,-0.56985,-0.38531,-0.50744,-1.209,-1.9566,-2.2672,-2.4207,-0.88935,1.0031,19.835,15.748,6.3436,2.6603,0.34554,-0.28569,1.608,-0.16593,0.16129,1.4222,-1.5119,-4.8147,-3.0871,0.019559,4.4673,2.9575,-0.77941,-1.437,-0.34885,-1.8517,-4.207,-3.091,-1.5658,-3.4383,0.46462,-3.5295,-1.2881,0.74606,-1.1863,2.4241,6.1299,6.4167,4.0044,2.0189,1.8716,2.1903,0.74529,-0.15671,-0.95614,0.27362,2.1877,0.13213,-0.67518,1.0565,0.28688,-1.8953,-2.0563,-1.6415,-0.48226,5.849,7.552,4.0831,3.0567,1.468,-2.3391,-4.5268,-2.6247,-1.6259,-2.6481,0.029909,4.599,6.5349,2.852,-0.69889,-0.40413,1.3783,0.64846,0.21812,0.37845,-2.3567,-4.456,-3.7147,-2.4604,-1.6597,-2.1369,-1.9775,0.15457,1.6432,5.1951,6.4324,5.5152,3.1718,3.0664,4.2477,0.43677,-2.5966,-2.5271,-2.423,-2.7681,-2.8552
1.2721,1.4505,0.4808,-0.10653,-0.65132,-1.2337,-2.3099,-3.3629,-2.5775,1.8374,2.395,2.9294,3.5234,-0.00049088,1.6122,3.7475,1.678,1.2461,6.0522,6.5936,3.0063,5.5942,6.2602,-2.9306,-8.4947,-1.7925,5.7518,5.5423,2.3023,-1.8767,-5.0848,-6.414,-8.5507,-10.161,-11.409,-11.322,-12.606,-11.613,-8.0414,-3.0018,2.2824,2.9999,1.0746,0.46962,3.2727,4.3207,-1.2508,-7.5702,-5.7758,0.24529,2.8113,-0.44656,-2.937,-3.3425,-3.3955,-3.0638,-1.8204,0.25535,0.15682,-1.5648,-5.4172,-9.3249,-9.7844,-11.896,-13.911,-7.0621,2.6526,6.7136,4.9223,1.7279,2.3694,3.4665,4.3266,1.7464,-0.81657,1.3189,2.3554,3.3345,3.5551,2.6845,2.2797,3.1815,2.6033,1.4521,1.7449,-2.407,-3.1478,-5.3719,-0.1383,4.7627,3.0072,2.7621,3.6354,2.4712,-0.46964,-2.9783,-3.97,-3.5029,-1.6129,-0.48114,0.25407,0.19318,0.61247,0.60986,0.23344,-0.51739,-2.5491,-3.4071,-2.7113,0.91532,5.1355,17.804,19.455,16.534,16.462,7.5462,-5.7673,-7.0597,-3.5001,-3.0167,-3.3323,-1.3394,-0.18805,-0.3751,-0.46585,-2.1529,-4.7126,-8.6721,-9.1297,-6.0648,0.5806,4.891,3.2433,1.8512,-0.27357,-5.7673,-11.545,-16.759,-12.639,-6.8079,-4.5933,-3.7821,-4.8631,-3.1267,0.86822,2.5755,0.64292,0.38031,0.55173,2.635,4.1877,0.12847,-3.013,-2.9748,-1.5236,1.1095,3.8641,5.4863,7.7165,8.3327,5.7447,2.6787,-0.28783,-0.59861,0.80192,4.8115,6.1093,4.3814,5.5432,7.5267,4.9962,-0.16456,-4.4011,-5.3935,-5.4458,-4.8279,-4.1981,-3.8163,-4.1885,-2.188,0.1185,-0.40092,-0.84082,-1.5506,0.19285,1.0425,0.82025,-2.8385,3.0711,9.1154,9.4333,5.8857,1.3634,-3.7769,-6.1927,-6.4516,-6.0363,-5.7104,-6.3821,-6.9218
0.33599,-0.29956,-1.8288,-2.8207,-2.6121,-3.1394,-3.665,-3.7268,-3.1688,-4.0615,6.2814,1.5984,-2.7261,2.5759,5.9188,3.9334,5.2684,2.3871,0.025706,5.3544,8.7261,6.7539,-0.73153,-8.6047,-9.6143,-5.3348,0.52299,3.1348,1.0257,-1.0229,-1.6717,-1.5367,-3.3898,-5.0204,-4.679,-6.7377,-13.945,-12.9,-3.2282,1.8389,3.9717,5.3365,1.9518,-1.0217,0.74252,4.4598,1.2173,-7.2206,-8.425,-4.8072,-8.6238,-12.206,-10.436,-4.0913,-0.28908,-3.0428,-2.7739,-2.2844,-0.95907,-1.0989,-5.3294,-10.988,-10.822,-5.8937,-4.307,-1.1004,4.2674,5.7839,3.4593,-1.2322,-3.5999,-4.0337,-2.4267,-0.44788,0.60049,-0.026199,-0.95324,-1.687,-1.4839,-0.24322,0.7074,1.1921,2.2013,2.5033,3.2803,3.0834,-0.18315,7.7671,4.5757,2.1801,0.27331,-2.1803,-1.1829,-1.0271,-0.23183,2.1301,4.5527,7.4936,11.06,12.604,-0.46144,-0.29468,0.30625,0.53585,-0.11656,-0.69771,-0.91358,-1.266,-0.28547,0.41968,19.863,18.078,10.539,6.4342,4.8821,7.6944,6.5481,1.1782,1.9826,3.6027,3.9597,4.0494,3.9231,4.4576,3.887,-0.85896,-2.8643,-2.5858,-3.6618,-2.275,1.6602,3.2219,1.9243,0.24573,-0.71148,-4.6479,-12.828,-17.055,-18.145,-12.874,-5.6801,-3.619,-6.4502,-7.0568,-3.2813,-0.32311,-1.9312,-2.7812,-3.4872,-4.8873,-4.7005,-5.3201,-4.642,-4.3575,-4.4026,-3.5492,-3.108,-2.2721,-1.8906,-2.6618,-5.01,-2.918,-0.67942,-1.7947,0.53383,4.5804,6.4737,4.7578,3.4187,8.1205,9.3335,5.1993,1.6898,-1.7759,-2.7142,-2.9619,-3.2353,-3.1246,-3.0809,-3.3083,-2.8313,-2.3055,-2.8525,-3.8017,-3.5777,-2.3552,-2.8453,16.36,19.481,14.3,9.4332,5.6459,3.3979,0.38027,-0.50882,-0.90151,-1.3844,-1.6257,-2.4824,-3.0601
-1.0882,-1.7275,-2.4652,-3.7449,-5.1364,-5.7434,-6.3258,-6.0129,-4.6811,1.3782,2.505,-0.34941,3.7031,4.6778,3.5801,0.68858,-2.4469,-1.5105,-0.96308,-1.6463,-1.369,0.26848,4.3159,13.453,6.13,-7.8399,-7.1047,-2.9097,-0.27019,-1.6626,-3.4308,-1.8304,0.52187,-0.24221,1.1989,-0.96264,4.909,10.456,7.4906,1.1969,-1.4769,-1.061,0.38798,0.38671,2.0617,4.1023,2.5095,-1.174,-3.1314,-1.3023,5.0427,9.5977,9.291,4.6578,0.20872,1.1791,4.4256,1.382,-6.9689,-5.9612,4.1276,5.1659,0.21334,3.0339,7.0062,6.8938,1.4615,-6.0936,-7.0715,0.31482,1.2288,0.57589,1.9762,5.5597,6.3026,1.5635,-2.0153,-4.7209,-5.3407,-3.865,-1.313,0.88926,1.8774,0.28592,-1.5356,-3.0835,-0.58759,-1.9659,-2.6299,-0.30732,-0.59632,-1.251,-1.0071,1.2095,2.3778,-1.7214,-4.2584,-4.3873,-4.7891,-5.1671,-2.5396,-2.3341,-1.9158,-1.4318,-1.1691,-1.6282,-0.97601,0.044342,-0.096299,1.4104,1.6514,-0.63202,1.8224,5.7204,7.2797,5.7409,2.391,2.2288,2.7502,3.4561,1.4256,-1.256,-2.3869,-1.3773,-0.22494,-0.47545,-6.0289,-6.2395,-3.0605,-2.8824,-3.7831,-2.1906,-0.88487,-2.6796,1.7784,-1.9141,8.6952,14.409,11.166,5.5356,0.14925,-2.6774,-2.6475,-3.3401,-2.983,-0.63129,-0.84806,-0.25603,1.5792,2.4444,4.1548,6.6799,6.9521,2.967,-0.67511,0.98081,3.7186,3.1072,0.55793,1.3265,3.1412,1.7032,0.36737,0.39206,0.47473,-0.51606,-2.0975,-1.9593,-0.11158,-4.4079,-9.1823,-2.8834,7.9009,10.93,7.106,0.59023,-2.4795,-3.2898,-3.1775,-2.5303,-2.329,-2.7896,-3.1599,-1.43,1.1267,1.2729,2.6645,1.597,-1.1163,0.2646,1.775,0.72442,-0.80532,0.83196,1.0884,-1.2679,-1.5129,-1.0923,-1.1439,-1.2727
-3.6844,-2.9827,-1.0426,0.76278,1.8267,2.5101,2.9845,2.4128,3.5123,7.6224,5.4328,-0.8903,-1.1501,-1.0979,-4.0289,-5.9731,-4.9082,-1.1641,-0.40512,-2.3698,-2.7235,-2.9344,-5.6669,-5.8189,2.2673,7.2836,4.9005,0.64943,-2.0038,-2.8707,-1.153,0.41274,2.0635,4.2932,2.5024,9.8614,12.445,6.3178,0.099946,-3.0156,-3.2412,-1.2721,4.3043,10.758,7.2181,-1.7882,-0.60326,13.226,20.695,6.9474,-4.3638,-1.5859,1.7906,2.0665,-1.0123,-1.4829,3.3281,4.3417,-0.0017146,-1.0486,1.5848,-2.2945,-1.688,10.214,14.32,6.2078,-3.8534,-6.934,-3.5262,-1.3783,-1.1111,-3.0977,-3.9193,-1.4246,-0.14342,-0.050614,1.8388,3.9261,4.1067,3.6149,3.3113,1.8881,2.079,3.2901,2.7899,1.5417,-4.2859,-5.1939,-7.5111,-10.587,-5.3084,-1.324,-1.8984,-0.043533,5.4932,8.4988,5.516,0.7433,-1.7019,-1.996,0.27739,0.010519,-0.53358,-0.52917,-0.7614,-2.1673,-3.2504,-3.7932,-5.9098,-5.6306,-7.0277,-11.528,-10.811,-8.4798,-7.4978,-5.6483,-0.4129,3.5579,3.3635,3.5308,3.0149,2.0457,3.5157,3.9393,-0.5887,-6.2486,-3.5836,2.8669,2.7666,2.6553,1.813,-0.84911,-2.9691,-4.3365,-9.538,7.5683,14.035,13.11,7.3588,-2.2969,-8.7846,-5.4518,1.1308,6.0031,6.4487,2.3507,1.7218,1.8551,-1.3911,-1.629,-4.6631,-2.7211,0.19516,0.53417,0.85738,1.1023,3.5183,6.1879,3.8889,1.997,1.6696,-0.65175,-1.9331,-0.17566,-0.48381,-3.3317,-6.3844,-5.202,-1.457,-1.4163,-4.2748,-2.0809,0.25358,-0.20608,0.67041,1.6095,2.1464,2.3483,3.381,4.2807,3.4341,2.7379,2.1298,2.5374,2.9991,3.6365,1.4498,-1.5812,-5.1466,-7.6795,-4.9284,-3.5632,-3.9008,0.3587,5.601,4.7163,2.015,1.0566,2.4609,4.1014
4.486,4.6645,4.2057,3.6252,2.4332,1.5622,3.66,7.8973,13.284,18.013,8.0466,-3.1237,-0.61152,1.4229,-2.1862,-3.0176,-4.6625,-8.3275,-8.2109,-6.2581,-6.2694,-6.5062,-3.494,0.12434,-0.58998,-0.9469,-0.40162,-2.1042,-3.7069,-4.353,-1.0317,3.8721,4.6454,5.202,13.875,21.429,10.425,-2.2354,-5.5626,-2.5198,0.905,2.9556,4.4364,5.6287,4.532,-0.39316,-3.8201,1.1809,3.2408,-4.186,-4.8381,-1.0446,-0.54854,-1.5419,-0.55481,-0.044177,-2.85,-3.8325,-8.3412,-8.7484,1.4679,5.8093,0.76387,3.6981,6.953,3.6766,1.2403,3.2648,3.0498,-0.58398,-1.6899,-1.9152,-2.4235,-1.3069,0.55091,-0.78103,-1.7988,-1.5321,-0.7388,1.8233,5.6168,7.5831,8.7342,7.964,7.1949,5.1573,4.6508,-0.76574,-2.9469,-0.91894,-2.0374,-3.9714,-3.9186,-2.8314,-0.97556,2.0139,4.03,3.4243,2.4021,2.1302,7.8217,7.7608,3.7979,0.094637,-0.22175,-0.98894,-2.2331,-2.2679,-0.32163,7.2075,4.9027,-7.8684,-13.932,-11.767,-6.4859,-4.8755,-7.1897,-6.8686,-2.2699,-0.24308,0.40713,0.98724,1.4891,1.628,0.49399,3.2916,6.9731,5.3698,4.3343,4.7073,5.4802,7.3239,8.289,6.1837,10.279,15.805,15.905,10.342,3.041,-1.2331,-0.83947,1.3081,2.2912,3.8627,5.4181,4.5532,3.535,5.2185,4.3377,-0.648,-4.1022,-3.0237,-1.4237,-0.44875,-4.3316,-8.0622,-7.4793,-8.0076,-7.1917,-4.412,-1.7073,-2.7533,-3.2367,-2.0288,-1.6695,-3.3909,-4.181,-3.3425,-2.6577,-2.6357,-5.236,-3.0473,1.3314,3.8588,4.6924,2.3682,0.77951,0.88907,2.5584,4.1834,3.8128,3.2131,2.4133,1.2555,1.1965,1.3093,3.2302,-0.65972,-7.1976,-8.0608,-6.9648,-4.4653,-1.0213,0.76124,1.4843,1.9137,1.9063,1.4447,0.62331,0.16065
4.2603,4.5208,4.7626,3.748,2.0151,1.3754,-0.29621,-2.0317,-1.886,1.4593,0.53686,-0.037248,2.5453,1.2637,-2.0163,-4.1678,-4.6532,-6.0272,-6.9274,-5.6011,-6.2235,-7.1704,-1.9789,3.3804,0.23331,-2.6348,-1.654,-1.8155,-3.2903,-4.362,-5.7095,-3.4648,-0.42953,-0.73125,1.3115,-0.90787,6.0749,13.469,11.734,7.1922,4.3751,-0.026996,-2.465,1.6583,6.3552,3.1015,1.4944,8.4383,13.948,9.0822,1.3784,3.3252,6.5902,7.0887,4.2417,1.5878,1.4604,1.3622,-2.3662,-3.5261,3.0279,3.4889,1.8339,12.602,18.17,7.3456,-7.3034,-13.483,-8.1385,4.2415,2.3194,-0.69017,-0.21418,0.53214,2.5096,5.1668,3.4838,1.961,1.283,0.16852,-0.4228,0.66939,-0.81733,-2.0852,-2.2973,0.24679,0.15545,-2.2452,-4.5543,-8.2382,-4.3066,-1.1393,-1.5144,-0.25399,0.0063044,-0.22069,3.1855,4.6196,5.573,6.0246,-5.1039,-5.1533,-5.1462,-5.3094,-2.4943,0.12998,-1.5506,-2.2597,-2.1839,-0.84057,-3.6384,-6.4737,-10.181,-12.535,-9.8332,-5.0789,-2.104,-2.5687,-1.181,1.517,0.47999,-1.4641,-3.7111,-3.4187,-2.1308,-5.0813,-5.4711,-0.70153,2.5371,3.0045,2.3292,3.7004,4.614,2.1541,4.5238,-0.32731,8.7076,13.843,12.382,10.886,7.386,1.413,-1.242,3.224,8.1901,8.2914,7.1959,7.1058,4.685,0.28457,-2.4014,1.3341,3.9134,4.006,3.7375,3.1598,2.6181,3.2733,2.5674,1.0767,1.5268,0.79996,0.11491,4.2764,6.5265,2.2206,-3.5821,-3.3071,-2.0144,-12.075,-15.038,-13.891,-11.34,-2.0374,7.1791,5.8319,1.1665,-1.4712,-2.4143,-1.1045,0.33114,-0.077117,0.20519,0.48343,0.013052,1.5508,1.6773,-3.5316,-9.3586,-11.594,-8.6832,-6.108,-3.8502,-1.3728,3.7923,7.6083,7.8562,7.4014,6.4095,5.8115
-1.9205,-1.9954,-1.8288,-2.385,-3.1952,-4.6809,-6.4202,-8.2241,-11.645,-18.542,-21.99,-2.9636,-3.8087,-3.3363,0.1097,2.2305,4.7907,9.1641,11.671,5.9124,-1.6986,-8.0197,-15.361,-12.526,3.1583,11.958,7.3447,2.1953,2.5967,6.1324,6.0529,5.2393,3.4666,2.5022,1.6157,-2.2583,-7.7776,-5.7537,2.0651,2.8758,2.3065,1.0879,-1.1637,-2.981,-3.0769,-2.8541,-2.7716,-2.9925,-2.3966,0.89836,5.5812,6.5599,3.8238,1.2856,0.28345,-0.53632,-0.12185,2.5204,4.122,4.2477,6.2874,9.7613,9.0963,7.5653,2.0695,-4.1821,-6.1894,-5.169,-2.3121,-1.6318,0.30484,1.6259,-1.8199,-5.0234,-0.45583,2.5532,2.6724,2.9134,2.2177,0.11678,-2.7934,-5.4656,-7.7182,-9.5238,-12.025,-12.348,-9.016,-7.5997,-0.19833,4.0923,3.5577,4.286,2.68,1.619,3.6024,4.2153,3.7814,1.1351,-3.28,-4.965,-0.65768,-0.6244,-0.4955,-0.28857,-0.37033,-0.36286,0.072201,0.32687,-0.40152,-3.1133,-16.14,2.1305,10.181,10.375,8.216,6.0026,6.2216,5.9894,3.1587,-0.57906,-1.0732,-0.88598,-0.88638,-3.2763,-1.8221,1.0864,-1.2688,-1.8997,0.22427,2.3585,-0.8915,-5.4323,-8.1013,-9.8098,-13.778,-11.489,3.6484,11.027,11.084,8.44,6.4043,1.5891,-6.1532,-8.1246,-5.8785,-5.0679,-4.065,-1.1394,1.8112,3.2601,4.4868,4.6868,2.4381,0.018454,-2.864,-4.205,-1.9088,-0.0055962,0.6772,4.603,6.4065,3.3968,2.7486,2.646,-0.11009,-3.1793,-3.3601,-2.9051,0.82637,6.5064,7.0241,4.6834,0.86869,-0.78688,1.4312,1.4794,0.32706,0.020532,-0.83516,-1.8028,-3.0961,-3.5492,-2.6002,-1.9767,-1.9954,-4.275,-4.7684,-6.6871,-1.3392,5.1203,6.4676,2.3901,1.2405,1.8859,1.5388,-0.19607,-1.2734,0.35724,2.4471,2.4957
-5.9378,-6.1754,-6.525,-6.6021,-6.1744,-7.2551,-8.5039,-8.9715,-7.8849,-6.0698,9.2176,6.7026,2.7995,4.3154,6.1973,6.1109,5.1338,4.2426,5.1184,6.2398,7.6588,5.1623,-3.5369,-15.416,-19.411,-15.584,-11.475,-7.1154,-3.8138,-3.4961,-3.5615,-4.3584,-1.8976,1.3056,0.33765,0.453,-3.2588,-6.0684,-6.3296,-3.4795,0.63877,1.6145,-0.26274,-1.3233,1.8551,4.8633,1.382,-4.8087,-4.6934,-2.1126,-1.3169,-3.6613,-6.7016,-7.3672,-3.7319,-0.28541,-0.77536,0.62136,4.746,7.9086,5.598,-4.2845,-12.833,-10.897,-5.0723,-0.89677,2.9838,4.7159,4.0964,2.8968,1.956,2.4162,3.7358,5.4802,3.891,-0.041878,0.11382,0.018201,-0.93731,-1.2413,-0.45969,-0.70255,-0.57221,-1.0661,-1.9909,-6.2411,-6.4116,-6.3092,-2.0105,4.8309,7.0968,5.3386,2.6155,2.7355,4.03,7.4871,7.6573,4.1942,2.3037,1.5422,0.29342,0.43121,0.8979,1.0268,0.40757,0.60805,1.5582,2.2688,3.9559,4.4072,21.973,16.033,6.1878,2.3627,2.4786,1.2333,-0.64906,-1.9077,0.040006,1.9143,2.0341,1.7215,2.3479,6.3209,9.8769,7.0755,1.1339,-1.669,-2.2879,-4.355,-7.6921,-12.323,-11.134,-6.8106,-6.066,-1.5795,-5.0861,-4.2307,-6.6905,-12.158,-9.8038,-7.1421,-7.0834,-5.2344,-0.45872,2.7225,1.6491,1.3486,1.0197,2.8863,4.0811,0.03691,-2.2814,-0.52114,1.0339,0.10273,-0.25928,0.97403,2.5208,2.4221,-0.53317,0.14869,-0.56866,-2.9455,0.76057,4.1615,3.3375,2.0685,2.3133,3.3849,5.9946,6.04,0.43022,-4.8108,-3.6731,-2.0942,-1.9541,-2.046,-1.4263,-0.69886,-1.1032,-0.51147,0.14368,-0.41436,0.10495,-0.15142,1.112,1.5659,9.1059,12.225,6.8927,1.8454,-0.68524,-2.1901,-1.6457,-0.36282,-1.2751,-2.5913,-3.5081,-3.8829
-6.3948,-6.6079,-6.8856,-7.0851,-6.9069,-8.025,-9.1789,-9.505,-8.3195,-6.461,9.0914,6.0042,1.0012,1.7703,4.7366,5.8729,4.6524,4.8173,3.357,-2.4745,-3.775,-6.0841,-8.331,-7.0937,-2.5194,-1.1779,-0.20394,0.16912,-1.2393,-1.7235,-0.7472,-0.028993,0.2428,1.5583,-0.23254,-2.2499,-4.7385,-2.5663,2.2832,-0.94566,-2.7644,-1.3101,-2.7375,-0.87435,6.8743,10.175,4.7591,-4.3789,-5.9639,1.417,7.569,4.0836,-0.78743,-0.78115,1.5862,1.8976,1.7789,3.0946,2.9492,0.04979,-6.6923,-8.6397,-5.9695,-4.6303,-5.7235,-2.2469,2.8335,2.4298,-0.43296,-1.9127,-0.4897,-0.64673,-0.74377,1.5468,1.7129,0.96187,2.3523,3.1516,2.4553,2.4647,3.5926,3.0098,2.9905,4.2841,3.9669,5.849,7.8939,2.3395,0.13612,3.3703,4.1526,2.7129,1.3357,-0.62353,-0.008387,0.98691,-0.85767,-3.9192,-5.7112,-5.6432,0.47248,0.61349,1.0887,1.355,0.94289,1.2524,2.2098,2.841,4.4807,4.8976,22.604,17.372,9.1686,7.7062,6.9657,1.0787,-2.9806,-2.072,-0.83056,-0.28237,0.77473,-1.3658,-5.0552,-7.2018,-4.3228,-0.80401,-1.4107,-1.685,-3.614,-4.7319,-3.5829,-3.3944,-2.071,1.4664,-3.7351,4.8024,8.1569,4.6402,0.92115,0.1835,2.9853,4.6538,3.522,1.0635,2.4555,5.0191,2.7634,1.5544,0.88093,2.963,6.0421,3.12,-1.5573,-1.3675,1.5347,3.2274,2.7995,1.9727,1.9531,-0.12577,-3.8517,-6.0688,-1.9221,0.96164,-1.2023,1.9007,5.665,4.7939,4.4631,8.292,11.238,9.9617,4.4808,-0.27014,-1.9028,-1.5707,-0.90797,-0.92239,0.13114,1.306,0.67077,0.10097,-0.39704,0.14761,0.70768,-0.40758,1.6382,0.32604,-1.7692,-2.8534,-1.8232,-0.55428,-2.2902,-4.5512,-3.9144,-3.5313,-7.4615,-10.69,-10.771,-11.053
7.2027,7.0782,7.0575,6.649,6.2614,5.0398,3.529,4.5311,2.823,4.7411,0.40924,-0.24711,3.5451,3.9489,1.0675,-2.4981,-1.8852,-0.96009,-2.7607,-1.1856,1.4548,2.7764,3.4022,2.0632,1.3453,2.6775,4.9537,5.0954,6.8206,9.9926,8.6991,5.8405,3.5022,2.6509,4.5667,-0.25902,-6.7516,-5.3671,-2.7843,-6.1285,-8.6998,-7.2771,-6.1986,-7.0736,-6.4848,-4.4218,-7.4822,-15.857,-16.755,-8.9814,-3.4716,-1.6347,-1.0328,-3.2468,-4.4595,-2.6404,-2.2185,-4.0265,-4.9703,-5.4114,-0.99547,0.81038,-4.9921,-10.941,-12.716,-10.12,-3.6011,-1.0137,-3.3778,-2.6798,-0.6717,0.20878,-0.037116,0.41908,0.94808,-0.38959,0.25166,1.3011,2.074,2.1733,2.2308,2.7994,3.3241,3.0282,2.4254,0.015215,-1.9391,-4.7481,0.596,4.2362,4.1599,4.5057,4.7367,1.3891,-0.48945,6.4929,8.5128,8.1291,8.8244,9.241,-1.9661,-2.0075,-2.0861,-2.5101,-3.3803,-3.0029,-2.0304,-1.076,-0.34555,3.3502,3.2845,10.237,10.555,5.3513,1.9401,0.98321,2.1496,1.9777,-2.387,-4.5981,-3.74,-1.1216,0.2355,-1.4906,-0.45021,2.8277,2.3523,-2.0049,-2.1614,-1.154,-1.8187,-0.87352,-3.2548,1.236,6.9811,-1.6152,-3.9506,-4.347,-3.1972,-0.49291,-2.028,-3.7582,-3.12,-0.87654,2.29,0.52938,-4.5304,-5.0338,-5.7934,-8.7097,-6.2394,-1.7622,-2.2388,-4.9348,-5.1029,-3.5855,-3.5661,-4.5967,-6.4097,-7.8941,1.5842,7.1251,5.5095,1.5395,-1.2375,-0.83719,1.5214,2.0195,1.654,3.3066,4.7331,5.8698,3.6642,0.89458,-0.81495,-2.4246,-2.2756,-1.8075,-1.9293,-1.9835,-2.099,-2.6439,-3.211,-2.3219,-0.96398,-1.7274,-2.129,-6.1822,4.6268,10.897,11.088,8.8562,5.0039,2.4534,0.59098,0.71876,0.22272,-0.89835,-2.1091,-2.7631
3.4772,3.6556,3.8251,4.3633,5.4084,6.3536,8.0962,9.7356,7.1169,9.5751,5.4764,-2.9565,-1.5583,-0.16222,-3.243,-5.0732,-5.095,-4.7252,-1.4762,2.2457,2.6663,-1.3858,-5.5981,-5.5057,-2.165,-0.8975,-2.8139,-2.7856,-2.2884,-2.8555,-3.8715,-4.213,-4.8116,-6.5107,-4.746,-1.9728,33.73,32.912,5.6232,7.8856,8.5914,6.7621,7.0925,5.6457,-5.952,-13.294,-4.0774,11.864,10.813,5.2919,0.74325,-0.43911,0.62193,0.61679,0.028965,-0.49579,-1.7145,-0.85176,-1.0228,-3.1456,-2.382,1.8895,3.1221,3.7626,4.3698,2.6818,0.27383,-9.2668,-19.436,-5.5797,-2.5987,-2.4578,-1.762,-3.0358,-3.22,-1.3174,0.75735,3.7392,5.3124,5.6903,6.2565,5.1821,4.8285,8.5294,11.602,7.2159,9.9329,5.8256,-1.8324,-6.123,-6.7916,-6.3267,-4.1792,-1.3482,-1.7097,-2.4184,0.9594,4.5099,4.6873,4.3928,2.1897,2.1288,2.1226,1.6434,2.0152,2.0572,1.0642,0.93938,0.40452,-0.25437,-4.9999,-12.096,-12.161,-10.289,-8.3835,-4.0228,-0.3296,-2.2855,-1.893,-1.3129,-1.9231,-1.4099,0.67554,1.6858,-0.98148,-0.94852,1.6354,1.62,2.1118,1.5311,-0.12382,-1.6021,-2.8893,-3.4897,0.30115,1.018,12.772,14.42,8.3349,9.8917,9.5339,6.9711,5.3958,2.354,-6.8095,-13.009,-4.7449,1.5916,3.9776,1.0746,-3.0092,-2.9898,-2.5356,-2.3884,-2.552,-1.2054,0.30386,1.3659,3.1217,2.8874,1.4675,0.14814,-0.93282,1.3109,3.1471,1.8246,0.80888,-2.5444,-4.4824,-10.609,-18.296,-10.156,0.36447,2.8935,-0.32629,-1.4356,-0.79771,0.34122,1.8347,2.495,1.5986,4.2013,7.4187,7.0113,7.7357,6.7066,6.9554,-0.049243,-11.299,-14.695,-9.7709,-2.6779,0.74397,1.4325,0.72936,0.073647,0.27135,2.0799,3.1205,2.5617
-0.57375,-0.66157,-0.56952,-0.11981,0.66309,3.3941,5.9122,7.5657,9.8285,4.4874,6.5595,3.5463,-1.1016,-0.19691,1.0515,0.53422,-0.55245,-0.45146,2.4675,3.2902,2.7571,3.6021,2.6085,0.046813,-1.5416,-2.44,-2.1032,-0.46863,0.79464,0.36998,1.6762,2.9401,1.0719,-0.25383,-1.441,-4.971,-10.767,-9.774,-12.507,-10.88,-4.0449,-0.66712,-1.5493,-3.3409,-2.6614,-0.61527,-2.3797,-8.3759,-7.5679,-4.9391,-2.0666,-1.9305,-3.1686,-2.5593,-0.26511,1.0848,-0.60496,-2.7059,-5.5436,-6.5792,-6.7503,-7.5455,-7.7746,-6.134,-4.4,-1.4167,2.1507,2.1038,0.61934,2.0685,1.4575,0.65146,2.077,2.6166,1.6246,2.236,3.4707,3.6046,2.6101,0.097637,-2.1298,-2.2297,-3.241,-2.8751,-1.9095,1.1699,1.2605,2.0053,2.6749,1.7669,1.1001,1.6835,3.3728,2.9868,3.378,6.0265,6.0695,5.416,4.7782,4.0194,-0.2085,-0.19088,-0.094455,-0.44384,-1.4061,-0.45618,1.1843,1.4399,2.5281,1.5271,1.4499,9.8279,11.057,5.02,1.865,-0.93805,-4.6718,-3.9914,-1.3836,-0.51475,-0.32643,0.92769,0.98962,-0.38689,1.3957,2.5361,-0.70027,-1.182,-0.14955,-1.2376,1.287,3.7362,2.1626,4.1734,2.7427,-3.9534,-10.73,-15.943,-15.32,-11.419,-6.2861,-0.32174,0.16433,-1.9262,-1.5143,-1.4502,-4.0337,-3.7681,-3.6085,0.62936,4.7307,0.69614,-3.9417,-2.9756,-0.91007,0.5473,1.5698,1.1369,1.401,2.1639,1.7081,0.044877,-2.6118,-2.0861,0.16545,-0.87074,-1.5182,-0.10596,0.84537,-0.38128,1.0204,5.5354,6.1451,3.4972,0.9302,0.64752,0.72202,0.12865,-0.99616,-0.44824,0.75637,0.54804,0.78127,0.66079,-0.0215,2.0533,3.3491,3.6005,5.0628,3.052,-0.49687,-2.6722,-1.6912,1.033,2.2634,1.6656,0.35447,-0.51152,0.39633,1.8663
4.2586,3.5405,1.8636,-1.1088,-3.6156,-5.6585,-7.4272,-9.1648,-12.235,-18.55,-19.532,-2.9742,-8.0745,-12.549,-4.3749,4.6043,8.0193,12.753,14.558,10.058,2.1737,-0.39973,1.7238,4.1141,3.7512,-0.70212,-4.3608,-3.3702,-2.1437,-1.9629,-1.8712,1.1398,4.5895,2.1362,-0.058821,-4.8772,-10.896,-13.033,-8.75,-1.2958,1.7795,0.99122,-2.6793,-3.5939,1.009,5.4301,2.6326,-3.3349,-2.657,3.5885,7.5247,6.2193,1.6839,-2.9976,-4.7974,-3.5595,0.215,5.6848,9.3454,8.0321,1.065,-2.9019,2.6468,10.095,10.112,7.5269,8.5974,10.799,3.2988,-7.3484,-7.3824,-1.6935,0.89945,-0.14551,1.1177,2.8744,1.874,-0.11453,-2.1684,-2.6868,-2.7157,-3.6175,-4.7943,-6.2715,-7.1047,-7.5104,-10.499,-1.6547,-2.3891,-2.7344,-0.97421,-0.81132,-3.7288,-4.8394,-0.63787,1.501,1.5847,1.1272,1.4301,1.8532,-2.6735,-2.5355,-2.0395,-1.2021,-0.66788,-0.40457,0.073818,0.33746,-0.31273,-2.9481,-15.897,2.512,13.279,17.375,15.323,4.949,2.0288,7.1944,4.1983,0.71533,0.77601,0.7578,0.23227,-0.68462,-2.7376,-4.3747,-5.5794,-4.4647,-1.9058,-4.0366,-7.5128,-7.9135,-8.6972,-9.4084,-8.4336,-16.769,-16.601,-9.2701,-6.1834,-5.8932,-6.831,-8.1136,-10.766,-8.9585,-2.5569,2.0901,1.2145,0.71499,6.3802,9.444,8.7799,8.3989,4.8331,0.22524,-2.0207,-2.88,-1.2855,1.6507,3.173,1.9563,0.48676,2.0064,3.6809,4.4118,3.4004,5.7255,9.09,9.3109,8.5771,13.87,21.053,18.355,8.7093,1.3519,-0.55831,-1.7602,-3.261,-4.1577,-4.543,-4.7221,-4.9411,-4.8714,-4.5436,-4.465,-5.0683,-2.172,-0.77122,7.5419,12.807,10.008,3.4874,-2.8594,-5.3443,-5.5669,-3.44,-2.2894,-2.448,-2.6672,-1.3985,0.17746
0.86143,0.62418,0.26882,-0.27611,-0.53041,-0.80989,-1.3518,-0.49749,-2.4505,-0.82752,1.9335,-7.2227,-7.2345,1.3924,4.6564,2.7311,2.2073,1.6111,-0.12116,-4.9538,-6.2809,-6.1339,-5.9742,-3.3841,-0.58669,0.82514,-0.36011,-2.8595,-5.0817,-5.5472,-3.3376,-1.3608,0.84582,4.0765,2.2857,18.044,23.222,13.814,2.6628,0.31709,0.12017,-0.54206,2.6225,10.715,10.495,1.4589,-4.1874,-5.7408,-5.5688,-2.6986,-1.3386,1.1651,5.4788,5.5796,0.59125,-2.6102,-1.1563,-0.84178,-1.443,-3.7147,-6.409,3.6767,3.8122,-3.3553,2.2591,8.0653,-0.23627,-11.205,-10.296,6.6287,6.2293,5.1629,6.7385,5.1583,0.89906,0.51081,2.1799,3.5905,2.9253,2.067,1.9183,0.87206,1.4568,3.9895,4.8213,5.6328,3.8421,-1.8803,-6.2122,-9.4746,-5.07,-1.4366,-1.3205,0.17276,-0.71654,-3.5491,-2.1315,-1.7186,-2.7737,-3.0867,-0.73432,-0.67768,-0.45358,-0.45215,-1.0006,-0.40996,0.64298,0.80604,0.65786,0.98924,4.2436,-0.14109,-2.4083,-5.4118,-12.471,-10.849,-0.035293,3.5541,1.9266,-0.92507,-2.2929,-1.8135,-0.44756,-0.024219,-2.672,-0.95735,4.1553,3.5237,3.1985,2.6054,2.6062,1.3702,-0.054144,-0.04488,-5.2464,8.4966,11.696,12.415,8.9927,4.7314,1.7984,0.17028,2.2701,7.0743,8.8322,3.8495,0.1836,2.6536,2.7245,-1.4152,-3.7147,-0.97285,2.8912,2.8382,1.3959,-0.8535,-2.3987,-1.8334,-2.8049,-5.1629,-6.8742,0.91224,5.3558,3.4238,4.4488,4.3315,2.3358,1.2522,0.075111,-15.312,-16.731,-4.5118,3.8969,2.2667,0.084391,0.2367,0.81735,0.88722,1.8356,2.845,2.1967,1.6769,1.1279,1.3174,1.534,0.3066,-1.3829,-7.728,-14.343,-15.589,-12.653,-8.5076,-3.6219,-0.34893,1.5581,2.5282,2.9323,3.2892,3.1416,2.9037
-1.3546,-1.1762,-1.3955,-1.2391,-1.2918,-1.3946,-0.25334,-0.58941,0.83637,-0.40999,6.3328,0.77684,-3.9545,-1.6401,2.3032,4.0808,3.4126,1.1708,1.5983,3.6908,5.997,5.3076,4.5163,2.3162,-3.5679,-7.5409,-6.7354,-0.36633,5.7275,5.3282,3.5118,1.2657,0.68531,1.2849,-0.50587,-4.0446,-9.5162,-8.5231,-6.8236,-2.6965,3.0583,3.3623,-0.44764,-1.8159,1.4122,3.3634,-0.87314,-8.1519,-9.9954,-7.9742,-3.1999,-1.0919,-3.4924,-5.1395,-3.215,-1.7413,-4.3535,-5.8142,-4.4358,-2.9977,-4.2015,-2.6783,1.6846,3.2499,-9.8109,-17.973,-2.9424,4.6125,-2.9298,-0.11789,2.9795,3.2132,4.3323,0.82908,-4.2377,-2.2135,-0.80313,-0.49781,-0.69103,0.17885,-0.85307,-1.5756,-0.53519,0.24026,0.98891,0.27318,1.0831,-1.9603,2.9146,6.4464,5.7879,3.1385,0.051828,0.067005,0.2976,1.935,1.6134,-1.4962,-3.2129,-3.426,2.3838,2.3229,2.6061,2.4294,1.9486,1.0715,-0.012091,-0.39372,1.0872,1.7284,18.871,18.797,12.391,9.6777,9.1702,6.8842,1.1605,-3.018,-2.3278,-1.61,-1.116,-1.3389,-0.162,1.4378,1.6531,1.2535,-2.0979,-4.85,-5.7896,-7.277,-4.7081,-2.4931,-0.63791,3.0071,-2.1944,-5.3015,-9.0893,-14.303,-9.566,-2.6297,0.65368,0.70624,-3.0875,-4.7588,-2.189,0.64588,-0.40284,-0.74298,-1.671,-0.92051,1.6694,0.97953,-0.40214,-0.03716,-0.16098,-2.0888,-3.5666,-4.1183,-3.863,-3.5966,-4.4453,-0.29896,3.6186,2.4035,-3.4811,-7.263,1.0825,4.3824,3.9106,3.5636,1.3815,3.457,3.7626,0.8503,-2.7546,-2.5183,-1.7732,-0.28245,0.78185,0.50899,-0.0055967,-0.23923,-0.64929,-0.64037,-0.25495,-0.66788,-0.013342,-3.6096,2.4093,7.4203,6.5323,3.63,1.4989,-0.41545,-1.6395,-1.809,-1.9876,-2.0136,-2.3134,-2.5708
0.65154,0.82996,1.9428,3.4226,5.5862,7.7831,9.4601,10.877,8.0975,8.7506,6.0222,1.5879,-1.7238,-5.5685,-3.6338,-0.46469,0.40097,-0.052414,-3.3595,-1.9424,1.0389,1.2124,0.81949,1.8509,1.7672,-2.3406,-6.9202,-5.2349,-1.8984,-1.9787,-2.7146,-0.56324,1.9511,2.0036,6.2847,6.8594,32.902,27.112,7.6081,-5.5094,-9.4162,-3.5123,7.4611,4.7705,-1.8215,-1.6885,1.216,2.9859,4.8872,-4.2053,-9.699,-7.1986,-2.9031,-0.61404,-2.497,-3.9176,-2.9725,-2.6611,-0.39278,0.10786,1.1636,4.3862,5.375,2.1334,-4.9869,-14.121,-15.61,-3.0838,8.1631,5.4846,5.341,7.8126,9.659,3.8069,-4.8064,-0.92889,-1.8267,-3.7349,-3.1582,-3.3377,-2.3516,-0.3797,1.3386,3.0866,4.8856,5.1559,5.7908,0.29371,-1.7052,-2.0829,-4.5934,-4.9882,-1.8564,2.4572,3.9833,0.17286,-4.2166,-4.8269,-2.633,-1.0596,1.4834,1.4225,1.216,0.52806,0.72191,0.56336,-0.60572,-1.0898,-1.8153,-6.5069,-14.794,-19.708,-20.742,-16.02,-10.308,-4.634,0.58244,0.54808,-0.83632,0.52776,-0.11948,-1.496,-0.3094,0.44123,-1.5511,-2.6264,-2.1273,-1.5618,-1.3284,-2.8404,-5.3471,-3.911,-1.4517,-3.1893,3.1273,0.32968,14.439,29.702,20.567,0.24172,-3.5519,1.3627,9.7487,8.5599,-0.36835,-6.6597,-3.8047,-1.877,-1.6399,-2.2175,-5.1217,-5.6576,-1.4394,1.4731,3.1395,0.56584,-3.1935,-2.4767,-1.5523,-2.0539,2.1775,4.7961,3.8211,4.1225,1.1585,-8.7712,-14.089,-5.732,-3.2455,-2.4208,4.6403,12.883,9.607,1.8528,-1.7244,0.78957,0.2677,-0.069047,0.29241,-1.0044,-2.3921,-2.8525,-3.3919,-2.5069,-0.91842,-0.51703,2.4502,0.040404,-2.105,-0.15888,2.5082,3.5898,2.5056,3.129,2.5248,-0.59088,-1.5005,0.73037,2.1074,1.491
0.24822,0.3022,0.81778,1.1164,1.2499,2.5909,3.6169,5.1965,7.9204,3.4424,7.8328,4.2399,-0.94643,-0.37468,0.66076,-0.73264,-1.3895,-2.2418,-1.7146,2.3458,5.5366,5.1721,6.5547,8.0255,8.9848,9.5487,8.8501,3.7059,-0.2328,-0.41884,-0.10611,2.0681,4.3618,2.7547,6.2278,13.079,8.5876,3.9122,0.28547,-4.1198,-7.1118,-7.4907,-2.2725,0.4937,-10.939,-17.812,-9.4334,0.77372,-0.0020776,1.0359,3.5594,3.0121,1.5724,1.6208,1.6797,1.3577,1.8283,1.8865,0.88084,0.5811,9.8348,26.819,36.629,-20.479,-23.977,13.178,4.4774,-8.8796,-17.691,-15.594,-8.8636,-10.767,-11.132,-8.0116,-1.4217,4.0522,5.9722,7.1144,7.9862,8.7227,9.2245,9.7587,11.396,15.079,17.832,13.114,9.7163,2.3769,-5.1276,-8.6597,-11.97,-5.8192,1.6258,2.9273,-1.8379,-9.5202,-7.8029,-3.4228,-1.5914,-1.4965,-1.1623,-1.1943,-1.2523,-1.5181,-2.1771,-0.28825,2.4031,3.0689,5.0178,4.7147,8.9528,4.3419,-2.0645,-5.4892,-4.6036,-2.7939,-2.4716,-2.259,-0.51712,-2.0201,-4.1145,-4.3462,-4.4934,-5.0773,-0.071956,5.5636,2.2811,2.8689,4.2193,5.101,3.5755,2.5306,1.5882,-4.3144,7.9306,13.225,8.3175,4.2367,1.9987,-0.35059,-5.7837,-6.9643,3.5761,9.7586,2.0559,-3.824,1.2993,4.2053,4.0118,0.61815,-1.5705,-0.76633,-0.019519,-0.15802,2.5326,5.8354,5.5968,4.2141,3.8483,2.5612,6.7433,4.195,-3.0272,-13.567,-10.41,5.7721,3.0794,0.89371,5.1483,6.7639,-7.157,-13.4,-15.627,-12.007,-4.6386,-0.19088,0.36908,-0.11128,-1.0822,-2.2706,-3.4748,0.83399,6.2635,5.7818,6.299,5.0886,3.406,-6.2086,-16.354,-17.506,-11.695,-6.4329,-1.9851,0.24305,-2.0058,-2.5258,-1.4351,-1.3118,-1.9069,-2.2686
